{"type":"FeatureCollection","features":[{"type":"Feature","properties":{"nome":"Anglona","limiti_indicativi":true,"fonte":"GeoNue/Nordai — Esercitazione 3, regioni_storiciche"},"geometry":{"type":"MultiPolygon","coordinates":[[[[8.71075,40.81989],[8.70554,40.81945],[8.7032,40.82072],[8.70125,40.82111],[8.6977,40.8212],[8.69676,40.82152],[8.69765,40.82328],[8.69825,40.8239],[8.69777,40.82523],[8.6957,40.82601],[8.69433,40.82581],[8.69285,40.82646],[8.69184,40.82618],[8.69119,40.82628],[8.69148,40.82663],[8.69111,40.82698],[8.69151,40.82957],[8.69116,40.83006],[8.69022,40.8299],[8.68775,40.83026],[8.68612,40.82973],[8.68303,40.83141],[8.67959,40.83087],[8.67844,40.83136],[8.67792,40.83116],[8.67549,40.83169],[8.67551,40.83251],[8.6749,40.83255],[8.67138,40.83434],[8.67043,40.83661],[8.66942,40.83701],[8.66668,40.83896],[8.66509,40.83907],[8.66532,40.84009],[8.66517,40.84107],[8.66337,40.84245],[8.66297,40.84694],[8.66218,40.84798],[8.66231,40.84849],[8.66143,40.84906],[8.66036,40.84902],[8.66042,40.85002],[8.65818,40.85242],[8.65797,40.85369],[8.65839,40.85555],[8.65987,40.85867],[8.66573,40.86564],[8.65941,40.86878],[8.65735,40.86936],[8.65212,40.8719],[8.64628,40.8743],[8.64525,40.87451],[8.64218,40.87672],[8.64018,40.87718],[8.63833,40.87661],[8.63619,40.87676],[8.63586,40.87692],[8.63549,40.87766],[8.63475,40.87801],[8.63423,40.87778],[8.63382,40.87825],[8.63234,40.87772],[8.63074,40.87807],[8.63049,40.87822],[8.63129,40.87903],[8.63082,40.87954],[8.63089,40.87996],[8.6314,40.88012],[8.63201,40.87986],[8.63187,40.88046],[8.63226,40.8811],[8.63215,40.88037],[8.63294,40.88036],[8.63262,40.88128],[8.63188,40.88127],[8.63303,40.88207],[8.63315,40.88259],[8.63428,40.88232],[8.63571,40.88255],[8.63636,40.88309],[8.63769,40.8833],[8.6389,40.88455],[8.63995,40.88476],[8.63973,40.88515],[8.64048,40.88543],[8.64136,40.88507],[8.64213,40.88651],[8.64251,40.88664],[8.64259,40.8873],[8.64347,40.88733],[8.64386,40.88758],[8.64452,40.88744],[8.64578,40.88781],[8.64642,40.88861],[8.64658,40.88926],[8.6474,40.88993],[8.64763,40.89078],[8.64987,40.89201],[8.65071,40.89214],[8.65197,40.89156],[8.65281,40.89153],[8.65573,40.89315],[8.65616,40.89383],[8.65707,40.8937],[8.65733,40.89405],[8.65791,40.89411],[8.65797,40.8944],[8.6575,40.89478],[8.65794,40.89478],[8.65772,40.89498],[8.65917,40.89444],[8.66199,40.89433],[8.66247,40.89475],[8.66295,40.89595],[8.66468,40.89643],[8.66517,40.89724],[8.66547,40.89669],[8.66615,40.8964],[8.66911,40.89655],[8.67037,40.89775],[8.67057,40.89854],[8.67215,40.89828],[8.67247,40.89858],[8.6735,40.89842],[8.6738,40.89902],[8.67492,40.89898],[8.67652,40.90022],[8.67841,40.90079],[8.67907,40.90136],[8.68209,40.90287],[8.68262,40.90279],[8.68403,40.90322],[8.68464,40.90365],[8.68488,40.90421],[8.6856,40.90465],[8.68722,40.90544],[8.68835,40.90564],[8.68901,40.90641],[8.68975,40.90655],[8.69032,40.90712],[8.69081,40.90723],[8.69104,40.90805],[8.69095,40.90878],[8.69136,40.90964],[8.69415,40.91133],[8.69478,40.9119],[8.69496,40.91263],[8.69656,40.9131],[8.6978,40.91281],[8.69833,40.91367],[8.69966,40.91468],[8.70112,40.91463],[8.702,40.91535],[8.70241,40.91534],[8.70121,40.91413],[8.69997,40.91452],[8.69969,40.91427],[8.70032,40.91384],[8.69963,40.91419],[8.6993,40.91389],[8.70001,40.9135],[8.69926,40.91384],[8.69838,40.91302],[8.69924,40.91258],[8.69991,40.91275],[8.70025,40.91256],[8.70074,40.91303],[8.70046,40.91248],[8.70204,40.91205],[8.70304,40.91207],[8.70375,40.91247],[8.70328,40.91327],[8.70351,40.91365],[8.70319,40.91397],[8.70329,40.91416],[8.70288,40.91419],[8.70316,40.91438],[8.70421,40.91399],[8.70506,40.91454],[8.70724,40.91385],[8.70804,40.91388],[8.70789,40.91424],[8.70692,40.91454],[8.70839,40.91436],[8.70869,40.91554],[8.71048,40.91706],[8.7109,40.91815],[8.71192,40.91882],[8.71313,40.91856],[8.71281,40.91786],[8.71538,40.9177],[8.71533,40.91734],[8.71599,40.91637],[8.71639,40.914],[8.71724,40.91335],[8.71829,40.91306],[8.72227,40.91303],[8.72386,40.91277],[8.72363,40.9131],[8.72431,40.91315],[8.72539,40.91301],[8.72586,40.91255],[8.72697,40.91263],[8.72902,40.91327],[8.72991,40.91493],[8.731,40.91511],[8.73166,40.91582],[8.73248,40.91598],[8.73249,40.91638],[8.73329,40.91694],[8.73485,40.91641],[8.73587,40.91662],[8.73603,40.91692],[8.73764,40.91705],[8.73799,40.91677],[8.73784,40.91593],[8.73832,40.91566],[8.7388,40.91587],[8.73855,40.91634],[8.73879,40.91691],[8.73863,40.9172],[8.73915,40.91767],[8.7406,40.91821],[8.74134,40.91812],[8.74163,40.91843],[8.74258,40.91837],[8.74398,40.91915],[8.74481,40.91887],[8.74578,40.91724],[8.74752,40.91654],[8.74854,40.91658],[8.75,40.91713],[8.75401,40.91784],[8.75672,40.91781],[8.75743,40.91763],[8.75816,40.91663],[8.75919,40.91613],[8.76134,40.91561],[8.76236,40.91582],[8.76574,40.9178],[8.76631,40.91769],[8.76754,40.91614],[8.76871,40.91598],[8.7708,40.9163],[8.77917,40.91891],[8.78226,40.91916],[8.78472,40.92031],[8.78931,40.92176],[8.79051,40.92261],[8.79134,40.9228],[8.79231,40.9237],[8.79316,40.92402],[8.79484,40.92525],[8.79786,40.92794],[8.80112,40.92989],[8.80267,40.9313],[8.80538,40.93294],[8.80636,40.93323],[8.80769,40.93324],[8.80851,40.93294],[8.80982,40.93304],[8.81362,40.93455],[8.81512,40.93468],[8.81787,40.93622],[8.82303,40.94078],[8.82477,40.94202],[8.82726,40.94316],[8.82783,40.94365],[8.83093,40.94489],[8.83115,40.94559],[8.83043,40.94712],[8.83048,40.94764],[8.83229,40.94894],[8.83268,40.94863],[8.83217,40.94762],[8.83384,40.94737],[8.83464,40.94671],[8.83567,40.94665],[8.83754,40.94752],[8.83751,40.94659],[8.83869,40.94536],[8.84008,40.94523],[8.84063,40.94439],[8.84267,40.94453],[8.84301,40.94545],[8.84385,40.94574],[8.84453,40.94439],[8.84634,40.94428],[8.84864,40.94338],[8.85021,40.94326],[8.8506,40.94285],[8.85049,40.94167],[8.85069,40.94158],[8.85189,40.94165],[8.8528,40.94137],[8.85412,40.94203],[8.85566,40.94121],[8.85672,40.94128],[8.85702,40.94061],[8.85661,40.93989],[8.85664,40.93895],[8.85751,40.93827],[8.85892,40.93827],[8.86031,40.93921],[8.86251,40.93926],[8.86358,40.93842],[8.86669,40.93722],[8.86828,40.93555],[8.87114,40.93479],[8.87412,40.93291],[8.8746,40.92945],[8.87379,40.9278],[8.87272,40.92386],[8.87261,40.92237],[8.87137,40.92055],[8.86993,40.91949],[8.86987,40.91881],[8.87024,40.91798],[8.86993,40.91724],[8.8693,40.91665],[8.86863,40.91682],[8.86832,40.91656],[8.86844,40.91542],[8.86999,40.91307],[8.87045,40.91255],[8.87188,40.9119],[8.87301,40.91202],[8.8787,40.91113],[8.88137,40.91122],[8.8841,40.91227],[8.88469,40.91216],[8.88588,40.91143],[8.88674,40.91045],[8.8873,40.90907],[8.88727,40.90729],[8.88662,40.90663],[8.88665,40.90632],[8.88805,40.9049],[8.89077,40.90384],[8.8939,40.90152],[8.89834,40.9004],[8.89997,40.90044],[8.90091,40.90002],[8.90156,40.8983],[8.90099,40.89549],[8.89921,40.89369],[8.8986,40.89266],[8.8961,40.89055],[8.89539,40.88786],[8.89617,40.88636],[8.90062,40.8819],[8.90345,40.87706],[8.90112,40.87608],[8.9,40.87521],[8.89964,40.87412],[8.89698,40.87321],[8.89623,40.87185],[8.89643,40.87034],[8.89747,40.86755],[8.90062,40.86403],[8.9031,40.86235],[8.9032,40.8612],[8.90294,40.86008],[8.90315,40.85952],[8.90636,40.85565],[8.90731,40.85517],[8.90847,40.85521],[8.9113,40.85714],[8.91235,40.85721],[8.91593,40.8555],[8.91719,40.85423],[8.91756,40.85331],[8.92003,40.85167],[8.9214,40.85104],[8.92348,40.8509],[8.92464,40.84979],[8.92541,40.84962],[8.92713,40.85032],[8.92823,40.8524],[8.92822,40.85462],[8.92918,40.85547],[8.93029,40.85575],[8.9322,40.85562],[8.93305,40.85532],[8.93334,40.85485],[8.93395,40.85453],[8.93559,40.85466],[8.93754,40.85525],[8.93816,40.85679],[8.93856,40.85719],[8.93771,40.85979],[8.93831,40.86083],[8.93909,40.86142],[8.94158,40.86206],[8.94743,40.86262],[8.94925,40.86328],[8.9508,40.86463],[8.9505,40.86617],[8.95088,40.86669],[8.95399,40.86648],[8.95576,40.86664],[8.95807,40.86622],[8.9596,40.86504],[8.96093,40.86082],[8.96205,40.85919],[8.96452,40.859],[8.96641,40.8596],[8.96723,40.86009],[8.96732,40.86111],[8.96789,40.8616],[8.96998,40.86246],[8.97128,40.86262],[8.97225,40.86257],[8.97605,40.8605],[8.977,40.86023],[8.98031,40.85559],[8.98072,40.85451],[8.98073,40.8529],[8.98113,40.85099],[8.9835,40.85035],[8.98497,40.8503],[8.98829,40.84813],[8.99102,40.8456],[8.9934,40.84244],[8.99403,40.84199],[8.99507,40.84178],[8.99698,40.84234],[8.99783,40.84429],[8.99769,40.84558],[8.99815,40.84605],[8.99924,40.84636],[9.00252,40.84635],[9.00395,40.84562],[9.00825,40.84639],[9.00904,40.84587],[9.00971,40.8444],[9.00966,40.84384],[9.00893,40.84295],[9.00876,40.84159],[9.00814,40.84106],[9.00702,40.84083],[9.00463,40.84112],[9.00148,40.84057],[8.99805,40.83962],[8.99679,40.83896],[8.99657,40.8379],[8.99668,40.83686],[8.99731,40.83531],[8.99946,40.83294],[9.00016,40.83174],[9.00063,40.83146],[9.00058,40.83075],[9.00159,40.82931],[9.00373,40.8282],[9.0046,40.82735],[9.00734,40.82552],[9.00785,40.82455],[9.00741,40.82381],[9.00663,40.82347],[9.0044,40.82332],[9.00023,40.82235],[8.99951,40.8224],[8.99859,40.82194],[8.99548,40.82014],[8.99373,40.81853],[8.99224,40.81761],[8.98901,40.81456],[8.9876,40.81192],[8.98798,40.81035],[8.98871,40.80887],[8.98957,40.80802],[8.99046,40.80778],[8.99255,40.80768],[8.99373,40.8079],[8.99377,40.80683],[8.99423,40.80562],[8.99373,40.80444],[8.99395,40.8039],[8.99343,40.80325],[8.99308,40.80143],[8.99337,40.80057],[8.99092,40.79967],[8.9908,40.79918],[8.9911,40.79829],[8.98961,40.79594],[8.9887,40.79513],[8.98798,40.79501],[8.98574,40.79533],[8.98731,40.79619],[8.98758,40.79665],[8.98464,40.7979],[8.98391,40.79765],[8.98142,40.79546],[8.98032,40.79392],[8.97964,40.79233],[8.97905,40.79169],[8.97755,40.79078],[8.97839,40.78909],[8.98017,40.7866],[8.97629,40.78304],[8.97524,40.78146],[8.97552,40.78062],[8.9753,40.77983],[8.9724,40.77869],[8.96861,40.77631],[8.9676,40.77357],[8.96704,40.77272],[8.96569,40.77166],[8.96402,40.7693],[8.96076,40.76779],[8.95993,40.76785],[8.95797,40.76721],[8.95657,40.76628],[8.95518,40.76576],[8.9552,40.76526],[8.9565,40.76428],[8.95574,40.76248],[8.95148,40.74899],[8.9501,40.74686],[8.94654,40.74347],[8.94626,40.74282],[8.94671,40.74171],[8.94541,40.74126],[8.94505,40.7405],[8.94394,40.74083],[8.9425,40.7401],[8.94229,40.73957],[8.94245,40.73804],[8.94128,40.73626],[8.94096,40.73476],[8.94001,40.73399],[8.93921,40.73265],[8.93825,40.73204],[8.93671,40.72986],[8.93575,40.72917],[8.93427,40.72905],[8.93097,40.72686],[8.92863,40.72601],[8.92714,40.72475],[8.92635,40.72451],[8.92392,40.72536],[8.92319,40.72466],[8.92258,40.72456],[8.922,40.72374],[8.91912,40.72303],[8.91797,40.7216],[8.9178,40.72081],[8.91663,40.71999],[8.91344,40.71888],[8.91134,40.71775],[8.91015,40.71772],[8.90873,40.71692],[8.90164,40.7148],[8.90012,40.71506],[8.89849,40.71435],[8.8971,40.7149],[8.89662,40.71481],[8.89438,40.71332],[8.89349,40.71302],[8.8932,40.71327],[8.88942,40.71394],[8.889,40.71289],[8.88623,40.71145],[8.88462,40.7118],[8.88421,40.71159],[8.88393,40.71032],[8.88251,40.70767],[8.87771,40.70577],[8.87375,40.70546],[8.87167,40.70576],[8.86768,40.70541],[8.86691,40.70492],[8.86568,40.70358],[8.86486,40.7035],[8.8648,40.70309],[8.86277,40.70059],[8.85777,40.69934],[8.85645,40.70007],[8.85623,40.70093],[8.8531,40.70194],[8.85173,40.70207],[8.8523,40.69926],[8.85211,40.69869],[8.85268,40.69782],[8.85254,40.6968],[8.85361,40.69533],[8.85466,40.69447],[8.85461,40.69362],[8.855,40.69271],[8.85487,40.69055],[8.85547,40.6896],[8.85552,40.68843],[8.8561,40.68873],[8.85647,40.68765],[8.85649,40.68665],[8.85598,40.68579],[8.85643,40.6846],[8.85607,40.68301],[8.85683,40.68243],[8.85697,40.68175],[8.85655,40.68035],[8.85659,40.67955],[8.85731,40.67798],[8.85926,40.67558],[8.85902,40.67489],[8.86005,40.67391],[8.85981,40.67279],[8.85864,40.67178],[8.85873,40.67062],[8.85847,40.67015],[8.85702,40.66933],[8.85654,40.6687],[8.85634,40.66688],[8.85604,40.66649],[8.85749,40.6657],[8.85748,40.66526],[8.85637,40.66444],[8.85638,40.66375],[8.85557,40.66246],[8.85581,40.66038],[8.8552,40.66012],[8.85393,40.66024],[8.85278,40.65989],[8.85081,40.6601],[8.84933,40.66134],[8.847,40.66091],[8.84342,40.66105],[8.84166,40.66143],[8.84049,40.662],[8.83868,40.6614],[8.83798,40.6616],[8.83668,40.66252],[8.83593,40.6622],[8.83548,40.66264],[8.83218,40.66271],[8.83172,40.66337],[8.83096,40.66355],[8.83077,40.66476],[8.83142,40.66489],[8.83145,40.66546],[8.83287,40.66602],[8.83342,40.66708],[8.82964,40.66797],[8.82647,40.66912],[8.82518,40.66919],[8.8233,40.67009],[8.82331,40.67157],[8.82457,40.67353],[8.8259,40.67472],[8.82418,40.67682],[8.82404,40.67729],[8.82348,40.67755],[8.82291,40.67961],[8.823,40.68046],[8.82114,40.68251],[8.82101,40.68301],[8.81613,40.68385],[8.81429,40.68495],[8.81434,40.68535],[8.81556,40.68593],[8.81608,40.68707],[8.81593,40.68837],[8.81466,40.68902],[8.81683,40.69012],[8.81725,40.69102],[8.81827,40.69164],[8.81973,40.69462],[8.82109,40.69589],[8.81937,40.69809],[8.81834,40.69902],[8.81805,40.69999],[8.81824,40.70045],[8.81748,40.70352],[8.81413,40.70317],[8.81382,40.70326],[8.81414,40.70422],[8.81152,40.70475],[8.80797,40.70394],[8.80515,40.70423],[8.80339,40.70483],[8.80218,40.70456],[8.80087,40.70491],[8.79939,40.70602],[8.79646,40.70674],[8.79378,40.70702],[8.78663,40.70888],[8.7841,40.70872],[8.78389,40.70997],[8.78419,40.71156],[8.7837,40.71283],[8.78256,40.71459],[8.7817,40.71959],[8.78003,40.72221],[8.77776,40.72492],[8.77712,40.72655],[8.7764,40.72666],[8.76949,40.72497],[8.76752,40.72738],[8.76818,40.73098],[8.76725,40.73193],[8.76549,40.73192],[8.76408,40.73162],[8.76265,40.73051],[8.76059,40.7299],[8.76034,40.72912],[8.75944,40.72855],[8.75781,40.72915],[8.75596,40.73072],[8.75573,40.73143],[8.75355,40.73198],[8.75307,40.73619],[8.75332,40.73733],[8.75123,40.74008],[8.75116,40.75166],[8.75035,40.75139],[8.74974,40.75062],[8.74859,40.75001],[8.74551,40.75072],[8.73937,40.75002],[8.73731,40.75022],[8.73598,40.74997],[8.73389,40.75097],[8.73273,40.75114],[8.73102,40.75405],[8.72644,40.75676],[8.72468,40.75664],[8.72173,40.75759],[8.72152,40.75825],[8.72236,40.76135],[8.72353,40.76213],[8.72393,40.76515],[8.72319,40.76578],[8.72398,40.76664],[8.7224,40.76861],[8.72151,40.76884],[8.72042,40.77136],[8.71902,40.77329],[8.72044,40.77366],[8.72025,40.77385],[8.72102,40.77526],[8.72025,40.77548],[8.71888,40.7754],[8.7178,40.77883],[8.71764,40.78003],[8.71613,40.78343],[8.71526,40.79114],[8.71471,40.79266],[8.71421,40.7963],[8.71287,40.79669],[8.71258,40.79712],[8.71286,40.79757],[8.71165,40.79803],[8.71115,40.79997],[8.7133,40.80084],[8.71391,40.80061],[8.71483,40.8009],[8.7138,40.80297],[8.71309,40.803],[8.71295,40.80338],[8.71342,40.80406],[8.71308,40.80513],[8.71465,40.8058],[8.71493,40.80631],[8.71399,40.80686],[8.71391,40.80747],[8.71525,40.80819],[8.7153,40.8086],[8.71489,40.80927],[8.71329,40.80988],[8.71303,40.81271],[8.71342,40.81437],[8.71252,40.81604],[8.71285,40.81689],[8.71183,40.81866],[8.71109,40.81915],[8.71075,40.81989]]],[[[8.66225,40.89674],[8.66283,40.89715],[8.66281,40.89658],[8.66225,40.89674]]],[[[8.71011,40.91919],[8.71028,40.91943],[8.7107,40.91914],[8.7105,40.91898],[8.71011,40.91919]]]]}},{"type":"Feature","properties":{"nome":"Baronie","limiti_indicativi":true,"fonte":"GeoNue/Nordai — Esercitazione 3, regioni_storiciche"},"geometry":{"type":"MultiPolygon","coordinates":[[[[9.52897,40.42832],[9.53101,40.43105],[9.53268,40.43241],[9.54031,40.43778],[9.54325,40.44021],[9.54543,40.44085],[9.54828,40.44343],[9.54805,40.44358],[9.54838,40.44394],[9.55127,40.44522],[9.55312,40.44737],[9.55421,40.44795],[9.55723,40.45181],[9.55976,40.45349],[9.56173,40.45435],[9.56261,40.45567],[9.56481,40.45754],[9.56539,40.45861],[9.56671,40.45951],[9.5673,40.46117],[9.56898,40.46294],[9.57438,40.46641],[9.57615,40.4688],[9.57983,40.47164],[9.58161,40.47397],[9.58238,40.47455],[9.58433,40.47779],[9.59158,40.48822],[9.59463,40.49059],[9.60105,40.49694],[9.60413,40.49961],[9.59864,40.50399],[9.59312,40.50996],[9.58987,40.51108],[9.58807,40.51142],[9.58653,40.5135],[9.58509,40.51464],[9.58379,40.51506],[9.57967,40.51717],[9.57709,40.51552],[9.5672,40.5187],[9.55921,40.52173],[9.55176,40.52391],[9.55,40.52489],[9.5446,40.52902],[9.54266,40.52956],[9.54226,40.52995],[9.54199,40.5314],[9.54138,40.53173],[9.53781,40.53143],[9.53534,40.53247],[9.53475,40.53153],[9.53395,40.53125],[9.53324,40.53167],[9.53385,40.53304],[9.53284,40.53391],[9.53206,40.53367],[9.53103,40.53278],[9.53034,40.5328],[9.52787,40.53427],[9.52647,40.53413],[9.5261,40.53435],[9.52575,40.53557],[9.52409,40.53513],[9.5239,40.53547],[9.52512,40.53866],[9.52457,40.53876],[9.52364,40.53833],[9.5232,40.53855],[9.5234,40.53915],[9.52481,40.53984],[9.52356,40.54057],[9.52347,40.5411],[9.52531,40.5419],[9.52421,40.54304],[9.52267,40.54294],[9.52199,40.54325],[9.52242,40.54379],[9.52401,40.54426],[9.52378,40.54447],[9.52238,40.5447],[9.52143,40.54516],[9.52099,40.54495],[9.52079,40.54395],[9.51861,40.54453],[9.51809,40.54426],[9.51791,40.5438],[9.51809,40.54347],[9.51896,40.54322],[9.51895,40.54301],[9.51732,40.54175],[9.51694,40.54186],[9.5164,40.54267],[9.51611,40.54268],[9.51447,40.5418],[9.51359,40.54184],[9.51344,40.54256],[9.51365,40.543],[9.51148,40.54371],[9.51099,40.5416],[9.51077,40.54148],[9.50971,40.54231],[9.50874,40.54263],[9.50741,40.54259],[9.50619,40.54203],[9.506,40.54228],[9.50621,40.54301],[9.50586,40.5433],[9.50512,40.54319],[9.50492,40.544],[9.50307,40.54559],[9.50468,40.54658],[9.50498,40.5458],[9.50588,40.54555],[9.50639,40.54618],[9.50622,40.54718],[9.50759,40.54768],[9.50604,40.54774],[9.50568,40.54802],[9.50546,40.5488],[9.50453,40.54881],[9.50371,40.54924],[9.50301,40.54899],[9.50255,40.54823],[9.50197,40.54826],[9.50184,40.54898],[9.50397,40.55034],[9.50364,40.55058],[9.50268,40.5506],[9.50237,40.55096],[9.50055,40.55394],[9.49999,40.55529],[9.50037,40.55594],[9.50219,40.55567],[9.50431,40.5544],[9.50522,40.55559],[9.50502,40.55861],[9.50391,40.559],[9.50318,40.55962],[9.50222,40.56098],[9.50001,40.56156],[9.49949,40.56278],[9.49837,40.56349],[9.49541,40.56236],[9.49327,40.56182],[9.49284,40.56202],[9.49332,40.56391],[9.49567,40.56477],[9.49736,40.56681],[9.49754,40.56763],[9.49788,40.56797],[9.49929,40.56806],[9.50097,40.56761],[9.50272,40.56799],[9.50258,40.56893],[9.50161,40.56988],[9.50091,40.56993],[9.49916,40.56933],[9.49743,40.57004],[9.49671,40.57099],[9.49654,40.57184],[9.49686,40.57219],[9.49824,40.57196],[9.49893,40.57216],[9.50136,40.57404],[9.50179,40.57449],[9.50182,40.5749],[9.50087,40.57569],[9.50115,40.57709],[9.5015,40.57742],[9.50296,40.57762],[9.50564,40.57973],[9.50609,40.58037],[9.50555,40.58093],[9.50465,40.58111],[9.50151,40.58058],[9.49964,40.58053],[9.49826,40.58149],[9.49839,40.58276],[9.49806,40.58375],[9.49671,40.58569],[9.4967,40.58606],[9.49997,40.58742],[9.50039,40.58806],[9.50047,40.58875],[9.49818,40.58982],[9.49792,40.59026],[9.49945,40.59132],[9.50049,40.59294],[9.5006,40.59461],[9.50005,40.59608],[9.50142,40.59734],[9.50371,40.59784],[9.50551,40.5976],[9.50627,40.59842],[9.50663,40.59937],[9.50561,40.59999],[9.50438,40.60285],[9.50447,40.60376],[9.50572,40.60381],[9.50792,40.6032],[9.51045,40.60429],[9.51126,40.60499],[9.51226,40.60507],[9.51358,40.60473],[9.5144,40.60357],[9.51454,40.60252],[9.51516,40.60208],[9.51913,40.60309],[9.51913,40.60353],[9.51733,40.6048],[9.51743,40.60544],[9.51833,40.606],[9.52098,40.60688],[9.52177,40.60749],[9.5222,40.6082],[9.52094,40.60977],[9.51904,40.61042],[9.51782,40.6121],[9.51875,40.61415],[9.51873,40.61584],[9.51821,40.61678],[9.51776,40.6172],[9.51682,40.61745],[9.51526,40.61692],[9.51393,40.61697],[9.51321,40.61753],[9.51315,40.61844],[9.51692,40.61981],[9.51948,40.61961],[9.52066,40.62029],[9.52058,40.62071],[9.51771,40.6222],[9.51658,40.62334],[9.51677,40.62457],[9.5179,40.62584],[9.51958,40.62579],[9.52252,40.62434],[9.52399,40.6244],[9.52569,40.62486],[9.52693,40.62623],[9.52856,40.62689],[9.52906,40.62759],[9.52883,40.62796],[9.5278,40.62803],[9.52726,40.62885],[9.52935,40.63208],[9.52799,40.63341],[9.52697,40.6332],[9.52513,40.63147],[9.52473,40.63141],[9.52076,40.6333],[9.51997,40.63401],[9.51962,40.63474],[9.52052,40.63529],[9.52285,40.63499],[9.52418,40.63513],[9.52449,40.63546],[9.52448,40.63633],[9.5269,40.63828],[9.52703,40.63899],[9.52666,40.63996],[9.52547,40.64058],[9.5234,40.64103],[9.51995,40.63958],[9.51858,40.63979],[9.51834,40.64048],[9.51836,40.64328],[9.51879,40.64359],[9.51795,40.64526],[9.51698,40.64632],[9.51409,40.64754],[9.51265,40.64871],[9.52599,40.65945],[9.53658,40.66273],[9.55208,40.67143],[9.5627,40.67918],[9.57296,40.69596],[9.58306,40.70598],[9.58027,40.71722],[9.57765,40.73007],[9.57954,40.73973],[9.57997,40.74651],[9.57983,40.74899],[9.58089,40.7513],[9.58218,40.76656],[9.58338,40.76876],[9.58455,40.78553],[9.58853,40.79381],[9.59165,40.79597],[9.596,40.79791],[9.6011,40.80156],[9.60741,40.80495],[9.62455,40.81316],[9.63446,40.8171],[9.63557,40.81744],[9.63786,40.81748],[9.64037,40.81819],[9.64156,40.81947],[9.64451,40.82585],[9.65105,40.83699],[9.65558,40.8426],[9.65708,40.84515],[9.65861,40.84648],[9.66178,40.85041],[9.66271,40.85192],[9.66398,40.856],[9.6643,40.85587],[9.66447,40.85515],[9.66504,40.85439],[9.66487,40.85381],[9.66514,40.85316],[9.66674,40.85285],[9.66782,40.85295],[9.66804,40.85323],[9.66792,40.85364],[9.66889,40.854],[9.67056,40.85514],[9.6706,40.85552],[9.67017,40.85611],[9.6708,40.85574],[9.67151,40.85595],[9.6721,40.85638],[9.67211,40.85682],[9.67258,40.85693],[9.67248,40.85778],[9.67277,40.85794],[9.67296,40.85775],[9.67278,40.85821],[9.67308,40.85813],[9.6723,40.85888],[9.67331,40.85842],[9.67316,40.85937],[9.67431,40.85928],[9.67445,40.85964],[9.67537,40.85969],[9.67524,40.86043],[9.67567,40.86051],[9.67571,40.86104],[9.67748,40.86169],[9.67802,40.86259],[9.67818,40.8622],[9.67796,40.86158],[9.67832,40.86109],[9.67953,40.86128],[9.6801,40.86091],[9.68025,40.86134],[9.68125,40.86127],[9.68151,40.86065],[9.68441,40.85977],[9.6862,40.8578],[9.68675,40.85773],[9.68649,40.85808],[9.68679,40.85823],[9.68698,40.85785],[9.68785,40.85741],[9.68785,40.85718],[9.68733,40.85704],[9.68766,40.85664],[9.6868,40.85652],[9.6864,40.85607],[9.68774,40.85581],[9.68755,40.85534],[9.68821,40.85543],[9.68772,40.85526],[9.68757,40.8548],[9.68808,40.85406],[9.68805,40.85359],[9.68853,40.8525],[9.68883,40.85205],[9.6894,40.85184],[9.68942,40.85154],[9.6898,40.85143],[9.6898,40.85085],[9.69042,40.8502],[9.69196,40.84943],[9.69261,40.84873],[9.69286,40.84701],[9.69333,40.84646],[9.69454,40.84621],[9.69576,40.84717],[9.69732,40.84784],[9.69819,40.84778],[9.69872,40.84821],[9.69897,40.84802],[9.69963,40.84816],[9.69936,40.84771],[9.69977,40.84708],[9.6994,40.84624],[9.70078,40.84581],[9.7012,40.84639],[9.70154,40.84578],[9.70197,40.84572],[9.7022,40.84535],[9.70249,40.84539],[9.70305,40.84493],[9.70355,40.84501],[9.70338,40.84436],[9.70375,40.84374],[9.70363,40.84348],[9.70403,40.84323],[9.70425,40.84213],[9.7051,40.84128],[9.70676,40.84138],[9.70713,40.8421],[9.70691,40.8426],[9.70708,40.84307],[9.70756,40.84348],[9.70877,40.84371],[9.7085,40.84397],[9.70893,40.84389],[9.70901,40.84434],[9.71028,40.8443],[9.71165,40.84379],[9.71228,40.84407],[9.71331,40.84521],[9.71453,40.84456],[9.71524,40.84329],[9.71531,40.84256],[9.7157,40.84224],[9.71641,40.8422],[9.71789,40.84127],[9.71821,40.84132],[9.7192,40.84024],[9.72005,40.8398],[9.72146,40.83988],[9.72341,40.84081],[9.72475,40.84194],[9.72517,40.84344],[9.7247,40.84421],[9.72535,40.84469],[9.72646,40.8447],[9.72658,40.84444],[9.72722,40.84455],[9.72862,40.84422],[9.72753,40.84421],[9.727,40.84393],[9.72726,40.84364],[9.7272,40.84317],[9.72783,40.84315],[9.72735,40.84307],[9.72652,40.84233],[9.72652,40.84196],[9.72575,40.84143],[9.72582,40.84114],[9.7255,40.84082],[9.72656,40.84007],[9.72581,40.83975],[9.72541,40.83985],[9.72502,40.83837],[9.72466,40.83826],[9.72481,40.838],[9.72337,40.83844],[9.72177,40.83825],[9.72137,40.83731],[9.72163,40.83668],[9.72052,40.83661],[9.72043,40.83605],[9.72003,40.83601],[9.72034,40.83573],[9.71997,40.83492],[9.7195,40.83482],[9.71941,40.83501],[9.71888,40.83458],[9.71742,40.83434],[9.71723,40.83403],[9.7154,40.83322],[9.7138,40.833],[9.7136,40.83267],[9.71274,40.8331],[9.71048,40.83231],[9.70974,40.83252],[9.70831,40.83141],[9.70727,40.83204],[9.70756,40.83221],[9.70772,40.83288],[9.7075,40.8334],[9.70641,40.83397],[9.70394,40.83403],[9.70375,40.83351],[9.70221,40.83227],[9.70184,40.83253],[9.70196,40.83335],[9.70169,40.83385],[9.70126,40.83392],[9.70017,40.83337],[9.70018,40.83317],[9.69998,40.83344],[9.69926,40.8334],[9.69796,40.83402],[9.69763,40.83456],[9.69798,40.83571],[9.69874,40.83652],[9.69914,40.83802],[9.69913,40.83868],[9.69865,40.83818],[9.6984,40.83838],[9.69907,40.83913],[9.69897,40.84018],[9.69858,40.84075],[9.69818,40.84025],[9.69737,40.8405],[9.69687,40.84022],[9.69702,40.83979],[9.69606,40.83893],[9.69549,40.83907],[9.69578,40.83876],[9.69561,40.83849],[9.69604,40.83803],[9.69816,40.83732],[9.69866,40.83657],[9.69782,40.83725],[9.69632,40.83764],[9.69567,40.83749],[9.69546,40.83693],[9.69491,40.83647],[9.69315,40.83618],[9.69176,40.8365],[9.69064,40.8371],[9.69047,40.83692],[9.68889,40.83713],[9.68832,40.83699],[9.68682,40.83601],[9.68572,40.83492],[9.68529,40.83401],[9.68516,40.83291],[9.68544,40.83201],[9.68575,40.83179],[9.68738,40.83193],[9.68959,40.8315],[9.68964,40.83114],[9.68908,40.8307],[9.68906,40.8304],[9.68937,40.83025],[9.68895,40.83025],[9.68899,40.83004],[9.68836,40.82973],[9.68838,40.82947],[9.68688,40.82882],[9.68685,40.82858],[9.6855,40.82849],[9.68523,40.82898],[9.68405,40.8291],[9.68289,40.82859],[9.6819,40.82759],[9.68096,40.82562],[9.68066,40.82329],[9.68088,40.8222],[9.68167,40.82117],[9.6804,40.8223],[9.68009,40.82344],[9.6798,40.82329],[9.67939,40.82436],[9.68033,40.82566],[9.68049,40.82702],[9.6802,40.82725],[9.67921,40.82721],[9.67946,40.82754],[9.6792,40.82816],[9.67939,40.82831],[9.6783,40.82821],[9.67726,40.82748],[9.67685,40.82648],[9.67697,40.8259],[9.67843,40.8255],[9.67834,40.82477],[9.67898,40.8244],[9.6788,40.82413],[9.67909,40.82303],[9.67884,40.82276],[9.67851,40.82285],[9.67878,40.82247],[9.67874,40.82198],[9.67959,40.82161],[9.68039,40.82165],[9.68056,40.82122],[9.68108,40.82098],[9.68218,40.82117],[9.68314,40.82182],[9.68336,40.82156],[9.68382,40.82161],[9.68372,40.82081],[9.6843,40.82096],[9.68491,40.82077],[9.68506,40.82041],[9.68543,40.82048],[9.68655,40.81979],[9.68702,40.81977],[9.68828,40.81884],[9.68913,40.8176],[9.68817,40.81742],[9.68794,40.81638],[9.68672,40.81615],[9.68648,40.81586],[9.68656,40.81526],[9.68756,40.81511],[9.68714,40.81612],[9.68753,40.8161],[9.68815,40.81543],[9.6893,40.81543],[9.68939,40.81439],[9.69017,40.81376],[9.69149,40.81339],[9.69169,40.81283],[9.69127,40.81283],[9.69125,40.81265],[9.69166,40.81256],[9.69144,40.81238],[9.69175,40.81209],[9.69188,40.81126],[9.69146,40.81115],[9.69151,40.81073],[9.691,40.80983],[9.69046,40.80945],[9.69057,40.80887],[9.68969,40.80919],[9.68893,40.80835],[9.68906,40.80784],[9.68859,40.80798],[9.68851,40.8077],[9.68878,40.80741],[9.68835,40.80709],[9.68826,40.80623],[9.68783,40.80659],[9.68762,40.80628],[9.68665,40.80643],[9.68568,40.80601],[9.68527,40.80648],[9.68514,40.80803],[9.68478,40.80829],[9.68423,40.80835],[9.68392,40.80876],[9.6822,40.80869],[9.68107,40.80894],[9.67762,40.80797],[9.67596,40.80693],[9.67435,40.80525],[9.67277,40.80318],[9.67174,40.80126],[9.67057,40.79686],[9.67027,40.79433],[9.67032,40.78944],[9.67101,40.78598],[9.67244,40.78303],[9.67381,40.78188],[9.67488,40.78145],[9.67552,40.77927],[9.67896,40.7759],[9.67846,40.77446],[9.67869,40.77376],[9.67913,40.77352],[9.67952,40.77368],[9.67969,40.77331],[9.67995,40.77355],[9.67978,40.77336],[9.68077,40.77247],[9.68164,40.77237],[9.68228,40.77166],[9.6821,40.77116],[9.68241,40.7705],[9.68354,40.76969],[9.68412,40.76889],[9.68597,40.76772],[9.6868,40.76656],[9.68787,40.76582],[9.69084,40.76665],[9.69382,40.76648],[9.69387,40.76603],[9.69263,40.76545],[9.69228,40.76493],[9.69283,40.76252],[9.69308,40.76219],[9.69406,40.76198],[9.69647,40.76183],[9.69761,40.7609],[9.69805,40.76088],[9.69839,40.76013],[9.69933,40.75981],[9.69929,40.75958],[9.69841,40.75941],[9.69826,40.75879],[9.69874,40.75836],[9.70081,40.7577],[9.70069,40.75581],[9.70121,40.7552],[9.70106,40.75469],[9.70181,40.75442],[9.70262,40.75472],[9.70342,40.75557],[9.70568,40.75576],[9.70681,40.75552],[9.70796,40.75438],[9.70864,40.7542],[9.70996,40.75404],[9.71106,40.75436],[9.71194,40.75422],[9.71326,40.75328],[9.71453,40.75333],[9.71536,40.75297],[9.71566,40.75257],[9.71538,40.75242],[9.71535,40.75192],[9.71566,40.75086],[9.71778,40.75032],[9.71793,40.74988],[9.71769,40.74973],[9.71771,40.74815],[9.716,40.74792],[9.71498,40.74704],[9.71445,40.74702],[9.71406,40.74626],[9.71205,40.74605],[9.71202,40.74563],[9.71446,40.74464],[9.71467,40.74408],[9.71447,40.7438],[9.71551,40.74333],[9.71492,40.74186],[9.71415,40.74152],[9.71371,40.74078],[9.71221,40.74076],[9.71186,40.74059],[9.71144,40.73982],[9.71273,40.73968],[9.71316,40.73948],[9.71353,40.73886],[9.7117,40.73874],[9.71137,40.73811],[9.71162,40.73725],[9.71313,40.73569],[9.71468,40.73525],[9.71322,40.73372],[9.71329,40.7306],[9.71348,40.73015],[9.7138,40.72993],[9.71484,40.72988],[9.7165,40.72915],[9.71825,40.72787],[9.71834,40.72754],[9.71717,40.7271],[9.71648,40.72633],[9.71445,40.72554],[9.71354,40.72486],[9.71252,40.72197],[9.71369,40.71751],[9.71579,40.71511],[9.7149,40.71226],[9.7152,40.7097],[9.71725,40.70565],[9.71851,40.70399],[9.72049,40.70184],[9.72315,40.69965],[9.72395,40.69928],[9.72537,40.6991],[9.72614,40.6997],[9.72712,40.69993],[9.72887,40.6997],[9.7299,40.6993],[9.72972,40.69832],[9.73065,40.69613],[9.73158,40.69554],[9.73177,40.69499],[9.73351,40.69417],[9.73578,40.69404],[9.73799,40.69453],[9.73812,40.69486],[9.73767,40.69594],[9.73819,40.69672],[9.73856,40.69477],[9.73938,40.69348],[9.74127,40.6918],[9.74298,40.69127],[9.74313,40.69053],[9.74434,40.68875],[9.74477,40.68853],[9.74468,40.68831],[9.74632,40.68721],[9.74621,40.68646],[9.7468,40.68539],[9.74647,40.68387],[9.74663,40.68289],[9.74708,40.68273],[9.74763,40.68198],[9.74868,40.68163],[9.7491,40.6807],[9.74964,40.6807],[9.74986,40.68007],[9.74962,40.67961],[9.74998,40.67854],[9.75111,40.67731],[9.75075,40.67696],[9.75045,40.6751],[9.75188,40.67385],[9.75352,40.67373],[9.75336,40.67343],[9.75364,40.67288],[9.75324,40.67191],[9.75239,40.67198],[9.75181,40.67135],[9.75122,40.67113],[9.75046,40.67009],[9.75041,40.66806],[9.74976,40.66655],[9.74908,40.66371],[9.74884,40.65938],[9.74926,40.65871],[9.74928,40.65735],[9.74986,40.65668],[9.75,40.65531],[9.74692,40.65357],[9.74391,40.64977],[9.74265,40.64573],[9.74247,40.64373],[9.7419,40.64189],[9.74171,40.63959],[9.74187,40.63786],[9.74168,40.63391],[9.74199,40.6308],[9.74287,40.62719],[9.7447,40.62243],[9.74518,40.62176],[9.74577,40.62146],[9.74684,40.61997],[9.75045,40.61787],[9.75093,40.61623],[9.75312,40.61546],[9.75338,40.6152],[9.75282,40.6146],[9.7552,40.61269],[9.75665,40.60985],[9.75631,40.60971],[9.75494,40.61249],[9.75286,40.61409],[9.75189,40.61336],[9.75351,40.6121],[9.75407,40.61238],[9.75299,40.61158],[9.75343,40.61204],[9.75183,40.61331],[9.75052,40.61236],[9.75159,40.61153],[9.75107,40.61181],[9.75052,40.61139],[9.75106,40.61054],[9.75162,40.61058],[9.75167,40.61035],[9.75243,40.61067],[9.75231,40.61045],[9.75259,40.61007],[9.75424,40.61078],[9.75481,40.61041],[9.75437,40.61054],[9.7527,40.60983],[9.75235,40.60884],[9.75142,40.60833],[9.75097,40.60699],[9.75077,40.6055],[9.75115,40.60305],[9.75219,40.60034],[9.7538,40.59721],[9.75609,40.59427],[9.76057,40.58945],[9.76526,40.58568],[9.76875,40.58329],[9.77157,40.58199],[9.77284,40.58183],[9.77488,40.58242],[9.77624,40.58172],[9.77789,40.58231],[9.77971,40.58121],[9.78069,40.58092],[9.78103,40.58049],[9.7826,40.57971],[9.78238,40.57889],[9.78256,40.57771],[9.78326,40.57674],[9.78409,40.57663],[9.7838,40.57651],[9.78366,40.57525],[9.78431,40.57432],[9.78546,40.57408],[9.78677,40.573],[9.78945,40.57248],[9.79049,40.57154],[9.79065,40.57108],[9.7904,40.56786],[9.79239,40.56415],[9.79326,40.56339],[9.79321,40.56189],[9.79266,40.55948],[9.79378,40.55782],[9.79413,40.55641],[9.79388,40.55567],[9.79413,40.55484],[9.79207,40.55269],[9.79183,40.5507],[9.79288,40.54825],[9.79378,40.54682],[9.79601,40.54443],[9.79803,40.54284],[9.80034,40.54152],[9.80322,40.54072],[9.80423,40.54004],[9.80637,40.53952],[9.80784,40.53801],[9.8101,40.5369],[9.81218,40.53681],[9.81507,40.5375],[9.81544,40.53599],[9.81603,40.53525],[9.8188,40.53485],[9.81915,40.53445],[9.81889,40.53401],[9.81912,40.53376],[9.82118,40.53388],[9.8211,40.5334],[9.82133,40.5332],[9.82336,40.53273],[9.82403,40.53208],[9.82474,40.53199],[9.82583,40.53134],[9.8265,40.53056],[9.82739,40.53014],[9.82823,40.52883],[9.82875,40.5286],[9.82733,40.52735],[9.82724,40.52669],[9.82773,40.52607],[9.82749,40.52598],[9.82772,40.52555],[9.82669,40.52387],[9.82702,40.52343],[9.82704,40.52234],[9.82613,40.52074],[9.82494,40.51954],[9.82509,40.51868],[9.82591,40.51771],[9.82731,40.51686],[9.82666,40.51635],[9.82658,40.51558],[9.82623,40.51556],[9.82609,40.51511],[9.82624,40.51451],[9.82758,40.51251],[9.82703,40.51206],[9.82595,40.51218],[9.82574,40.51197],[9.82525,40.51106],[9.82515,40.50921],[9.82419,40.50828],[9.82412,40.50736],[9.82306,40.50728],[9.82259,40.50684],[9.82284,40.50536],[9.82269,40.50493],[9.82363,40.50415],[9.82375,40.5035],[9.82335,40.50247],[9.82203,40.50165],[9.82216,40.50112],[9.82091,40.49956],[9.82101,40.49901],[9.82186,40.4987],[9.8213,40.49852],[9.82138,40.4982],[9.82088,40.49781],[9.82093,40.49724],[9.82042,40.49662],[9.82021,40.49557],[9.82049,40.49506],[9.82085,40.49518],[9.82068,40.49471],[9.82142,40.49431],[9.82094,40.49436],[9.81997,40.49383],[9.81772,40.49161],[9.81723,40.49033],[9.81765,40.48966],[9.8176,40.4893],[9.8169,40.48858],[9.8167,40.48787],[9.81687,40.48751],[9.81538,40.48605],[9.81432,40.48431],[9.81399,40.48319],[9.81316,40.4825],[9.81184,40.4806],[9.80981,40.47629],[9.80913,40.47399],[9.80786,40.47213],[9.80761,40.47034],[9.80434,40.46551],[9.80402,40.46462],[9.80421,40.46451],[9.80411,40.46378],[9.80265,40.46225],[9.80191,40.46103],[9.80168,40.46048],[9.80205,40.4598],[9.80158,40.4587],[9.80072,40.45776],[9.80045,40.45645],[9.80054,40.45557],[9.79958,40.45501],[9.79905,40.45436],[9.79905,40.45367],[9.79863,40.45349],[9.7984,40.45296],[9.79875,40.4526],[9.79854,40.45196],[9.79816,40.45169],[9.79736,40.45173],[9.79673,40.45115],[9.79696,40.45107],[9.79642,40.45039],[9.79637,40.44913],[9.79466,40.44832],[9.79381,40.447],[9.79375,40.44592],[9.79459,40.44551],[9.79486,40.44463],[9.79471,40.44316],[9.79513,40.44244],[9.79605,40.44207],[9.79607,40.4415],[9.79562,40.4414],[9.79567,40.44119],[9.79516,40.44088],[9.79474,40.44087],[9.79399,40.44134],[9.79405,40.44189],[9.793,40.44297],[9.79217,40.44314],[9.78923,40.44262],[9.78759,40.44146],[9.78669,40.44144],[9.78585,40.44095],[9.78548,40.44045],[9.78459,40.43994],[9.78454,40.43946],[9.78313,40.43876],[9.78348,40.43751],[9.78255,40.43743],[9.78247,40.43701],[9.7817,40.43714],[9.78179,40.43669],[9.78159,40.43643],[9.78079,40.43599],[9.78055,40.43556],[9.78066,40.43514],[9.78028,40.43498],[9.78071,40.4344],[9.78002,40.43443],[9.77997,40.43305],[9.77927,40.43343],[9.77875,40.4331],[9.77865,40.43256],[9.77931,40.4324],[9.77949,40.43194],[9.77928,40.43178],[9.77818,40.43204],[9.77802,40.43184],[9.7783,40.43147],[9.77777,40.43162],[9.77735,40.43125],[9.77709,40.43071],[9.77807,40.42997],[9.7774,40.42989],[9.77746,40.43009],[9.77713,40.4301],[9.77716,40.42979],[9.77648,40.42979],[9.77644,40.42944],[9.77695,40.42875],[9.77633,40.42859],[9.77652,40.42822],[9.77481,40.42719],[9.7738,40.42708],[9.77415,40.42681],[9.77378,40.4267],[9.77403,40.42651],[9.7731,40.42631],[9.77283,40.42597],[9.77259,40.42543],[9.77311,40.42497],[9.77281,40.42462],[9.77204,40.42441],[9.77209,40.42333],[9.77393,40.42184],[9.77412,40.41983],[9.77196,40.41888],[9.77177,40.41827],[9.77204,40.41697],[9.77375,40.41643],[9.77413,40.41601],[9.77424,40.41541],[9.77397,40.41507],[9.77391,40.4139],[9.77309,40.41384],[9.77244,40.41318],[9.77239,40.41196],[9.77359,40.40935],[9.77315,40.40805],[9.77343,40.4079],[9.77322,40.40762],[9.77333,40.40722],[9.77195,40.40593],[9.77156,40.40485],[9.77071,40.40402],[9.77079,40.40366],[9.76844,40.40201],[9.76859,40.4018],[9.76833,40.40096],[9.76762,40.40029],[9.76683,40.40032],[9.76655,40.39998],[9.76663,40.39843],[9.76612,40.39756],[9.76632,40.39659],[9.7661,40.3962],[9.76654,40.39582],[9.76658,40.39538],[9.7661,40.39532],[9.76705,40.39391],[9.76677,40.39344],[9.76699,40.39282],[9.76665,40.39211],[9.76532,40.39128],[9.76427,40.39082],[9.76397,40.39094],[9.76392,40.39071],[9.76371,40.39092],[9.76293,40.39032],[9.762,40.39001],[9.76208,40.38937],[9.76006,40.38648],[9.76003,40.38612],[9.75932,40.38567],[9.75837,40.38564],[9.75728,40.38494],[9.75672,40.38377],[9.75544,40.38204],[9.75466,40.38158],[9.75471,40.38132],[9.75084,40.38103],[9.75032,40.38112],[9.75004,40.38147],[9.74986,40.38117],[9.74907,40.38112],[9.74616,40.38142],[9.74444,40.38113],[9.74237,40.38143],[9.73987,40.38033],[9.73987,40.37932],[9.73661,40.37866],[9.73101,40.37574],[9.72489,40.37143],[9.72308,40.37064],[9.71794,40.3668],[9.71522,40.36438],[9.71456,40.3634],[9.71664,40.36169],[9.71583,40.36088],[9.71559,40.36105],[9.71627,40.3618],[9.71362,40.36359],[9.71344,40.36316],[9.71559,40.36145],[9.71499,40.36157],[9.71383,40.36255],[9.71034,40.36078],[9.69171,40.34573],[9.69032,40.34423],[9.6879,40.34237],[9.68603,40.34036],[9.68263,40.33744],[9.67957,40.33391],[9.67904,40.33259],[9.68102,40.33167],[9.68062,40.33077],[9.68025,40.33081],[9.68077,40.33159],[9.67844,40.33252],[9.67829,40.3321],[9.68019,40.33131],[9.68015,40.33114],[9.67952,40.33109],[9.67951,40.33136],[9.67841,40.33174],[9.67772,40.33131],[9.67748,40.33057],[9.67687,40.33032],[9.67575,40.32921],[9.67555,40.32875],[9.67663,40.32698],[9.67727,40.32631],[9.67757,40.32631],[9.6767,40.32469],[9.67487,40.32441],[9.67443,40.32474],[9.67329,40.32492],[9.67234,40.32462],[9.67056,40.32375],[9.67048,40.32293],[9.67003,40.32274],[9.66958,40.32186],[9.66792,40.32117],[9.6678,40.32076],[9.66712,40.32075],[9.66653,40.32014],[9.66558,40.32018],[9.66571,40.31985],[9.66515,40.31843],[9.66396,40.31757],[9.66374,40.31699],[9.6641,40.31572],[9.66389,40.3147],[9.66193,40.31238],[9.66122,40.31082],[9.65998,40.30904],[9.65992,40.30854],[9.65928,40.30823],[9.65703,40.30572],[9.6564,40.30378],[9.65444,40.30184],[9.65441,40.30129],[9.65271,40.3],[9.65172,40.29963],[9.65074,40.29804],[9.6501,40.29755],[9.65,40.29657],[9.64894,40.29643],[9.64845,40.29549],[9.64774,40.29522],[9.64781,40.29504],[9.64638,40.29394],[9.64442,40.29109],[9.6436,40.29035],[9.64212,40.28785],[9.6417,40.2878],[9.64039,40.28614],[9.6403,40.28577],[9.64105,40.28548],[9.63924,40.28381],[9.63987,40.28232],[9.63942,40.28115],[9.63914,40.28129],[9.63954,40.28222],[9.63915,40.2833],[9.63879,40.2832],[9.63866,40.2835],[9.63766,40.28324],[9.638,40.28252],[9.63885,40.28225],[9.63801,40.28228],[9.63734,40.2833],[9.63639,40.28295],[9.63601,40.28094],[9.63624,40.28073],[9.63576,40.27994],[9.63506,40.27918],[9.63475,40.27834],[9.63231,40.2767],[9.63195,40.27513],[9.63092,40.27386],[9.63101,40.27262],[9.63019,40.27154],[9.63005,40.27019],[9.62881,40.26614],[9.62711,40.26238],[9.62602,40.26098],[9.62546,40.25869],[9.62576,40.25739],[9.62614,40.25707],[9.62502,40.25605],[9.62528,40.2551],[9.62492,40.25426],[9.62514,40.25402],[9.62466,40.25315],[9.62397,40.25267],[9.62344,40.25047],[9.62365,40.24994],[9.62297,40.24682],[9.62347,40.24538],[9.62275,40.24465],[9.62373,40.24456],[9.62296,40.24399],[9.62375,40.24368],[9.6235,40.243],[9.62371,40.24241],[9.6236,40.2412],[9.62326,40.24047],[9.62331,40.23917],[9.62286,40.23796],[9.62304,40.2376],[9.62406,40.23729],[9.62438,40.23693],[9.62421,40.23515],[9.62467,40.23526],[9.62497,40.23495],[9.62446,40.23405],[9.62493,40.23358],[9.62533,40.23172],[9.62576,40.23148],[9.62553,40.23086],[9.62592,40.23029],[9.6256,40.22939],[9.62588,40.22634],[9.62628,40.22519],[9.62715,40.22441],[9.62691,40.22412],[9.62503,40.22493],[9.62348,40.22444],[9.62113,40.22288],[9.62005,40.224],[9.61836,40.22341],[9.61634,40.22183],[9.61529,40.22216],[9.61186,40.22246],[9.60972,40.22226],[9.60927,40.22078],[9.60999,40.21925],[9.60919,40.21862],[9.60843,40.21928],[9.60786,40.21927],[9.60735,40.21729],[9.60685,40.21669],[9.60547,40.21678],[9.60504,40.21754],[9.60447,40.21785],[9.6029,40.21699],[9.59983,40.21687],[9.59744,40.21626],[9.59522,40.21439],[9.59477,40.21349],[9.59464,40.21247],[9.59408,40.21176],[9.59128,40.20998],[9.58789,40.20846],[9.58679,40.20752],[9.58439,40.20446],[9.58314,40.20097],[9.58103,40.20016],[9.57829,40.19743],[9.57843,40.19699],[9.57729,40.1947],[9.56688,40.19899],[9.5563,40.20288],[9.52576,40.21863],[9.52263,40.21548],[9.51833,40.21188],[9.5192,40.2113],[9.51954,40.21018],[9.52069,40.2088],[9.52056,40.20834],[9.51985,40.20776],[9.51956,40.20513],[9.51838,40.20377],[9.51795,40.20221],[9.51935,40.19801],[9.5197,40.19616],[9.51832,40.19593],[9.51755,40.19554],[9.51724,40.19508],[9.51689,40.1938],[9.51697,40.19225],[9.51583,40.1908],[9.5158,40.19055],[9.5163,40.19047],[9.51606,40.18988],[9.51378,40.18894],[9.51331,40.18842],[9.51289,40.18863],[9.51237,40.1877],[9.50957,40.18663],[9.49308,40.2005],[9.48591,40.20695],[9.48386,40.20984],[9.48431,40.21275],[9.48617,40.22],[9.48912,40.23362],[9.49011,40.23978],[9.49173,40.24268],[9.49346,40.24676],[9.50199,40.26785],[9.50284,40.26821],[9.50304,40.26852],[9.50322,40.26957],[9.50292,40.27088],[9.50418,40.2736],[9.50799,40.27634],[9.50994,40.27677],[9.51109,40.27804],[9.51154,40.27825],[9.51387,40.27832],[9.51498,40.2797],[9.51573,40.27977],[9.51662,40.28035],[9.51737,40.28144],[9.51705,40.28246],[9.51716,40.28278],[9.51874,40.28322],[9.52039,40.28542],[9.52249,40.28696],[9.52329,40.28867],[9.52463,40.28933],[9.52516,40.29063],[9.5294,40.29125],[9.53041,40.29173],[9.53084,40.29224],[9.52801,40.29364],[9.52723,40.2954],[9.52641,40.29589],[9.52581,40.29693],[9.52546,40.29849],[9.52484,40.299],[9.52416,40.29909],[9.52436,40.30013],[9.52492,40.30072],[9.52608,40.30295],[9.52506,40.30489],[9.52492,40.30699],[9.52457,40.30757],[9.52136,40.30965],[9.52028,40.31157],[9.51951,40.31226],[9.51881,40.31238],[9.51687,40.31371],[9.51351,40.31645],[9.51373,40.31958],[9.51307,40.32183],[9.51119,40.32227],[9.50957,40.32399],[9.50942,40.32531],[9.50817,40.32613],[9.50631,40.32669],[9.50576,40.3271],[9.5055,40.32799],[9.50503,40.32848],[9.50442,40.32874],[9.50401,40.32848],[9.50249,40.32891],[9.50102,40.32964],[9.50128,40.33026],[9.50195,40.33061],[9.50208,40.33174],[9.50043,40.33298],[9.49997,40.33405],[9.50035,40.33571],[9.50171,40.3378],[9.4999,40.34179],[9.49914,40.34213],[9.49887,40.3433],[9.49846,40.34347],[9.49878,40.34437],[9.49806,40.34603],[9.4984,40.34648],[9.49774,40.34764],[9.4977,40.34934],[9.49858,40.35086],[9.49944,40.35442],[9.49939,40.35531],[9.5001,40.35659],[9.49831,40.35884],[9.49822,40.3593],[9.49989,40.36151],[9.50008,40.36247],[9.50091,40.36402],[9.50202,40.36501],[9.50288,40.36712],[9.50205,40.36795],[9.49762,40.36868],[9.49247,40.36869],[9.49036,40.36827],[9.48553,40.36793],[9.48299,40.36929],[9.48195,40.36947],[9.47687,40.36912],[9.47402,40.37083],[9.46854,40.37218],[9.46372,40.37219],[9.46261,40.37248],[9.45999,40.37408],[9.45181,40.37596],[9.44496,40.37601],[9.43165,40.37458],[9.42573,40.37436],[9.42465,40.37678],[9.42426,40.37716],[9.42281,40.37797],[9.42148,40.3782],[9.42051,40.37791],[9.41897,40.37627],[9.41709,40.37492],[9.41364,40.37635],[9.41298,40.37697],[9.41169,40.38204],[9.41189,40.38296],[9.41524,40.38571],[9.41674,40.3875],[9.41779,40.39034],[9.42301,40.39055],[9.42863,40.39899],[9.4292,40.40065],[9.43004,40.40168],[9.4351,40.40274],[9.43644,40.4035],[9.44313,40.40308],[9.44688,40.40322],[9.46041,40.40269],[9.4665,40.40215],[9.46797,40.40125],[9.46917,40.40007],[9.47105,40.39726],[9.4725,40.39705],[9.47301,40.39661],[9.47419,40.39633],[9.47601,40.39535],[9.47737,40.39505],[9.47822,40.39363],[9.47984,40.39334],[9.48205,40.39184],[9.48554,40.39076],[9.48815,40.38881],[9.49141,40.3884],[9.4953,40.3893],[9.498,40.39135],[9.49898,40.39164],[9.49929,40.39277],[9.50002,40.39339],[9.50849,40.39899],[9.51252,40.39899],[9.5114,40.40022],[9.51136,40.4013],[9.51198,40.4018],[9.51198,40.40237],[9.51359,40.40258],[9.51439,40.4033],[9.51694,40.40315],[9.51812,40.40386],[9.51916,40.40386],[9.51916,40.40479],[9.52078,40.4063],[9.52045,40.40695],[9.52047,40.40875],[9.52175,40.40983],[9.52204,40.41047],[9.52303,40.4109],[9.52355,40.41155],[9.52356,40.41256],[9.52413,40.41306],[9.52695,40.41737],[9.5269,40.41788],[9.52772,40.42003],[9.52885,40.42017],[9.53146,40.42131],[9.52934,40.42262],[9.52785,40.42385],[9.52724,40.42472],[9.52847,40.42479],[9.52858,40.42695],[9.52897,40.42832]]],[[[9.70287,39.97542],[9.70291,39.97512],[9.70319,39.9753],[9.70392,39.97458],[9.70468,39.97443],[9.70502,39.97465],[9.70485,39.97485],[9.7055,39.97497],[9.70544,39.97548],[9.70591,39.97523],[9.70548,39.97468],[9.70621,39.97427],[9.706,39.97415],[9.70652,39.97341],[9.70591,39.97324],[9.70588,39.97292],[9.70554,39.97313],[9.70541,39.97379],[9.70507,39.97393],[9.70467,39.97366],[9.70473,39.9729],[9.70433,39.97338],[9.70409,39.97297],[9.70346,39.97299],[9.70265,39.97348],[9.70222,39.97432],[9.70236,39.97496],[9.70266,39.97506],[9.7024,39.97553],[9.70287,39.97542]]],[[[9.72238,40.84498],[9.72182,40.84535],[9.72202,40.84676],[9.72349,40.8476],[9.72482,40.84735],[9.72443,40.84709],[9.72484,40.84695],[9.72371,40.84575],[9.72238,40.84498]]],[[[9.70806,40.82643],[9.70779,40.82677],[9.70723,40.82657],[9.70664,40.82716],[9.70774,40.82879],[9.70875,40.8286],[9.70842,40.82747],[9.70877,40.82685],[9.70841,40.82662],[9.7079,40.8269],[9.70806,40.82643]]],[[[9.81721,40.53794],[9.81656,40.53802],[9.81718,40.53868],[9.81821,40.53885],[9.81865,40.5392],[9.81877,40.53971],[9.81953,40.53957],[9.82095,40.54035],[9.82125,40.54026],[9.82051,40.53974],[9.82042,40.53925],[9.81992,40.53943],[9.81938,40.53925],[9.81721,40.53794]]],[[[9.6765,40.86362],[9.67623,40.86394],[9.67655,40.864],[9.67667,40.86439],[9.67636,40.86502],[9.67655,40.86503],[9.6774,40.86455],[9.67746,40.864],[9.67679,40.86384],[9.67682,40.86366],[9.67651,40.86382],[9.6765,40.86362]]],[[[9.70758,39.9755],[9.70674,39.97568],[9.70668,39.97675],[9.70742,39.97617],[9.70758,39.9755]]],[[[9.71867,40.73626],[9.71725,40.73622],[9.71852,40.73666],[9.71867,40.73626]]],[[[9.70819,39.97617],[9.70779,39.97654],[9.70793,39.97689],[9.70862,39.97667],[9.70844,39.97654],[9.70866,39.97639],[9.70819,39.97617]]],[[[9.82246,40.53996],[9.82229,40.54016],[9.82202,40.5404],[9.82283,40.54041],[9.82246,40.53996]]],[[[9.72432,40.84583],[9.72406,40.84599],[9.72472,40.84643],[9.72505,40.84635],[9.72432,40.84583]]],[[[9.81583,40.5374],[9.81557,40.53757],[9.81633,40.53787],[9.81629,40.53759],[9.81583,40.5374]]],[[[9.72697,40.84157],[9.72659,40.84177],[9.7266,40.84181],[9.72726,40.84184],[9.72697,40.84157]]],[[[9.69174,40.85039],[9.69111,40.8503],[9.69095,40.85039],[9.69174,40.85039]]],[[[9.81346,40.53752],[9.8132,40.53772],[9.81345,40.53795],[9.81364,40.53781],[9.81346,40.53752]]],[[[9.70738,40.83031],[9.70707,40.83042],[9.70704,40.83066],[9.70746,40.8306],[9.70738,40.83031]]]]}},{"type":"Feature","properties":{"nome":"Ogliastra","limiti_indicativi":true,"fonte":"GeoNue/Nordai — Esercitazione 3, regioni_storiciche"},"geometry":{"type":"Polygon","coordinates":[[[9.67372,39.75495],[9.67295,39.75336],[9.67369,39.75337],[9.67474,39.75224],[9.67451,39.75155],[9.67503,39.7513],[9.67475,39.7509],[9.67535,39.75067],[9.67429,39.75002],[9.6736,39.74904],[9.6738,39.74842],[9.67364,39.74506],[9.67405,39.74449],[9.67487,39.74417],[9.67645,39.74479],[9.67692,39.74432],[9.67648,39.74352],[9.67543,39.74325],[9.67522,39.74243],[9.67586,39.74217],[9.67594,39.74187],[9.6753,39.74097],[9.67477,39.74094],[9.67404,39.73813],[9.67433,39.73558],[9.67526,39.73563],[9.67509,39.73525],[9.67564,39.73465],[9.67505,39.73458],[9.67578,39.73414],[9.67507,39.73348],[9.67532,39.73154],[9.67494,39.72856],[9.67546,39.72648],[9.67542,39.72573],[9.67402,39.72192],[9.67382,39.72042],[9.67405,39.71934],[9.67587,39.71805],[9.67632,39.7163],[9.67664,39.71259],[9.67691,39.71244],[9.67658,39.71168],[9.67703,39.71105],[9.67678,39.71075],[9.67672,39.71098],[9.67605,39.711],[9.67601,39.71027],[9.67546,39.71037],[9.67448,39.70949],[9.67324,39.70896],[9.67258,39.70807],[9.67174,39.70776],[9.67162,39.70743],[9.67187,39.70738],[9.67153,39.707],[9.67016,39.70676],[9.67014,39.70654],[9.67067,39.70645],[9.67024,39.70615],[9.67042,39.70602],[9.67004,39.70546],[9.67145,39.70515],[9.67193,39.70454],[9.67162,39.70418],[9.67075,39.70467],[9.67012,39.7047],[9.66972,39.70427],[9.66984,39.70362],[9.67127,39.70292],[9.67131,39.70266],[9.6704,39.70193],[9.67001,39.70072],[9.66789,39.70141],[9.66676,39.701],[9.66393,39.70066],[9.66313,39.70003],[9.66293,39.6995],[9.66244,39.69993],[9.66126,39.69951],[9.66104,39.69868],[9.66059,39.69813],[9.661,39.69759],[9.66033,39.69764],[9.65998,39.69725],[9.65948,39.69528],[9.65941,39.69338],[9.65964,39.69213],[9.66039,39.691],[9.66142,39.69117],[9.66199,39.69083],[9.66186,39.68854],[9.66124,39.68677],[9.66171,39.6866],[9.66142,39.68645],[9.66146,39.68588],[9.66316,39.68466],[9.66346,39.68337],[9.66408,39.6834],[9.66436,39.68275],[9.66403,39.68215],[9.66285,39.6816],[9.66326,39.68085],[9.66289,39.68095],[9.66258,39.68038],[9.66266,39.67981],[9.66226,39.67969],[9.66213,39.67882],[9.66134,39.6781],[9.66142,39.67754],[9.66109,39.67732],[9.66156,39.67663],[9.66072,39.676],[9.66114,39.67452],[9.66076,39.67455],[9.66049,39.67361],[9.65968,39.67316],[9.65933,39.67207],[9.65982,39.67048],[9.66032,39.66993],[9.66022,39.66766],[9.65865,39.66701],[9.65771,39.66732],[9.6556,39.66627],[9.65518,39.66571],[9.6538,39.66559],[9.65234,39.66499],[9.65125,39.66379],[9.65039,39.6621],[9.64958,39.65975],[9.64992,39.65862],[9.64858,39.6573],[9.64814,39.65577],[9.64852,39.65524],[9.65022,39.65454],[9.64955,39.65416],[9.64809,39.65398],[9.64727,39.65175],[9.64721,39.6507],[9.64847,39.64864],[9.6485,39.64766],[9.64719,39.64742],[9.64564,39.64771],[9.64425,39.64691],[9.64355,39.64606],[9.64199,39.64585],[9.63841,39.64645],[9.63786,39.64624],[9.63805,39.64613],[9.6378,39.64595],[9.63696,39.64623],[9.63615,39.6461],[9.63536,39.64657],[9.63544,39.64677],[9.63486,39.64681],[9.63385,39.64628],[9.63209,39.64631],[9.63117,39.64595],[9.63129,39.6458],[9.63051,39.64518],[9.62954,39.6452],[9.62831,39.64452],[9.62582,39.64383],[9.62666,39.64214],[9.62579,39.63843],[9.62492,39.6376],[9.62411,39.63506],[9.6179,39.62901],[9.61043,39.62767],[9.6083,39.62629],[9.60043,39.62644],[9.59039,39.62499],[9.58861,39.6287],[9.58869,39.63026],[9.58743,39.63285],[9.583,39.6377],[9.58236,39.63478],[9.57929,39.63421],[9.57851,39.63374],[9.57676,39.63363],[9.57573,39.63306],[9.57421,39.63293],[9.57083,39.63122],[9.56703,39.63058],[9.5655,39.62998],[9.56249,39.62992],[9.55531,39.62792],[9.55515,39.62728],[9.55568,39.62604],[9.55596,39.6259],[9.55679,39.62309],[9.55759,39.62247],[9.5576,39.6214],[9.5586,39.62052],[9.56031,39.61711],[9.56106,39.61672],[9.56181,39.61525],[9.52603,39.60204],[9.52319,39.60133],[9.52391,39.60183],[9.52536,39.60225],[9.52548,39.60268],[9.52405,39.60295],[9.51976,39.60292],[9.51639,39.6044],[9.51392,39.61123],[9.51309,39.61187],[9.512,39.6134],[9.50661,39.61625],[9.50645,39.61683],[9.5113,39.63311],[9.51191,39.63433],[9.51175,39.64582],[9.51162,39.64648],[9.50766,39.64973],[9.50724,39.65024],[9.50684,39.65162],[9.50676,39.65361],[9.50636,39.65438],[9.5066,39.65466],[9.50658,39.65528],[9.50601,39.65639],[9.50592,39.65721],[9.50702,39.65947],[9.5063,39.66109],[9.50806,39.6635],[9.5075,39.66498],[9.5068,39.66514],[9.50663,39.66545],[9.50725,39.66594],[9.5068,39.66685],[9.50645,39.66704],[9.50566,39.66872],[9.50462,39.66955],[9.50444,39.67137],[9.50291,39.67367],[9.50316,39.6737],[9.5026,39.67479],[9.50185,39.67504],[9.50145,39.67584],[9.50259,39.67647],[9.50302,39.67735],[9.50286,39.67865],[9.50168,39.67985],[9.50228,39.68121],[9.5011,39.68187],[9.50095,39.68337],[9.49899,39.68453],[9.49866,39.68856],[9.49786,39.68949],[9.49659,39.68984],[9.49673,39.69109],[9.4959,39.69186],[9.49449,39.69385],[9.49169,39.70143],[9.49055,39.70253],[9.48665,39.70434],[9.48574,39.70409],[9.48439,39.70572],[9.48185,39.70567],[9.47864,39.7067],[9.47853,39.70791],[9.47679,39.70879],[9.4754,39.71053],[9.47385,39.70965],[9.47328,39.7097],[9.47344,39.71051],[9.47181,39.71055],[9.47225,39.71208],[9.46905,39.71181],[9.46776,39.71256],[9.46601,39.71214],[9.465,39.71275],[9.46296,39.71115],[9.46144,39.71118],[9.45726,39.71035],[9.4553,39.7122],[9.45415,39.71252],[9.45203,39.71193],[9.45061,39.71184],[9.44775,39.71018],[9.44504,39.71054],[9.43621,39.7069],[9.41666,39.71373],[9.40858,39.71058],[9.4076,39.70739],[9.40521,39.70517],[9.40119,39.70638],[9.39909,39.70518],[9.39871,39.70429],[9.39636,39.70628],[9.39324,39.70697],[9.39218,39.7077],[9.39259,39.70946],[9.39399,39.71113],[9.3939,39.71304],[9.39203,39.71423],[9.39118,39.71424],[9.38737,39.71291],[9.3862,39.71441],[9.38542,39.71648],[9.38624,39.72193],[9.38533,39.72396],[9.397,39.73392],[9.39909,39.73289],[9.40004,39.73363],[9.40115,39.7378],[9.40099,39.73849],[9.39953,39.73989],[9.39937,39.74037],[9.39979,39.74069],[9.40165,39.74056],[9.40227,39.74083],[9.40259,39.74334],[9.40164,39.74398],[9.39895,39.74404],[9.39848,39.74426],[9.39837,39.74462],[9.40052,39.74722],[9.4015,39.74783],[9.40162,39.74938],[9.40255,39.74961],[9.40383,39.74911],[9.40672,39.75074],[9.40809,39.75074],[9.41149,39.74911],[9.41367,39.75076],[9.41209,39.75302],[9.40601,39.75699],[9.40665,39.76086],[9.40516,39.76244],[9.40464,39.76405],[9.40015,39.76626],[9.39857,39.77014],[9.39577,39.77259],[9.3959,39.77389],[9.39476,39.77482],[9.39456,39.77674],[9.39387,39.77838],[9.39369,39.77855],[9.3907,39.778],[9.38443,39.77854],[9.38291,39.78048],[9.38218,39.78304],[9.37743,39.78684],[9.37649,39.79112],[9.3729,39.79239],[9.37044,39.79634],[9.36875,39.79681],[9.36702,39.79899],[9.36304,39.80186],[9.3623,39.8042],[9.36174,39.81315],[9.36493,39.81467],[9.3655,39.81571],[9.36825,39.81558],[9.3732,39.81782],[9.37744,39.82224],[9.37649,39.82856],[9.37706,39.82976],[9.37854,39.82996],[9.37853,39.83087],[9.37518,39.83212],[9.37109,39.83193],[9.36983,39.83398],[9.36969,39.83946],[9.37055,39.84088],[9.3725,39.84103],[9.37477,39.84034],[9.37883,39.84202],[9.38024,39.84184],[9.38097,39.84213],[9.38178,39.84324],[9.38412,39.84425],[9.38495,39.84425],[9.38572,39.84354],[9.39113,39.84411],[9.39775,39.84205],[9.39874,39.84287],[9.39936,39.84475],[9.39982,39.84528],[9.40046,39.84582],[9.40205,39.84623],[9.40286,39.84683],[9.4043,39.84739],[9.40469,39.84815],[9.40581,39.84909],[9.40536,39.85044],[9.40571,39.85575],[9.4054,39.8572],[9.40834,39.86084],[9.40813,39.8622],[9.40568,39.86325],[9.40623,39.86562],[9.40877,39.86874],[9.4098,39.87122],[9.41071,39.87201],[9.41391,39.8728],[9.41457,39.87488],[9.41417,39.87849],[9.41704,39.88373],[9.41571,39.88639],[9.41234,39.88961],[9.41239,39.89267],[9.40792,39.89693],[9.38843,39.91231],[9.38514,39.9165],[9.38056,39.91728],[9.37782,39.9173],[9.37718,39.91695],[9.37663,39.91629],[9.37666,39.91598],[9.379,39.91199],[9.3791,39.91116],[9.37904,39.91069],[9.37869,39.91036],[9.37645,39.90968],[9.37453,39.9099],[9.37301,39.91051],[9.37175,39.91203],[9.37079,39.9139],[9.36937,39.91458],[9.36821,39.91444],[9.3677,39.91377],[9.36756,39.91238],[9.36893,39.91041],[9.37152,39.90868],[9.37133,39.90806],[9.37001,39.90758],[9.36897,39.9056],[9.3674,39.90475],[9.36596,39.90459],[9.36393,39.90534],[9.36277,39.90652],[9.36197,39.90676],[9.35997,39.90606],[9.35917,39.90519],[9.35858,39.90501],[9.35664,39.90359],[9.35515,39.90331],[9.3544,39.90371],[9.35305,39.90562],[9.35223,39.90631],[9.35119,39.90692],[9.35026,39.90701],[9.3488,39.90808],[9.34831,39.90935],[9.34967,39.91109],[9.34912,39.91185],[9.34789,39.91214],[9.34414,39.91098],[9.34147,39.90945],[9.34089,39.90964],[9.34063,39.91091],[9.33931,39.91203],[9.33834,39.91146],[9.33696,39.90938],[9.33519,39.90901],[9.33238,39.90954],[9.33017,39.91058],[9.32827,39.91073],[9.32552,39.90964],[9.32375,39.90827],[9.32257,39.90797],[9.32113,39.90869],[9.31967,39.91081],[9.31864,39.91151],[9.31766,39.91159],[9.31692,39.91073],[9.31638,39.9106],[9.31506,39.91102],[9.31377,39.91264],[9.31303,39.91425],[9.31232,39.91449],[9.30875,39.91388],[9.30496,39.91392],[9.30287,39.91271],[9.30097,39.91259],[9.29914,39.91292],[9.29728,39.91452],[9.29589,39.91492],[9.29362,39.91325],[9.29296,39.91318],[9.29139,39.91424],[9.29136,39.91537],[9.29026,39.91759],[9.28948,39.91826],[9.28894,39.91823],[9.28784,39.91639],[9.28561,39.91521],[9.28564,39.91467],[9.28642,39.91413],[9.28625,39.91339],[9.28578,39.91252],[9.2848,39.91228],[9.28446,39.91142],[9.28391,39.91119],[9.28295,39.91168],[9.28253,39.9129],[9.28315,39.91611],[9.28299,39.91694],[9.28023,39.91706],[9.2805,39.91902],[9.27893,39.92024],[9.28075,39.92056],[9.28162,39.92227],[9.28265,39.92123],[9.28444,39.92343],[9.28748,39.92329],[9.2892,39.92528],[9.28889,39.9262],[9.28753,39.92692],[9.28632,39.92956],[9.28797,39.93169],[9.28636,39.93436],[9.28491,39.93533],[9.28452,39.93694],[9.28383,39.93689],[9.2825,39.93873],[9.283,39.9396],[9.28117,39.94169],[9.281,39.94296],[9.27877,39.94374],[9.27809,39.94518],[9.28252,39.95229],[9.28285,39.95498],[9.28681,39.96039],[9.28699,39.96282],[9.28903,39.96492],[9.28935,39.96639],[9.28876,39.96893],[9.29006,39.9702],[9.29051,39.97164],[9.28803,39.97655],[9.29094,39.983],[9.29661,39.9833],[9.30416,39.98686],[9.31553,39.99025],[9.32291,39.99527],[9.32117,39.99598],[9.31913,39.99951],[9.31944,40.00112],[9.31874,40.00504],[9.31897,40.00795],[9.31875,40.00876],[9.31788,40.0095],[9.31559,40.01021],[9.31288,40.01177],[9.31026,40.01271],[9.30987,40.01313],[9.30336,40.01568],[9.30256,40.01579],[9.30005,40.01872],[9.29915,40.02065],[9.29811,40.02115],[9.29702,40.02244],[9.29587,40.02448],[9.29563,40.02576],[9.29589,40.02665],[9.29573,40.02717],[9.29316,40.03113],[9.29437,40.03196],[9.29603,40.0343],[9.29843,40.03515],[9.29825,40.03608],[9.29847,40.03649],[9.30192,40.03748],[9.30657,40.03805],[9.31074,40.0385],[9.3178,40.03879],[9.31888,40.03934],[9.31964,40.0408],[9.32133,40.04165],[9.32148,40.04334],[9.31973,40.04568],[9.32127,40.04689],[9.32309,40.04778],[9.32429,40.0488],[9.32396,40.04986],[9.32366,40.04996],[9.32319,40.05105],[9.32286,40.05244],[9.32288,40.05573],[9.32356,40.05733],[9.32547,40.05845],[9.32646,40.05943],[9.32769,40.05963],[9.32986,40.06105],[9.33315,40.06257],[9.33333,40.06409],[9.333,40.06723],[9.33324,40.06822],[9.33392,40.06955],[9.337,40.07256],[9.34193,40.07251],[9.3452,40.07347],[9.3519,40.07422],[9.35659,40.07335],[9.35956,40.07478],[9.36186,40.0745],[9.36326,40.07383],[9.36889,40.07231],[9.37001,40.07364],[9.37168,40.07434],[9.37428,40.07662],[9.37663,40.07686],[9.37767,40.07733],[9.38103,40.07787],[9.38191,40.07865],[9.38182,40.07938],[9.38243,40.07971],[9.38337,40.08255],[9.38597,40.08266],[9.38572,40.08463],[9.38604,40.08666],[9.38574,40.08715],[9.38438,40.08786],[9.38433,40.08838],[9.3877,40.08904],[9.38815,40.0898],[9.39012,40.09031],[9.39174,40.09214],[9.39182,40.09306],[9.39318,40.09346],[9.39275,40.09402],[9.3928,40.09437],[9.39354,40.09423],[9.39612,40.09274],[9.39639,40.09196],[9.39689,40.09186],[9.39919,40.094],[9.40359,40.09341],[9.40705,40.09462],[9.40951,40.09464],[9.41031,40.09518],[9.41139,40.09539],[9.41454,40.09483],[9.41587,40.0956],[9.4165,40.09663],[9.41633,40.09769],[9.41667,40.09843],[9.41918,40.10022],[9.42429,40.10169],[9.42562,40.10122],[9.42623,40.10133],[9.4267,40.10239],[9.43119,40.10367],[9.43155,40.10459],[9.43221,40.10467],[9.43413,40.10387],[9.4345,40.10405],[9.43477,40.10461],[9.4335,40.10507],[9.43339,40.10566],[9.43669,40.10763],[9.43678,40.10994],[9.43712,40.11082],[9.43863,40.11139],[9.44219,40.1119],[9.4427,40.11238],[9.44313,40.11522],[9.44134,40.11635],[9.44178,40.11755],[9.44202,40.11928],[9.44144,40.12009],[9.44117,40.12148],[9.44074,40.12202],[9.44082,40.1226],[9.44041,40.1243],[9.44171,40.12493],[9.44208,40.12564],[9.44378,40.12636],[9.44437,40.12828],[9.4476,40.12954],[9.44846,40.13168],[9.44806,40.13396],[9.44985,40.13526],[9.44986,40.13589],[9.45298,40.13854],[9.45376,40.14061],[9.45566,40.14281],[9.45694,40.14402],[9.45824,40.14435],[9.46076,40.14373],[9.4667,40.14569],[9.4687,40.1456],[9.47041,40.14604],[9.47276,40.14744],[9.47511,40.1479],[9.47672,40.14921],[9.47679,40.14972],[9.47597,40.14958],[9.47599,40.15362],[9.47631,40.15403],[9.47782,40.15466],[9.47815,40.15504],[9.47752,40.16072],[9.47778,40.16236],[9.47692,40.16606],[9.47766,40.16825],[9.4844,40.17154],[9.48886,40.17606],[9.48982,40.17763],[9.48955,40.17809],[9.49213,40.18194],[9.49505,40.18354],[9.49487,40.18464],[9.49529,40.18641],[9.49564,40.1865],[9.49784,40.18447],[9.49975,40.18447],[9.5008,40.1853],[9.50211,40.18508],[9.50378,40.18559],[9.50808,40.18599],[9.50818,40.18644],[9.51012,40.18678],[9.51237,40.1877],[9.51289,40.18863],[9.51331,40.18842],[9.51378,40.18894],[9.51578,40.18966],[9.5162,40.19005],[9.5163,40.19047],[9.5158,40.19055],[9.51583,40.1908],[9.51697,40.19225],[9.51689,40.1938],[9.51724,40.19508],[9.51755,40.19554],[9.51832,40.19593],[9.5197,40.19616],[9.51935,40.19801],[9.51795,40.20221],[9.51838,40.20377],[9.51956,40.20513],[9.51985,40.20776],[9.52056,40.20834],[9.52069,40.2088],[9.51954,40.21018],[9.5192,40.2113],[9.51833,40.21188],[9.52263,40.21548],[9.52576,40.21863],[9.5563,40.20288],[9.56688,40.19899],[9.57729,40.1947],[9.57843,40.19699],[9.57829,40.19743],[9.58103,40.20016],[9.58314,40.20097],[9.58439,40.20446],[9.58679,40.20752],[9.58789,40.20846],[9.59128,40.20998],[9.59408,40.21176],[9.59464,40.21247],[9.59477,40.21349],[9.59522,40.21439],[9.59756,40.21633],[9.59983,40.21687],[9.6029,40.21699],[9.60447,40.21785],[9.60504,40.21754],[9.60547,40.21678],[9.60685,40.21669],[9.60735,40.21729],[9.60786,40.21927],[9.60843,40.21928],[9.60919,40.21862],[9.60999,40.21925],[9.60927,40.22078],[9.60972,40.22226],[9.61186,40.22246],[9.61529,40.22216],[9.61634,40.22183],[9.61836,40.22341],[9.62005,40.224],[9.62113,40.22288],[9.62348,40.22444],[9.62503,40.22493],[9.62691,40.22412],[9.62784,40.22477],[9.62878,40.22492],[9.62856,40.22473],[9.62877,40.22434],[9.62854,40.22261],[9.6287,40.22222],[9.62757,40.22045],[9.62702,40.22031],[9.62743,40.22003],[9.62757,40.21793],[9.62798,40.21724],[9.62808,40.21615],[9.62846,40.21578],[9.62809,40.215],[9.62828,40.21442],[9.62726,40.21354],[9.62691,40.21351],[9.62645,40.21281],[9.62627,40.21199],[9.62685,40.21162],[9.62695,40.21118],[9.62635,40.20974],[9.62587,40.20933],[9.62596,40.20847],[9.62567,40.20789],[9.62675,40.20599],[9.62697,40.2028],[9.62755,40.20063],[9.62811,40.19956],[9.62772,40.19841],[9.62801,40.19799],[9.62765,40.19704],[9.62804,40.19664],[9.62871,40.19472],[9.62887,40.1929],[9.62919,40.19213],[9.62893,40.19143],[9.62947,40.19066],[9.62942,40.1903],[9.63013,40.19033],[9.62994,40.1892],[9.63082,40.18775],[9.63102,40.18566],[9.63168,40.18525],[9.63218,40.18517],[9.63238,40.18537],[9.63348,40.18377],[9.63356,40.18259],[9.63331,40.18223],[9.63386,40.18182],[9.63403,40.18002],[9.63479,40.17884],[9.63544,40.17884],[9.63544,40.17798],[9.63648,40.17815],[9.63714,40.17697],[9.63788,40.17674],[9.63845,40.1769],[9.63996,40.17645],[9.64067,40.17607],[9.64154,40.17506],[9.64246,40.17483],[9.6438,40.17338],[9.6438,40.17288],[9.64341,40.17238],[9.64364,40.17196],[9.6445,40.17176],[9.64559,40.1705],[9.64573,40.16918],[9.64614,40.16854],[9.64662,40.16834],[9.64641,40.16809],[9.64678,40.16736],[9.64638,40.16695],[9.6459,40.16516],[9.64631,40.16439],[9.6473,40.16408],[9.64765,40.16331],[9.64805,40.16317],[9.6481,40.16281],[9.64758,40.16269],[9.64774,40.16216],[9.64817,40.16203],[9.64898,40.16226],[9.64868,40.16159],[9.64928,40.16155],[9.65039,40.16092],[9.65057,40.15978],[9.65002,40.15971],[9.65062,40.15953],[9.65072,40.15907],[9.6513,40.15881],[9.65104,40.15857],[9.65218,40.15649],[9.65431,40.15372],[9.65449,40.15009],[9.65417,40.14948],[9.65259,40.14841],[9.65321,40.14756],[9.65384,40.1473],[9.65406,40.14774],[9.65422,40.14699],[9.65347,40.14691],[9.65363,40.14664],[9.65418,40.14671],[9.65428,40.14651],[9.65379,40.14635],[9.6545,40.14465],[9.65416,40.14435],[9.65403,40.14347],[9.65553,40.14262],[9.65703,40.14235],[9.65734,40.14174],[9.65766,40.1419],[9.65803,40.14165],[9.65859,40.14095],[9.66081,40.13925],[9.66166,40.13911],[9.66207,40.1387],[9.66202,40.13844],[9.66266,40.13801],[9.66257,40.13764],[9.66395,40.13558],[9.66481,40.13375],[9.66556,40.13297],[9.66574,40.13219],[9.66616,40.13282],[9.66664,40.13295],[9.66953,40.13186],[9.66994,40.13027],[9.6706,40.12982],[9.67069,40.129],[9.6713,40.12849],[9.67214,40.1283],[9.67224,40.12697],[9.67339,40.12728],[9.67396,40.12666],[9.67465,40.12652],[9.67484,40.12575],[9.6751,40.1256],[9.67478,40.1251],[9.67508,40.12449],[9.67585,40.12406],[9.67624,40.12439],[9.67678,40.12417],[9.67677,40.12349],[9.67755,40.12269],[9.67879,40.12266],[9.67902,40.12236],[9.67964,40.12253],[9.67977,40.12232],[9.67922,40.12195],[9.67952,40.1216],[9.67939,40.12115],[9.67963,40.1206],[9.68381,40.11664],[9.68394,40.11602],[9.68355,40.11564],[9.68342,40.11482],[9.68383,40.11461],[9.68426,40.11474],[9.68466,40.11411],[9.68554,40.11349],[9.68542,40.11288],[9.68508,40.11261],[9.68514,40.1117],[9.68749,40.11004],[9.68952,40.10821],[9.69012,40.1079],[9.69128,40.10859],[9.69139,40.10793],[9.69245,40.10729],[9.69315,40.10646],[9.69382,40.10657],[9.69413,40.10642],[9.69408,40.10619],[9.69639,40.10583],[9.69682,40.10506],[9.69745,40.10476],[9.69727,40.10445],[9.69767,40.10365],[9.70002,40.1027],[9.70055,40.10226],[9.70143,40.1022],[9.70227,40.10164],[9.70318,40.10161],[9.70335,40.10115],[9.70608,40.10106],[9.70869,40.1004],[9.71061,40.09899],[9.71297,40.09801],[9.71321,40.09714],[9.71525,40.09636],[9.71681,40.09525],[9.72059,40.0947],[9.72257,40.09355],[9.72367,40.09324],[9.72563,40.09175],[9.72578,40.09136],[9.72525,40.09076],[9.72689,40.09117],[9.72729,40.0911],[9.72727,40.09085],[9.72831,40.09103],[9.72915,40.0908],[9.73098,40.08851],[9.73141,40.08754],[9.73131,40.08714],[9.73189,40.08711],[9.73156,40.08617],[9.7321,40.08545],[9.73245,40.08557],[9.73214,40.086],[9.73223,40.08628],[9.73324,40.08702],[9.73388,40.0864],[9.73424,40.0834],[9.73345,40.08215],[9.73266,40.08189],[9.73294,40.08142],[9.73261,40.08112],[9.73261,40.08061],[9.73284,40.08107],[9.7335,40.08148],[9.73443,40.08153],[9.73424,40.08051],[9.73456,40.07978],[9.73483,40.07998],[9.7352,40.07942],[9.73544,40.07844],[9.73521,40.07566],[9.73385,40.07365],[9.73262,40.07302],[9.73151,40.07317],[9.73145,40.07286],[9.7308,40.07241],[9.72945,40.07214],[9.72879,40.07072],[9.72808,40.07061],[9.7275,40.07018],[9.72796,40.06887],[9.72833,40.06879],[9.72843,40.06813],[9.72823,40.06752],[9.72798,40.06751],[9.728,40.06712],[9.72694,40.06576],[9.72716,40.06391],[9.72645,40.06274],[9.72681,40.06055],[9.72592,40.06004],[9.7257,40.05965],[9.72425,40.05935],[9.72425,40.05699],[9.72398,40.05666],[9.72334,40.05692],[9.72214,40.05583],[9.72226,40.05506],[9.72143,40.05473],[9.72179,40.0539],[9.72118,40.0526],[9.72172,40.05174],[9.7218,40.05106],[9.72235,40.0508],[9.72182,40.05067],[9.72189,40.05023],[9.72166,40.05018],[9.72202,40.04989],[9.72149,40.04961],[9.72187,40.04963],[9.72158,40.04929],[9.72199,40.04937],[9.72198,40.04914],[9.72022,40.04882],[9.7198,40.0485],[9.71988,40.04825],[9.71912,40.04793],[9.71878,40.04804],[9.71851,40.04734],[9.71619,40.04594],[9.71603,40.04519],[9.71566,40.04484],[9.71576,40.04426],[9.71475,40.04404],[9.71425,40.04272],[9.71456,40.04262],[9.71407,40.04252],[9.71426,40.04236],[9.71406,40.04207],[9.7145,40.04167],[9.71433,40.0411],[9.71483,40.04069],[9.71454,40.04038],[9.71419,40.04053],[9.71193,40.04028],[9.71085,40.03986],[9.71009,40.03784],[9.70823,40.03722],[9.70755,40.03552],[9.70548,40.03345],[9.7052,40.03224],[9.70556,40.0319],[9.70564,40.03084],[9.70512,40.03015],[9.70594,40.02921],[9.70609,40.02848],[9.70631,40.02869],[9.70666,40.02811],[9.7073,40.02818],[9.70764,40.02742],[9.7074,40.02698],[9.70678,40.02722],[9.70632,40.02698],[9.70533,40.02567],[9.7044,40.02564],[9.70337,40.02521],[9.70352,40.02461],[9.70305,40.02444],[9.7027,40.02371],[9.70276,40.02319],[9.70238,40.02302],[9.70235,40.0222],[9.70255,40.02206],[9.70221,40.02198],[9.70249,40.02178],[9.70206,40.02171],[9.70123,40.02067],[9.70136,40.02024],[9.70072,40.01947],[9.69976,40.01734],[9.69985,40.01577],[9.70135,40.01461],[9.70114,40.0134],[9.70146,40.01275],[9.7012,40.01258],[9.70173,40.01213],[9.70174,40.01172],[9.70152,40.01111],[9.70157,40.00982],[9.70051,40.0085],[9.70048,40.00798],[9.70016,40.00789],[9.70014,40.00749],[9.70055,40.00713],[9.7003,40.00705],[9.70048,40.00673],[9.70017,40.00663],[9.70016,40.00627],[9.69935,40.00602],[9.69941,40.00567],[9.69899,40.0056],[9.69914,40.00524],[9.69847,40.00461],[9.6987,40.00366],[9.69819,40.00341],[9.69837,40.00302],[9.69937,40.00242],[9.69907,40.00221],[9.69924,40.00206],[9.69909,40.00191],[9.69988,40.00026],[9.69886,39.99996],[9.69875,39.99961],[9.69808,39.99931],[9.69767,39.99862],[9.6962,39.99745],[9.69598,39.99683],[9.69628,39.996],[9.69514,39.99515],[9.69487,39.99377],[9.69405,39.99331],[9.69481,39.9916],[9.69437,39.99023],[9.69379,39.99038],[9.69424,39.99094],[9.69359,39.99108],[9.6943,39.99111],[9.6944,39.99143],[9.6938,39.99283],[9.69152,39.992],[9.69132,39.99173],[9.69198,39.99039],[9.69299,39.99084],[9.69312,39.99064],[9.69159,39.99012],[9.69145,39.98812],[9.69024,39.98815],[9.68941,39.98762],[9.68818,39.98612],[9.68804,39.9852],[9.68712,39.98492],[9.68681,39.98412],[9.68708,39.98092],[9.68746,39.97942],[9.68711,39.97899],[9.68706,39.97805],[9.68826,39.9748],[9.68807,39.97417],[9.68732,39.97347],[9.68654,39.97193],[9.68647,39.97071],[9.68574,39.96785],[9.68549,39.96404],[9.68492,39.96265],[9.68478,39.96125],[9.68508,39.95916],[9.68493,39.95748],[9.6856,39.95192],[9.68687,39.94893],[9.68746,39.94846],[9.68799,39.94849],[9.68578,39.9479],[9.68613,39.94731],[9.68667,39.9475],[9.68838,39.94829],[9.6881,39.94877],[9.68834,39.94884],[9.68861,39.94822],[9.68767,39.9477],[9.68762,39.94744],[9.68783,39.94708],[9.68866,39.94711],[9.68794,39.94695],[9.68805,39.94648],[9.69003,39.94365],[9.69188,39.94193],[9.69406,39.94037],[9.69444,39.94023],[9.69542,39.94066],[9.69398,39.93971],[9.69413,39.93965],[9.69373,39.93928],[9.69446,39.93942],[9.69511,39.94009],[9.69596,39.94046],[9.69558,39.94084],[9.6957,39.94103],[9.69626,39.94047],[9.69508,39.93974],[9.69512,39.93938],[9.69617,39.93864],[9.69788,39.93824],[9.7017,39.94034],[9.70282,39.94062],[9.70276,39.94028],[9.7023,39.94028],[9.70245,39.93998],[9.69835,39.93782],[9.69826,39.93757],[9.69977,39.93588],[9.70471,39.93705],[9.70465,39.93751],[9.70503,39.93652],[9.70559,39.9364],[9.70549,39.93663],[9.70569,39.93648],[9.70571,39.9369],[9.70599,39.93696],[9.7056,39.93749],[9.70653,39.93771],[9.70633,39.93824],[9.70478,39.9381],[9.70684,39.93859],[9.7071,39.93888],[9.70722,39.93861],[9.7076,39.93877],[9.7075,39.93845],[9.70784,39.93837],[9.70794,39.93873],[9.70721,39.93899],[9.70763,39.93949],[9.70734,39.93971],[9.70759,39.9399],[9.70609,39.94105],[9.70638,39.94129],[9.70606,39.94152],[9.70475,39.9414],[9.70442,39.94162],[9.70521,39.94243],[9.70286,39.94421],[9.70229,39.94434],[9.7024,39.94472],[9.70282,39.94471],[9.7077,39.94113],[9.70828,39.94034],[9.70857,39.93939],[9.70877,39.9393],[9.70882,39.93962],[9.70993,39.93914],[9.71001,39.93945],[9.71059,39.93915],[9.71171,39.93928],[9.71285,39.9389],[9.71267,39.93867],[9.71314,39.9384],[9.71351,39.93777],[9.71294,39.93762],[9.71304,39.93731],[9.7128,39.93732],[9.71258,39.93661],[9.71219,39.93632],[9.71065,39.93593],[9.71067,39.93547],[9.71105,39.93517],[9.71207,39.93504],[9.71371,39.93362],[9.71582,39.93321],[9.71597,39.93307],[9.71568,39.9328],[9.71561,39.93103],[9.71625,39.93049],[9.71586,39.92944],[9.71561,39.92726],[9.71463,39.92665],[9.71416,39.92604],[9.71445,39.92497],[9.71368,39.92428],[9.71421,39.9234],[9.71363,39.92311],[9.71272,39.92357],[9.71289,39.92281],[9.71226,39.92279],[9.71253,39.92191],[9.71342,39.92172],[9.71371,39.92119],[9.71301,39.92134],[9.71267,39.92111],[9.71091,39.92197],[9.71068,39.92193],[9.7107,39.92146],[9.7105,39.92138],[9.70889,39.92403],[9.70585,39.92458],[9.70457,39.92413],[9.70388,39.92346],[9.70379,39.9216],[9.7046,39.91961],[9.70436,39.91931],[9.70474,39.91886],[9.7044,39.91839],[9.70372,39.91818],[9.7036,39.91847],[9.70256,39.91825],[9.70187,39.91854],[9.70036,39.91992],[9.7003,39.92101],[9.70013,39.92077],[9.69941,39.92099],[9.69665,39.92072],[9.69365,39.91925],[9.6888,39.91441],[9.68825,39.91356],[9.68844,39.91311],[9.68765,39.913],[9.68757,39.9122],[9.68796,39.91208],[9.68684,39.91169],[9.68453,39.90808],[9.68417,39.9067],[9.68349,39.90589],[9.68303,39.90363],[9.68314,39.90303],[9.68235,39.90208],[9.68248,39.90119],[9.68269,39.90107],[9.68207,39.90003],[9.68192,39.89816],[9.68217,39.8977],[9.68299,39.89739],[9.68359,39.89657],[9.6825,39.89664],[9.6821,39.89552],[9.68258,39.89479],[9.68342,39.89426],[9.68368,39.89367],[9.68334,39.89343],[9.68217,39.89333],[9.6812,39.89057],[9.68105,39.88919],[9.68138,39.88822],[9.68108,39.88711],[9.68182,39.88682],[9.68214,39.88632],[9.68117,39.88595],[9.68174,39.8848],[9.68155,39.88453],[9.68167,39.8841],[9.68097,39.88396],[9.68167,39.8832],[9.68107,39.88237],[9.68175,39.88107],[9.68264,39.88084],[9.68334,39.88148],[9.68396,39.8813],[9.68413,39.88101],[9.6837,39.87948],[9.6852,39.87882],[9.68552,39.87811],[9.68505,39.87707],[9.68407,39.87684],[9.6843,39.87552],[9.68372,39.87495],[9.68384,39.87392],[9.68269,39.87434],[9.68235,39.87433],[9.68322,39.87403],[9.68281,39.8738],[9.68243,39.87305],[9.68241,39.8711],[9.68327,39.86823],[9.68412,39.86681],[9.68527,39.8656],[9.68599,39.86508],[9.68687,39.86527],[9.68764,39.86496],[9.68831,39.86564],[9.68905,39.86548],[9.68881,39.86498],[9.68898,39.86467],[9.6885,39.86397],[9.68714,39.86329],[9.68705,39.86255],[9.68756,39.86163],[9.68984,39.86125],[9.69109,39.86223],[9.69231,39.86127],[9.69326,39.86094],[9.69312,39.85664],[9.69353,39.85622],[9.69484,39.85584],[9.69495,39.85495],[9.69542,39.85492],[9.6963,39.85405],[9.69661,39.85274],[9.69607,39.8504],[9.69328,39.84835],[9.69104,39.84857],[9.69104,39.84769],[9.68852,39.84533],[9.68762,39.84372],[9.68687,39.84303],[9.68595,39.84263],[9.6848,39.84119],[9.6818,39.83263],[9.68215,39.83073],[9.68272,39.83038],[9.68337,39.83066],[9.68368,39.83023],[9.68343,39.82986],[9.68287,39.83015],[9.68256,39.82985],[9.682,39.82993],[9.68047,39.82785],[9.67991,39.82579],[9.67752,39.82091],[9.67663,39.81767],[9.67546,39.81538],[9.67527,39.81225],[9.67352,39.80769],[9.67354,39.80461],[9.67302,39.80402],[9.67202,39.80092],[9.67179,39.79803],[9.67209,39.7966],[9.67102,39.79397],[9.67054,39.79069],[9.67072,39.79],[9.67052,39.78778],[9.67112,39.78677],[9.67166,39.78685],[9.67014,39.78628],[9.6695,39.78214],[9.66938,39.77944],[9.66864,39.7769],[9.66828,39.77242],[9.66842,39.76755],[9.66878,39.76666],[9.67145,39.76407],[9.67185,39.76277],[9.67212,39.75894],[9.67248,39.75775],[9.67313,39.75776],[9.67255,39.75629],[9.67272,39.75578],[9.67372,39.75495]]]}},{"type":"Feature","properties":{"nome":"Campidano di Cagliari","limiti_indicativi":true,"fonte":"GeoNue/Nordai — Esercitazione 3, regioni_storiciche"},"geometry":{"type":"MultiPolygon","coordinates":[[[[9.20504,39.34655],[9.2072,39.34723],[9.20883,39.34657],[9.2132,39.34555],[9.21404,39.34496],[9.22165,39.3428],[9.22242,39.34359],[9.22404,39.34438],[9.22506,39.3444],[9.22703,39.34391],[9.22713,39.34449],[9.22758,39.34463],[9.22982,39.34361],[9.23073,39.34351],[9.23088,39.3437],[9.23051,39.34398],[9.23046,39.34511],[9.23071,39.34526],[9.23101,39.34493],[9.23252,39.34608],[9.2338,39.34553],[9.23559,39.34563],[9.23578,39.34583],[9.23567,39.34609],[9.23623,39.34654],[9.23973,39.3467],[9.24199,39.34758],[9.24311,39.34712],[9.33091,39.35026],[9.33158,39.35006],[9.33382,39.34749],[9.34745,39.33426],[9.36001,39.31958],[9.36663,39.31486],[9.36777,39.31482],[9.36964,39.31392],[9.37171,39.31391],[9.37336,39.31209],[9.37462,39.31201],[9.37716,39.3126],[9.38205,39.31289],[9.38447,39.3134],[9.38538,39.31328],[9.38917,39.31457],[9.39297,39.31465],[9.39869,39.31797],[9.40203,39.31759],[9.40445,39.31772],[9.40666,39.31694],[9.40894,39.31655],[9.41072,39.31572],[9.41376,39.30986],[9.4175,39.30779],[9.41845,39.3075],[9.41959,39.30767],[9.42035,39.30659],[9.42212,39.30594],[9.42716,39.30716],[9.42738,39.30304],[9.43533,39.29906],[9.44354,39.29391],[9.44527,39.28327],[9.44637,39.28125],[9.44457,39.27804],[9.44359,39.27372],[9.44392,39.26986],[9.4467,39.26753],[9.45129,39.25974],[9.46988,39.23261],[9.48023,39.21697],[9.48472,39.20963],[9.48665,39.20733],[9.48538,39.20553],[9.48242,39.19926],[9.47673,39.18564],[9.4751,39.1703],[9.47376,39.16046],[9.46751,39.15316],[9.46483,39.14962],[9.45995,39.14621],[9.45781,39.14427],[9.45655,39.14361],[9.45192,39.1424],[9.4501,39.14146],[9.4496,39.13985],[9.44677,39.13633],[9.44482,39.13433],[9.44444,39.13244],[9.44267,39.13172],[9.44228,39.12702],[9.44213,39.1268],[9.44177,39.12711],[9.44176,39.12685],[9.44136,39.12738],[9.44079,39.12725],[9.44082,39.12679],[9.44028,39.1268],[9.44023,39.1262],[9.43973,39.12612],[9.44022,39.1245],[9.43989,39.12354],[9.43922,39.12346],[9.43898,39.12317],[9.43935,39.1224],[9.439,39.12228],[9.43879,39.1218],[9.43836,39.12209],[9.4375,39.12205],[9.43614,39.12416],[9.43506,39.12471],[9.43405,39.1257],[9.43418,39.12763],[9.43366,39.12933],[9.43402,39.12954],[9.4341,39.13121],[9.43045,39.13361],[9.42611,39.1353],[9.42517,39.13546],[9.42436,39.13469],[9.42339,39.13491],[9.42244,39.13367],[9.42204,39.13367],[9.4219,39.13337],[9.42063,39.13344],[9.42021,39.13306],[9.4194,39.134],[9.41735,39.13402],[9.41806,39.13525],[9.41744,39.13618],[9.41677,39.13646],[9.41591,39.13742],[9.41558,39.13795],[9.41549,39.13885],[9.41021,39.14119],[9.40969,39.14125],[9.40956,39.14095],[9.409,39.14093],[9.40873,39.14165],[9.40896,39.1417],[9.4089,39.14239],[9.40845,39.14296],[9.40862,39.14318],[9.40763,39.14382],[9.40607,39.14435],[9.40442,39.14455],[9.40332,39.14429],[9.40276,39.14281],[9.4015,39.1421],[9.40134,39.14116],[9.40104,39.14105],[9.4004,39.14121],[9.40018,39.14164],[9.39922,39.14188],[9.39856,39.14296],[9.39779,39.14305],[9.39725,39.14279],[9.39716,39.14239],[9.39679,39.14236],[9.39687,39.14202],[9.39618,39.14329],[9.39502,39.14411],[9.39371,39.14398],[9.39231,39.14463],[9.39201,39.14561],[9.3922,39.14747],[9.39181,39.14834],[9.3921,39.14849],[9.39214,39.14916],[9.39257,39.14937],[9.39317,39.15032],[9.39483,39.1546],[9.3932,39.15654],[9.39187,39.15741],[9.39074,39.15751],[9.38944,39.15713],[9.38828,39.15726],[9.38779,39.15795],[9.38664,39.15856],[9.38464,39.15756],[9.38415,39.15753],[9.38414,39.15774],[9.38351,39.15757],[9.38319,39.15807],[9.38393,39.1589],[9.38435,39.15901],[9.38434,39.15933],[9.38485,39.15939],[9.38481,39.15967],[9.38448,39.15963],[9.38459,39.16006],[9.38523,39.16007],[9.38547,39.16035],[9.38554,39.16105],[9.38518,39.16191],[9.38126,39.16545],[9.3774,39.16798],[9.37488,39.16917],[9.37449,39.16876],[9.3745,39.16907],[9.37427,39.16909],[9.37346,39.16879],[9.37078,39.16952],[9.37035,39.17038],[9.37131,39.17137],[9.37226,39.17181],[9.37222,39.17241],[9.37139,39.17352],[9.369,39.175],[9.36495,39.17638],[9.36488,39.17669],[9.36402,39.1771],[9.36188,39.17745],[9.36065,39.17804],[9.35746,39.17824],[9.35596,39.17915],[9.35479,39.17901],[9.35384,39.17745],[9.35299,39.17755],[9.35269,39.17724],[9.35253,39.1777],[9.34997,39.17854],[9.34837,39.18004],[9.34627,39.18081],[9.34528,39.18187],[9.34508,39.18298],[9.34417,39.1846],[9.34277,39.18519],[9.34137,39.18642],[9.34106,39.18885],[9.34021,39.18955],[9.3404,39.18964],[9.33927,39.19156],[9.33913,39.19282],[9.33879,39.19344],[9.33739,39.1941],[9.33408,39.19455],[9.33111,39.19631],[9.32978,39.1965],[9.32903,39.19636],[9.32837,39.19683],[9.32802,39.19824],[9.32724,39.19876],[9.32653,39.1987],[9.32672,39.1989],[9.32627,39.19906],[9.32487,39.19901],[9.32472,39.19808],[9.32394,39.19794],[9.32408,39.19764],[9.32366,39.19741],[9.32342,39.19777],[9.32363,39.19813],[9.32341,39.19916],[9.3227,39.19944],[9.32296,39.19972],[9.32253,39.2001],[9.32343,39.20095],[9.32319,39.20301],[9.32145,39.20413],[9.32007,39.20471],[9.31807,39.20504],[9.31572,39.20512],[9.31291,39.20485],[9.31224,39.20569],[9.31085,39.20596],[9.30969,39.20558],[9.30918,39.20516],[9.30901,39.20533],[9.30757,39.20517],[9.30647,39.20558],[9.30485,39.20572],[9.30449,39.20478],[9.30386,39.2044],[9.30055,39.2047],[9.3024,39.20488],[9.30359,39.20461],[9.30426,39.20495],[9.30464,39.20597],[9.3045,39.20658],[9.30428,39.20602],[9.30453,39.20718],[9.30405,39.20725],[9.30388,39.20653],[9.30401,39.20726],[9.30357,39.20732],[9.30341,39.20666],[9.30351,39.20722],[9.30306,39.20728],[9.30289,39.20673],[9.30303,39.20729],[9.30265,39.20734],[9.30247,39.20656],[9.30375,39.206],[9.30354,39.20602],[9.30336,39.20523],[9.30351,39.20603],[9.30303,39.20609],[9.3028,39.20531],[9.30299,39.2061],[9.30243,39.20618],[9.30239,39.20529],[9.30182,39.20524],[9.30227,39.20624],[9.30206,39.20665],[9.30024,39.20754],[9.29947,39.20831],[9.29964,39.21103],[9.29935,39.21185],[9.29847,39.21254],[9.29606,39.21331],[9.29351,39.21364],[9.29057,39.21332],[9.28841,39.21381],[9.28636,39.21373],[9.28518,39.21402],[9.28128,39.21416],[9.27613,39.21376],[9.27457,39.21334],[9.27343,39.21259],[9.27277,39.21348],[9.27017,39.21391],[9.26622,39.21626],[9.26331,39.217],[9.26091,39.21699],[9.2577,39.21624],[9.25422,39.21625],[9.25315,39.21596],[9.25129,39.21658],[9.2475,39.21643],[9.24593,39.21725],[9.24313,39.21819],[9.2417,39.22031],[9.23973,39.22163],[9.23922,39.22235],[9.23906,39.22315],[9.23791,39.22474],[9.23649,39.2256],[9.23362,39.22668],[9.23312,39.22712],[9.23059,39.22789],[9.22471,39.22829],[9.21942,39.22749],[9.21542,39.22751],[9.21134,39.22706],[9.20352,39.22518],[9.19189,39.22109],[9.18645,39.21873],[9.18044,39.21576],[9.17408,39.21188],[9.16966,39.20813],[9.16588,39.20536],[9.16237,39.20147],[9.16218,39.20113],[9.1627,39.20108],[9.16273,39.20067],[9.16214,39.20099],[9.16054,39.1985],[9.16068,39.19822],[9.16049,39.19813],[9.15969,39.1953],[9.15981,39.1935],[9.16171,39.19265],[9.1624,39.19283],[9.16245,39.19319],[9.16267,39.1931],[9.16289,39.19264],[9.16243,39.19275],[9.16192,39.1925],[9.16214,39.1923],[9.16226,39.19252],[9.16213,39.192],[9.16233,39.19193],[9.16264,39.19243],[9.16236,39.19192],[9.16266,39.19176],[9.16302,39.19241],[9.16269,39.19174],[9.16298,39.19163],[9.16338,39.19226],[9.16301,39.19161],[9.16333,39.19151],[9.16368,39.19212],[9.16336,39.19149],[9.16376,39.19136],[9.16405,39.19187],[9.16379,39.19134],[9.16434,39.1912],[9.16469,39.1921],[9.16451,39.19245],[9.16416,39.19223],[9.16449,39.19247],[9.16418,39.19274],[9.16378,39.19252],[9.16416,39.19277],[9.16358,39.1932],[9.1638,39.19335],[9.16495,39.19229],[9.16467,39.19119],[9.16817,39.19031],[9.169,39.18855],[9.16723,39.18699],[9.16606,39.18542],[9.16485,39.18511],[9.16437,39.18439],[9.16391,39.18429],[9.16369,39.18367],[9.16443,39.18299],[9.16432,39.18211],[9.16385,39.1823],[9.1627,39.18202],[9.16139,39.18323],[9.16098,39.18332],[9.16028,39.18298],[9.16051,39.18257],[9.16024,39.1821],[9.16077,39.18167],[9.16072,39.18135],[9.15995,39.18079],[9.15936,39.18069],[9.15859,39.181],[9.15886,39.18157],[9.15866,39.182],[9.15773,39.18253],[9.15702,39.18261],[9.15682,39.18296],[9.15624,39.18316],[9.15593,39.18386],[9.15527,39.18438],[9.15414,39.18512],[9.15321,39.1852],[9.15316,39.18593],[9.15216,39.18637],[9.15156,39.18641],[9.15029,39.18583],[9.14929,39.18448],[9.14877,39.18426],[9.14896,39.18388],[9.14872,39.18336],[9.14756,39.18297],[9.14751,39.18271],[9.14677,39.1829],[9.14612,39.18395],[9.14452,39.18553],[9.14153,39.1867],[9.14134,39.18726],[9.13893,39.19004],[9.13521,39.19319],[9.13434,39.19285],[9.13509,39.19338],[9.13467,39.19342],[9.13473,39.19361],[9.13162,39.19624],[9.12893,39.19956],[9.12821,39.19986],[9.11469,39.19928],[9.10968,39.19535],[9.10939,39.19536],[9.1094,39.19566],[9.10961,39.19561],[9.11466,39.19957],[9.12836,39.20022],[9.12824,39.20081],[9.12635,39.20271],[9.12384,39.20139],[9.12586,39.20276],[9.12566,39.20297],[9.126,39.20317],[9.12473,39.20453],[9.12336,39.20379],[9.12468,39.20456],[9.12433,39.20493],[9.1231,39.20426],[9.1243,39.20495],[9.12407,39.20526],[9.12372,39.20521],[9.12387,39.205],[9.12352,39.20511],[9.12367,39.2049],[9.12331,39.205],[9.12344,39.20478],[9.12308,39.20488],[9.12325,39.20468],[9.12285,39.20476],[9.12301,39.20457],[9.12282,39.20474],[9.12244,39.20455],[9.12258,39.20433],[9.12241,39.20453],[9.12213,39.20439],[9.12254,39.20375],[9.12198,39.20438],[9.12136,39.20412],[9.12036,39.20468],[9.12136,39.20424],[9.12385,39.20538],[9.12278,39.20658],[9.11992,39.20829],[9.11719,39.20915],[9.11695,39.2091],[9.11715,39.20886],[9.11688,39.20881],[9.11691,39.20909],[9.1154,39.20875],[9.11414,39.20662],[9.11254,39.20729],[9.11132,39.20743],[9.11242,39.20742],[9.11327,39.20699],[9.11481,39.20959],[9.1135,39.21004],[9.11365,39.21035],[9.11418,39.21019],[9.1148,39.21059],[9.11544,39.21164],[9.11451,39.21206],[9.11346,39.21079],[9.11291,39.21117],[9.11366,39.21212],[9.11137,39.21314],[9.11067,39.21239],[9.11009,39.21272],[9.11091,39.21355],[9.10999,39.21402],[9.10703,39.21305],[9.10896,39.2105],[9.10838,39.21024],[9.10857,39.21004],[9.10838,39.20987],[9.10796,39.20968],[9.10603,39.21222],[9.10403,39.2113],[9.10669,39.20782],[9.10554,39.2073],[9.10272,39.21098],[9.10211,39.21156],[9.10126,39.2115],[9.1,39.21277],[9.09954,39.21266],[9.10043,39.21097],[9.10027,39.21063],[9.10039,39.21097],[9.09953,39.21261],[9.09905,39.21244],[9.09989,39.21085],[9.09873,39.2105],[9.10005,39.20771],[9.10482,39.20409],[9.10997,39.20275],[9.11106,39.20136],[9.11082,39.20119],[9.10973,39.20254],[9.10464,39.20398],[9.09995,39.20759],[9.09827,39.21126],[9.09638,39.21393],[9.09291,39.2122],[9.09318,39.21168],[9.09271,39.21222],[9.09178,39.21194],[9.09099,39.21124],[9.09346,39.20802],[9.09568,39.20316],[9.09719,39.19859],[9.09727,39.19583],[9.09712,39.19484],[9.09683,39.19468],[9.09695,39.19877],[9.0955,39.20321],[9.09329,39.20799],[9.09245,39.20909],[9.09132,39.20888],[9.0845,39.2046],[9.08161,39.20632],[9.07923,39.20835],[9.07946,39.20852],[9.07969,39.20834],[9.08092,39.20927],[9.0809,39.2097],[9.08064,39.2095],[9.08033,39.20974],[9.07899,39.20854],[9.07748,39.20975],[9.07718,39.20953],[9.07662,39.20998],[9.07691,39.2102],[9.07676,39.21032],[9.07636,39.21001],[9.07669,39.21038],[9.07294,39.21336],[9.07246,39.21312],[9.07287,39.21343],[9.06199,39.22195],[9.05974,39.22213],[9.05905,39.22196],[9.05649,39.22],[9.05648,39.21738],[9.0586,39.21573],[9.06577,39.21499],[9.07936,39.20427],[9.08109,39.20238],[9.07687,39.19962],[9.0767,39.19928],[9.08083,39.1968],[9.08916,39.19346],[9.0925,39.19267],[9.09379,39.19262],[9.09394,39.19242],[9.09252,39.19251],[9.08904,39.19333],[9.08111,39.19651],[9.07346,39.20105],[9.06864,39.19853],[9.064,39.1952],[9.06333,39.19422],[9.06453,39.19297],[9.06405,39.19264],[9.06448,39.19253],[9.06501,39.1928],[9.06513,39.19251],[9.06448,39.19237],[9.06373,39.19257],[9.06206,39.19371],[9.0618,39.19364],[9.05595,39.18895],[9.03926,39.17366],[9.03912,39.17347],[9.03963,39.17295],[9.03944,39.1728],[9.0397,39.17244],[9.03915,39.17279],[9.03862,39.17247],[9.03457,39.168],[9.03485,39.16764],[9.03422,39.1677],[9.03398,39.16725],[9.03422,39.16707],[9.03369,39.16699],[9.03276,39.16599],[9.04483,39.15904],[9.04513,39.1595],[9.04539,39.15935],[9.04494,39.15897],[9.04792,39.15738],[9.04766,39.15712],[9.04485,39.15889],[9.04453,39.15844],[9.04429,39.15858],[9.04475,39.15895],[9.03267,39.1659],[9.02892,39.162],[9.02704,39.1595],[9.02633,39.15813],[9.02692,39.15778],[9.0253,39.15825],[9.02513,39.15869],[9.02527,39.15992],[9.02401,39.1607],[9.02225,39.1607],[9.02112,39.16109],[9.01997,39.16108],[9.01988,39.16092],[9.02061,39.16034],[9.02052,39.1601],[9.01908,39.15881],[9.01803,39.15824],[9.0167,39.15903],[9.01603,39.15994],[9.01747,39.16031],[9.01766,39.16063],[9.01602,39.16231],[9.01608,39.16293],[9.01716,39.16516],[9.01664,39.16533],[9.01597,39.16606],[9.01883,39.16843],[9.01942,39.16931],[9.02536,39.17373],[9.02777,39.1751],[9.0279,39.17581],[9.0265,39.1764],[9.02511,39.17819],[9.02461,39.17901],[9.0246,39.1799],[9.02601,39.18195],[9.02618,39.18266],[9.02598,39.18419],[9.02639,39.18492],[9.02904,39.18798],[9.03253,39.19094],[9.03192,39.19156],[9.03061,39.19132],[9.02938,39.19159],[9.02911,39.19236],[9.03177,39.1954],[9.03248,39.19664],[9.03119,39.19724],[9.03088,39.19688],[9.02977,39.19709],[9.02953,39.19764],[9.03002,39.19855],[9.02766,39.19847],[9.02605,39.20063],[9.02416,39.20132],[9.02279,39.20131],[9.02115,39.20277],[9.02124,39.20338],[9.02264,39.20347],[9.0235,39.20474],[9.02328,39.2051],[9.02237,39.20512],[9.02225,39.20545],[9.02235,39.20588],[9.02323,39.20647],[9.02553,39.20565],[9.02619,39.20573],[9.02613,39.20688],[9.02704,39.20769],[9.02718,39.20811],[9.02668,39.2087],[9.0265,39.20941],[9.02727,39.21121],[9.02727,39.21259],[9.02786,39.21315],[9.02788,39.21439],[9.02919,39.21655],[9.02927,39.21717],[9.02848,39.21797],[9.02829,39.21854],[9.02957,39.21992],[9.03134,39.22101],[9.03309,39.22034],[9.03408,39.21882],[9.03552,39.21938],[9.03645,39.22227],[9.03542,39.22241],[9.03539,39.22376],[9.03563,39.2245],[9.03667,39.22609],[9.03717,39.2274],[9.03783,39.22791],[9.03879,39.22933],[9.04061,39.23095],[9.04091,39.23165],[9.04198,39.23282],[9.04076,39.23411],[9.03987,39.23429],[9.0397,39.23282],[9.03841,39.23234],[9.03829,39.23117],[9.03697,39.22955],[9.03597,39.22912],[9.03528,39.22918],[9.03465,39.22965],[9.03474,39.23019],[9.03515,39.23016],[9.03386,39.23038],[9.03301,39.22966],[9.03238,39.2271],[9.03149,39.22627],[9.03056,39.22596],[9.02981,39.22674],[9.03048,39.22696],[9.03025,39.22725],[9.02938,39.22748],[9.02824,39.22864],[9.02834,39.22958],[9.02894,39.22998],[9.02893,39.2306],[9.02759,39.23072],[9.02758,39.23126],[9.02641,39.23181],[9.0264,39.23216],[9.02558,39.23279],[9.02527,39.23363],[9.02477,39.234],[9.02369,39.23409],[9.02134,39.23498],[9.01895,39.23616],[9.01879,39.23656],[9.01656,39.23736],[9.01642,39.23766],[9.0158,39.23791],[9.01542,39.23745],[9.01507,39.23742],[9.01378,39.23862],[9.01294,39.239],[9.01292,39.23928],[9.01141,39.24071],[9.01164,39.24202],[9.01202,39.24244],[9.01123,39.24363],[9.01099,39.24446],[9.01099,39.24519],[9.01162,39.24655],[9.01148,39.24716],[9.01329,39.24748],[9.0141,39.24732],[9.01517,39.24665],[9.0172,39.24643],[9.01772,39.24689],[9.01859,39.2467],[9.0206,39.24707],[9.02109,39.24796],[9.02116,39.24867],[9.02216,39.24959],[9.02393,39.25002],[9.0253,39.24995],[9.02723,39.25024],[9.02906,39.25145],[9.02784,39.25197],[9.02229,39.25212],[9.0175,39.25081],[9.01664,39.25123],[9.01663,39.25374],[9.01705,39.25403],[9.01881,39.25425],[9.01903,39.25758],[9.01888,39.25893],[9.01707,39.2608],[9.01269,39.26386],[9.01182,39.26503],[9.01061,39.2655],[9.01183,39.26684],[9.01437,39.26792],[9.01554,39.26795],[9.0158,39.27017],[9.01971,39.27352],[9.01979,39.27478],[9.02157,39.27685],[9.02383,39.27893],[9.02531,39.28095],[9.02594,39.28148],[9.02823,39.2821],[9.02946,39.28305],[9.03001,39.28363],[9.02999,39.28462],[9.033,39.28436],[9.03471,39.28463],[9.04475,39.28055],[9.04927,39.27805],[9.04889,39.27742],[9.04913,39.27723],[9.05382,39.27473],[9.05606,39.27302],[9.05884,39.2714],[9.0598,39.27183],[9.06255,39.27228],[9.06465,39.2717],[9.07012,39.27205],[9.0743,39.27109],[9.07777,39.27121],[9.08034,39.27108],[9.0812,39.27081],[9.08158,39.27106],[9.08209,39.271],[9.08191,39.27157],[9.08242,39.27237],[9.08416,39.27282],[9.08337,39.27615],[9.08544,39.27665],[9.08577,39.27763],[9.08687,39.27827],[9.08962,39.28086],[9.09179,39.28204],[9.09281,39.28215],[9.09376,39.28265],[9.09507,39.28276],[9.09582,39.28155],[9.09906,39.28207],[9.09942,39.28239],[9.09928,39.28317],[9.10216,39.28466],[9.10231,39.28515],[9.1056,39.28725],[9.11102,39.28912],[9.11293,39.29013],[9.11393,39.29098],[9.11458,39.29305],[9.11498,39.29314],[9.11571,39.29264],[9.11586,39.29299],[9.11563,39.29423],[9.1157,39.29607],[9.11511,39.29848],[9.11591,39.30152],[9.11588,39.30253],[9.11786,39.30181],[9.11948,39.30332],[9.12052,39.30482],[9.12097,39.30467],[9.12175,39.30518],[9.12276,39.30488],[9.12621,39.30726],[9.12772,39.30919],[9.12787,39.31008],[9.12898,39.31206],[9.12936,39.31328],[9.13059,39.31446],[9.13124,39.31552],[9.13138,39.31623],[9.13061,39.31801],[9.13083,39.32089],[9.1314,39.32379],[9.12969,39.32536],[9.12936,39.32761],[9.13084,39.3302],[9.13123,39.33137],[9.13551,39.33379],[9.14097,39.3375],[9.14424,39.33834],[9.14961,39.34164],[9.14905,39.34344],[9.14813,39.34426],[9.14735,39.34576],[9.14501,39.3481],[9.14495,39.3487],[9.14255,39.35256],[9.14786,39.35628],[9.14786,39.35855],[9.14975,39.36022],[9.15374,39.36011],[9.156,39.36134],[9.15492,39.36223],[9.15961,39.36546],[9.16227,39.37051],[9.16581,39.36473],[9.16495,39.36255],[9.16437,39.3623],[9.16027,39.3575],[9.15956,39.35695],[9.15869,39.35563],[9.16162,39.35043],[9.16425,39.34967],[9.16757,39.34948],[9.16805,39.34902],[9.1698,39.34828],[9.17158,39.34796],[9.17657,39.34874],[9.18087,39.34893],[9.18446,39.3499],[9.1858,39.35124],[9.18913,39.35116],[9.19836,39.3492],[9.20392,39.34734],[9.20504,39.34655]]],[[[9.16912,39.18936],[9.16853,39.19027],[9.1675,39.19082],[9.1687,39.1903],[9.16912,39.18936]]],[[[9.14225,39.18339],[9.1418,39.18356],[9.14175,39.18374],[9.14235,39.18363],[9.14225,39.18339]]],[[[9.3315,39.35025],[9.33153,39.35028],[9.33236,39.35126],[9.3315,39.35025]]]]}},{"type":"Feature","properties":{"nome":"Caputerra","limiti_indicativi":true,"fonte":"GeoNue/Nordai — Esercitazione 3, regioni_storiciche"},"geometry":{"type":"MultiPolygon","coordinates":[[[[9.00181,38.98586],[8.99994,38.9864],[8.99752,38.98606],[8.99598,38.98526],[8.99448,38.98344],[8.99437,38.98214],[8.99478,38.98128],[8.99657,38.98092],[8.99677,38.98025],[8.99713,38.98009],[8.99691,38.97989],[8.99707,38.97947],[8.99762,38.97941],[8.99863,38.97858],[8.9984,38.97846],[8.99877,38.97819],[8.99874,38.97767],[8.99652,38.97714],[8.99648,38.9768],[8.99457,38.97572],[8.99254,38.97589],[8.99087,38.97542],[8.99011,38.97485],[8.98672,38.97107],[8.98534,38.97054],[8.98372,38.96874],[8.98239,38.96824],[8.97958,38.96606],[8.97554,38.96216],[8.97444,38.96052],[8.97228,38.95935],[8.97117,38.95914],[8.97031,38.958],[8.97014,38.95671],[8.9684,38.95645],[8.96796,38.95612],[8.96703,38.95638],[8.96572,38.95537],[8.96454,38.95517],[8.96348,38.95414],[8.96392,38.95286],[8.96117,38.95214],[8.95954,38.95082],[8.95726,38.94956],[8.957,38.94897],[8.95746,38.9487],[8.95693,38.9487],[8.95558,38.94711],[8.95299,38.94566],[8.95164,38.94533],[8.95061,38.94449],[8.94911,38.94413],[8.94904,38.94382],[8.9487,38.9439],[8.948,38.9433],[8.94706,38.94306],[8.94516,38.94179],[8.94285,38.93927],[8.94236,38.93902],[8.94192,38.9374],[8.94067,38.93645],[8.94093,38.93578],[8.93992,38.93672],[8.94008,38.93682],[8.93977,38.93718],[8.93936,38.93731],[8.93973,38.93646],[8.94064,38.93563],[8.9401,38.93595],[8.93846,38.93509],[8.9379,38.93518],[8.93662,38.93478],[8.93196,38.9315],[8.92636,38.92872],[8.92311,38.92671],[8.91462,38.91987],[8.91471,38.91908],[8.91421,38.91842],[8.91364,38.91794],[8.91318,38.91803],[8.91078,38.9155],[8.90621,38.91795],[8.90414,38.92364],[8.9044,38.92497],[8.90523,38.92703],[8.90969,38.93661],[8.91119,38.94124],[8.91164,38.94985],[8.91156,38.9537],[8.91074,38.95641],[8.90149,38.96494],[8.89608,38.96927],[8.88878,38.97315],[8.8832,38.98311],[8.87966,38.98676],[8.8779,38.98905],[8.87715,38.99071],[8.87008,38.99901],[8.86892,39.0005],[8.86849,39.00161],[8.86681,39.00334],[8.86518,39.00589],[8.86183,39.01003],[8.85696,39.01536],[8.85609,39.0159],[8.85486,39.01769],[8.85035,39.02246],[8.83179,39.0473],[8.84547,39.06925],[8.85322,39.08406],[8.85012,39.08838],[8.84869,39.09251],[8.8483,39.09465],[8.84735,39.09616],[8.84867,39.09764],[8.84876,39.09899],[8.84643,39.10055],[8.8452,39.1024],[8.84307,39.10465],[8.84207,39.10445],[8.84215,39.10751],[8.84184,39.10815],[8.83904,39.1102],[8.83629,39.11046],[8.83329,39.11139],[8.83133,39.11157],[8.82955,39.11321],[8.82778,39.11421],[8.826,39.11573],[8.8231,39.1172],[8.82277,39.1177],[8.82243,39.1202],[8.82251,39.12305],[8.82244,39.12323],[8.82125,39.12279],[8.82258,39.12538],[8.82295,39.12689],[8.82061,39.12897],[8.8208,39.12937],[8.8206,39.12985],[8.82022,39.12999],[8.8202,39.13086],[8.82121,39.13346],[8.82116,39.13631],[8.82213,39.13943],[8.82158,39.14051],[8.82455,39.14445],[8.82641,39.14592],[8.82617,39.14785],[8.82653,39.1486],[8.83117,39.14914],[8.83407,39.14895],[8.83747,39.14758],[8.84155,39.14776],[8.84467,39.14797],[8.85215,39.14927],[8.87515,39.1511],[8.87948,39.1541],[8.88185,39.1547],[8.88274,39.15722],[8.88366,39.15826],[8.88493,39.15832],[8.88872,39.15967],[8.89764,39.1563],[8.90042,39.15624],[8.90298,39.15697],[8.90446,39.15681],[8.90626,39.15718],[8.90899,39.15961],[8.90896,39.16078],[8.908,39.1617],[8.90801,39.16197],[8.91009,39.16217],[8.91087,39.16281],[8.91081,39.16385],[8.90946,39.16471],[8.90931,39.16504],[8.90943,39.16548],[8.90994,39.16592],[8.90978,39.16752],[8.90998,39.16823],[8.91044,39.16873],[8.91102,39.16878],[8.91299,39.16805],[8.91376,39.16811],[8.91419,39.16838],[8.91456,39.1696],[8.9149,39.16994],[8.9165,39.16986],[8.91747,39.17008],[8.91737,39.17083],[8.91476,39.17204],[8.91471,39.17298],[8.91533,39.17318],[8.9179,39.17264],[8.91867,39.17274],[8.91899,39.173],[8.91911,39.1756],[8.92229,39.17588],[8.92276,39.17656],[8.92276,39.17863],[8.92323,39.17922],[8.92388,39.17946],[8.92507,39.17917],[8.92626,39.17967],[8.92634,39.18004],[8.92568,39.18127],[8.9258,39.18172],[8.92865,39.18366],[8.92931,39.18488],[8.92718,39.18719],[8.92714,39.18797],[8.92839,39.18872],[8.9316,39.18847],[8.93278,39.18874],[8.93296,39.19024],[8.9344,39.19174],[8.93457,39.19225],[8.93407,39.19296],[8.93244,39.19397],[8.93238,39.1945],[8.93408,39.1954],[8.93636,39.19736],[8.9414,39.19967],[8.94181,39.20012],[8.9417,39.20114],[8.94243,39.20182],[8.94301,39.20327],[8.94721,39.20104],[8.94915,39.19912],[8.94954,39.19834],[8.94984,39.19825],[8.95016,39.19764],[8.94991,39.19756],[8.95056,39.19662],[8.95086,39.19662],[8.95156,39.19568],[8.95169,39.19384],[8.95364,39.19168],[8.95587,39.19094],[8.9575,39.19123],[8.96122,39.18958],[8.96199,39.18897],[8.96218,39.18801],[8.96245,39.18783],[8.96184,39.18466],[8.96889,39.18398],[8.97534,39.18573],[8.97642,39.18634],[8.97788,39.18559],[8.97911,39.18659],[8.98122,39.18679],[8.9831,39.18732],[8.98418,39.18818],[8.98714,39.19286],[8.99166,39.19085],[8.99464,39.19158],[8.99754,39.19276],[9.00107,39.19317],[9.00127,39.19346],[9.0017,39.19346],[9.00407,39.19235],[9.01231,39.1907],[9.01641,39.19063],[9.01797,39.18985],[9.02305,39.18947],[9.02945,39.18831],[9.02624,39.18469],[9.02598,39.18419],[9.02618,39.18266],[9.02601,39.18195],[9.0246,39.1799],[9.02461,39.17901],[9.02511,39.17819],[9.0265,39.1764],[9.0279,39.17581],[9.02777,39.1751],[9.02536,39.17373],[9.01942,39.16931],[9.01883,39.16843],[9.01597,39.16606],[9.01664,39.16533],[9.01716,39.16516],[9.01608,39.16293],[9.01602,39.16231],[9.01766,39.16063],[9.01747,39.16031],[9.01603,39.15987],[9.01759,39.15833],[9.01803,39.15824],[9.01881,39.15864],[9.02026,39.1598],[9.02061,39.16034],[9.01988,39.16092],[9.01997,39.16108],[9.02112,39.16109],[9.02225,39.1607],[9.02401,39.1607],[9.02509,39.16004],[9.02527,39.15992],[9.02513,39.15869],[9.0253,39.15825],[9.02692,39.15778],[9.0268,39.15759],[9.02709,39.15743],[9.02632,39.15745],[9.02562,39.15653],[9.02568,39.15592],[9.02607,39.15582],[9.02534,39.1557],[9.0214,39.15171],[9.01959,39.14964],[9.01847,39.14787],[9.01795,39.14682],[9.01812,39.14667],[9.01789,39.14669],[9.0174,39.14562],[9.01756,39.1453],[9.01736,39.14487],[9.01779,39.14417],[9.01748,39.1441],[9.01734,39.14354],[9.01776,39.14312],[9.01732,39.14285],[9.01756,39.14217],[9.01629,39.14016],[9.0163,39.1391],[9.01534,39.13779],[9.01547,39.13732],[9.01497,39.13586],[9.01526,39.13583],[9.01494,39.13568],[9.01477,39.1352],[9.01478,39.13324],[9.01404,39.13051],[9.01302,39.12919],[9.01177,39.12687],[9.01122,39.12674],[9.01066,39.12583],[9.00903,39.12416],[9.00859,39.12325],[9.00858,39.12188],[9.00943,39.1199],[9.01059,39.11828],[9.01231,39.11687],[9.01164,39.11627],[9.01145,39.11558],[9.01352,39.11269],[9.01423,39.11243],[9.01422,39.1128],[9.01441,39.11276],[9.01416,39.11187],[9.01448,39.11028],[9.01528,39.10875],[9.01582,39.1086],[9.01541,39.10847],[9.0157,39.10737],[9.01594,39.10725],[9.01583,39.10657],[9.01637,39.10482],[9.0155,39.10364],[9.01531,39.10288],[9.01552,39.10222],[9.01431,39.09873],[9.01463,39.09736],[9.01451,39.09641],[9.0148,39.09468],[9.01519,39.09432],[9.01578,39.09172],[9.01659,39.09095],[9.0184,39.091],[9.01672,39.09075],[9.01618,39.08995],[9.01615,39.08828],[9.01653,39.08665],[9.01768,39.08622],[9.01914,39.08464],[9.02042,39.08508],[9.02084,39.08474],[9.02556,39.07943],[9.02565,39.07885],[9.02601,39.07857],[9.02615,39.07891],[9.02635,39.07884],[9.02608,39.07852],[9.02624,39.07828],[9.02595,39.07696],[9.02549,39.07665],[9.02606,39.07653],[9.02583,39.07634],[9.02614,39.07609],[9.02638,39.07627],[9.02624,39.07585],[9.02681,39.07588],[9.027,39.07615],[9.02684,39.07586],[9.02719,39.07537],[9.02739,39.07575],[9.0276,39.0759],[9.02724,39.07531],[9.02802,39.07601],[9.02726,39.07529],[9.02822,39.07369],[9.03057,39.07191],[9.03093,39.07203],[9.03064,39.07183],[9.03094,39.07149],[9.03154,39.07174],[9.03123,39.07235],[9.03153,39.07214],[9.0317,39.07176],[9.03124,39.07122],[9.03236,39.07032],[9.03305,39.06922],[9.03369,39.06873],[9.03396,39.06733],[9.03541,39.06533],[9.0362,39.06499],[9.03732,39.06385],[9.04086,39.06226],[9.04213,39.06066],[9.04464,39.05893],[9.04534,39.05808],[9.04584,39.05614],[9.04446,39.05506],[9.04401,39.0544],[9.04403,39.05021],[9.04264,39.04783],[9.04232,39.04584],[9.04168,39.0443],[9.04169,39.04322],[9.04136,39.04314],[9.04146,39.04291],[9.04044,39.04126],[9.03958,39.04106],[9.03943,39.04055],[9.03657,39.03945],[9.0366,39.03891],[9.03548,39.039],[9.03438,39.03712],[9.03454,39.03678],[9.03426,39.03667],[9.03446,39.03623],[9.03415,39.03608],[9.03453,39.03597],[9.03419,39.03564],[9.03359,39.03292],[9.034,39.03199],[9.035,39.03187],[9.03508,39.03088],[9.03482,39.03084],[9.03405,39.02925],[9.03348,39.0288],[9.03333,39.02893],[9.03381,39.02922],[9.03369,39.02949],[9.03387,39.02944],[9.03445,39.0307],[9.03356,39.03137],[9.03288,39.0313],[9.03232,39.03085],[9.03343,39.02989],[9.03236,39.03063],[9.03084,39.03027],[9.02957,39.02946],[9.02891,39.02859],[9.02942,39.02823],[9.02888,39.0284],[9.0286,39.02822],[9.02723,39.02519],[9.02453,39.02031],[9.02435,39.01945],[9.02475,39.01895],[9.02462,39.01789],[9.02616,39.01685],[9.02685,39.0159],[9.0255,39.01468],[9.02416,39.0121],[9.02341,39.00922],[9.02338,39.0068],[9.02345,39.00644],[9.02398,39.00619],[9.02369,39.00617],[9.0236,39.00585],[9.02442,39.00331],[9.02493,39.00272],[9.026,39.00216],[9.02588,39.00189],[9.02621,39.00098],[9.02711,39.00069],[9.02713,39.0002],[9.02659,38.99978],[9.02578,38.99997],[9.02544,38.99961],[9.02562,38.99945],[9.02547,38.99927],[9.02494,38.99917],[9.02443,38.99865],[9.02416,38.99889],[9.02353,38.99849],[9.02312,38.99743],[9.02369,38.99678],[9.023,38.99635],[9.02182,38.99628],[9.01983,38.99701],[9.0177,38.99644],[9.01594,38.99432],[9.01498,38.9918],[9.01506,38.99116],[9.01559,38.99088],[9.01559,38.99014],[9.01497,38.99098],[9.01426,38.99079],[9.01375,38.9903],[9.01366,38.98841],[9.01407,38.98712],[9.01503,38.98701],[9.01629,38.98646],[9.01692,38.98522],[9.01766,38.98465],[9.02168,38.98501],[9.02154,38.98465],[9.0211,38.98455],[9.02128,38.98408],[9.0207,38.9841],[9.02087,38.98378],[9.01956,38.984],[9.019,38.98363],[9.01833,38.9841],[9.01659,38.98387],[9.01616,38.98366],[9.01619,38.98323],[9.01587,38.983],[9.01606,38.98254],[9.01543,38.98207],[9.01435,38.98266],[9.01468,38.98358],[9.0141,38.98458],[9.01391,38.98589],[9.01296,38.98666],[9.0118,38.98717],[9.007,38.98684],[9.00221,38.98472],[9.00186,38.98479],[9.00226,38.98538],[9.00181,38.98586]]],[[[9.03178,39.00234],[9.0315,39.00242],[9.03131,39.00291],[9.03155,39.00407],[9.03229,39.00447],[9.03278,39.00444],[9.03315,39.00367],[9.03288,39.00287],[9.03178,39.00234]]],[[[9.02416,38.98472],[9.02277,38.98476],[9.02219,38.98495],[9.02311,38.98508],[9.02416,38.98472]]],[[[9.02838,39.02472],[9.02845,39.02516],[9.02874,39.02547],[9.0287,39.02525],[9.02838,39.02472]]],[[[9.02931,39.02639],[9.0289,39.02589],[9.02931,39.0266],[9.02931,39.02639]]],[[[9.02622,38.99893],[9.02618,38.99915],[9.02655,38.99897],[9.02622,38.99893]]],[[[9.02745,39.00074],[9.02715,39.00074],[9.02716,39.00084],[9.02745,39.00074]]]]}},{"type":"Feature","properties":{"nome":"Gallura","limiti_indicativi":true,"fonte":"GeoNue/Nordai — Esercitazione 3, regioni_storiciche"},"geometry":{"type":"MultiPolygon","coordinates":[[[[9.05349,41.13334],[9.05366,41.13299],[9.05454,41.13322],[9.05437,41.1327],[9.05489,41.13256],[9.05479,41.13188],[9.05592,41.13238],[9.0562,41.13183],[9.05693,41.13237],[9.05751,41.13221],[9.05749,41.13123],[9.05688,41.12975],[9.05704,41.12906],[9.05828,41.12779],[9.05925,41.12791],[9.05928,41.12764],[9.06024,41.12727],[9.06199,41.12734],[9.06281,41.12785],[9.06308,41.12754],[9.06408,41.12726],[9.06537,41.12739],[9.06907,41.12812],[9.07023,41.12879],[9.07122,41.12839],[9.07177,41.12852],[9.07177,41.12822],[9.073,41.12779],[9.07555,41.1276],[9.07712,41.1283],[9.07769,41.12815],[9.07806,41.12902],[9.07851,41.12914],[9.08001,41.12851],[9.08063,41.12758],[9.08119,41.12729],[9.08437,41.12815],[9.08662,41.12796],[9.0872,41.12857],[9.08681,41.12902],[9.08777,41.12954],[9.0872,41.12948],[9.08763,41.13007],[9.08797,41.1301],[9.0876,41.12986],[9.08803,41.12977],[9.08855,41.12981],[9.08867,41.13008],[9.08913,41.12967],[9.08998,41.13012],[9.09111,41.12998],[9.0928,41.13022],[9.09386,41.13083],[9.0941,41.13142],[9.09507,41.13116],[9.09679,41.13174],[9.0977,41.13223],[9.09761,41.13251],[9.09805,41.13319],[9.09848,41.133],[9.09941,41.13334],[9.09926,41.13378],[9.10019,41.13347],[9.10134,41.13406],[9.10383,41.13337],[9.10618,41.13345],[9.10814,41.13396],[9.11069,41.13505],[9.11175,41.13616],[9.11242,41.13722],[9.1124,41.1376],[9.114,41.13818],[9.11741,41.14127],[9.11797,41.14139],[9.11888,41.14252],[9.11942,41.14278],[9.11976,41.14382],[9.12085,41.14423],[9.12105,41.14475],[9.12231,41.14584],[9.1224,41.14638],[9.12317,41.1472],[9.12333,41.14838],[9.12295,41.14926],[9.12242,41.14962],[9.12191,41.14937],[9.12151,41.14971],[9.12045,41.14971],[9.12031,41.1507],[9.11971,41.15095],[9.11977,41.15121],[9.11916,41.15122],[9.11889,41.15184],[9.11955,41.1528],[9.1191,41.15261],[9.11909,41.15322],[9.12009,41.15465],[9.12053,41.15504],[9.12059,41.15472],[9.12075,41.15477],[9.12128,41.15541],[9.12161,41.15545],[9.12148,41.15506],[9.12208,41.15514],[9.12193,41.15533],[9.12229,41.15587],[9.12471,41.15622],[9.12477,41.15571],[9.12513,41.15589],[9.12519,41.15562],[9.12571,41.15569],[9.12608,41.15543],[9.12607,41.15488],[9.12657,41.15485],[9.12674,41.15366],[9.12705,41.15322],[9.12751,41.15347],[9.12759,41.15321],[9.1283,41.1529],[9.12851,41.15326],[9.12865,41.15267],[9.12916,41.1525],[9.12958,41.15273],[9.13076,41.15271],[9.13141,41.15351],[9.1314,41.15437],[9.13163,41.15473],[9.13262,41.15519],[9.13354,41.15467],[9.13368,41.15435],[9.13423,41.15485],[9.13495,41.15459],[9.13477,41.1542],[9.1353,41.15407],[9.13482,41.15316],[9.13563,41.15281],[9.13765,41.15379],[9.1386,41.15346],[9.14021,41.15408],[9.14046,41.1537],[9.14223,41.15449],[9.14256,41.15425],[9.1435,41.1542],[9.14428,41.15484],[9.14426,41.15512],[9.1438,41.15532],[9.14404,41.15551],[9.14503,41.15492],[9.14853,41.15503],[9.14958,41.15467],[9.15274,41.1555],[9.1533,41.1564],[9.15305,41.15782],[9.15257,41.15799],[9.15248,41.15865],[9.15313,41.15886],[9.15326,41.15913],[9.15373,41.15905],[9.15369,41.15954],[9.15469,41.15939],[9.15507,41.15999],[9.15584,41.16045],[9.15668,41.16017],[9.15714,41.16044],[9.15772,41.16037],[9.15816,41.16077],[9.15911,41.16072],[9.15982,41.16106],[9.16271,41.1641],[9.16294,41.16457],[9.16266,41.16493],[9.16304,41.16513],[9.16283,41.16551],[9.16314,41.16578],[9.16343,41.16567],[9.16379,41.16608],[9.16344,41.16641],[9.16349,41.16667],[9.16403,41.16674],[9.16429,41.16643],[9.16531,41.1666],[9.1663,41.16729],[9.16632,41.16778],[9.16717,41.16761],[9.16768,41.16797],[9.16921,41.16982],[9.16923,41.17093],[9.16962,41.1715],[9.16924,41.17144],[9.16911,41.17166],[9.16966,41.17187],[9.16988,41.17168],[9.17037,41.17204],[9.17019,41.17253],[9.16958,41.17254],[9.16989,41.17274],[9.16969,41.17286],[9.17072,41.17277],[9.17119,41.17352],[9.17131,41.17698],[9.16997,41.17717],[9.1694,41.1774],[9.16932,41.17772],[9.16903,41.1776],[9.16848,41.17902],[9.16758,41.17935],[9.16809,41.17979],[9.16798,41.18019],[9.16657,41.18025],[9.1658,41.17992],[9.16543,41.18008],[9.16561,41.18092],[9.16709,41.18137],[9.1669,41.18227],[9.1659,41.18236],[9.16334,41.18197],[9.16298,41.18209],[9.1632,41.18231],[9.16268,41.1828],[9.16227,41.18234],[9.16189,41.18248],[9.16206,41.18306],[9.16127,41.1828],[9.16112,41.18312],[9.15968,41.18306],[9.15839,41.18351],[9.15846,41.18389],[9.15818,41.18409],[9.15921,41.18443],[9.15832,41.18481],[9.15863,41.18492],[9.15844,41.18537],[9.15906,41.18548],[9.15866,41.1857],[9.15991,41.18695],[9.15951,41.18714],[9.15965,41.18739],[9.16016,41.18739],[9.16169,41.18851],[9.16131,41.18897],[9.16231,41.1899],[9.1615,41.1903],[9.16253,41.19071],[9.16263,41.19123],[9.16177,41.19179],[9.16176,41.19152],[9.16123,41.19181],[9.15965,41.19122],[9.15966,41.19144],[9.1588,41.19183],[9.15877,41.19157],[9.15797,41.19184],[9.15772,41.19165],[9.1571,41.19207],[9.1564,41.19202],[9.15654,41.19227],[9.15595,41.19272],[9.15611,41.19296],[9.15566,41.19278],[9.15569,41.19305],[9.15522,41.19311],[9.15593,41.19397],[9.15501,41.19373],[9.15523,41.19427],[9.15491,41.19473],[9.15534,41.19493],[9.15491,41.19687],[9.15396,41.19759],[9.15347,41.1976],[9.15352,41.19784],[9.15402,41.19802],[9.15384,41.19823],[9.15427,41.19874],[9.15461,41.19837],[9.15438,41.19791],[9.15469,41.19779],[9.15539,41.19855],[9.15614,41.19834],[9.15576,41.19895],[9.15525,41.19916],[9.15573,41.19964],[9.1556,41.19996],[9.15528,41.20001],[9.15537,41.20086],[9.15514,41.20127],[9.15556,41.20142],[9.15557,41.20195],[9.15594,41.20236],[9.15707,41.20306],[9.15714,41.20287],[9.15759,41.20296],[9.1581,41.20341],[9.16105,41.20417],[9.16011,41.20469],[9.15846,41.20448],[9.15815,41.20474],[9.15902,41.2051],[9.1594,41.20545],[9.15914,41.20562],[9.15982,41.20591],[9.15924,41.20644],[9.15998,41.20703],[9.15868,41.2072],[9.15878,41.20798],[9.15961,41.20823],[9.1597,41.20862],[9.1602,41.20856],[9.16008,41.20877],[9.16056,41.20897],[9.16085,41.20956],[9.16125,41.20949],[9.16273,41.2102],[9.16388,41.21167],[9.16386,41.21228],[9.1643,41.2128],[9.16355,41.21255],[9.16401,41.21309],[9.16159,41.21334],[9.16238,41.21425],[9.16289,41.21443],[9.16303,41.21506],[9.1633,41.21459],[9.16359,41.21518],[9.16485,41.21536],[9.16524,41.21629],[9.1643,41.21654],[9.16354,41.21645],[9.16359,41.21687],[9.16397,41.21748],[9.16429,41.21724],[9.16458,41.21777],[9.165,41.21761],[9.16513,41.21803],[9.16613,41.21867],[9.16623,41.21913],[9.16698,41.21936],[9.1666,41.22],[9.16479,41.21999],[9.16482,41.22055],[9.16412,41.22147],[9.16439,41.22185],[9.164,41.22237],[9.16482,41.2226],[9.16515,41.22318],[9.1649,41.22358],[9.16587,41.22383],[9.1666,41.22461],[9.16658,41.22496],[9.16597,41.2252],[9.16587,41.22551],[9.16621,41.22578],[9.16588,41.22607],[9.16643,41.22706],[9.16598,41.22744],[9.16644,41.22783],[9.1666,41.2286],[9.16738,41.22925],[9.16696,41.23042],[9.16651,41.23053],[9.16646,41.23084],[9.16462,41.23121],[9.16418,41.23186],[9.16396,41.2329],[9.16326,41.23373],[9.16118,41.23528],[9.15998,41.23582],[9.15715,41.2359],[9.15598,41.2354],[9.1559,41.23454],[9.1546,41.23462],[9.15387,41.23406],[9.15276,41.23403],[9.15193,41.23346],[9.15168,41.23366],[9.15157,41.23327],[9.15068,41.23276],[9.15012,41.23156],[9.14901,41.23091],[9.14794,41.23097],[9.14813,41.23132],[9.14768,41.23133],[9.14745,41.23174],[9.14622,41.23163],[9.14577,41.23217],[9.1453,41.23213],[9.14426,41.23268],[9.14266,41.23216],[9.14189,41.2322],[9.14052,41.23361],[9.14133,41.23514],[9.14227,41.23562],[9.1421,41.23587],[9.14136,41.23572],[9.14094,41.23634],[9.14156,41.237],[9.14168,41.23767],[9.14138,41.2379],[9.14017,41.23757],[9.13828,41.23747],[9.13807,41.23764],[9.13847,41.23848],[9.14052,41.2385],[9.14078,41.23869],[9.13906,41.23954],[9.13933,41.2397],[9.13922,41.24006],[9.13984,41.24044],[9.13962,41.24114],[9.14092,41.24149],[9.14078,41.2422],[9.14175,41.24202],[9.1418,41.24251],[9.14214,41.24263],[9.14131,41.24267],[9.14095,41.24319],[9.14113,41.24349],[9.14068,41.24374],[9.14173,41.24422],[9.14129,41.24437],[9.14141,41.24449],[9.14283,41.24491],[9.14295,41.24512],[9.14269,41.24525],[9.14357,41.24587],[9.14391,41.2466],[9.14462,41.24692],[9.14493,41.24664],[9.14564,41.2471],[9.14572,41.24685],[9.14612,41.24701],[9.14601,41.24626],[9.14653,41.24606],[9.14624,41.24504],[9.14657,41.24449],[9.14629,41.24401],[9.14709,41.24373],[9.14726,41.24299],[9.14763,41.24275],[9.14853,41.24328],[9.14888,41.24296],[9.14968,41.24314],[9.15006,41.24387],[9.14946,41.24422],[9.14967,41.24522],[9.15104,41.24446],[9.15113,41.24541],[9.15143,41.24556],[9.15197,41.24538],[9.15231,41.24471],[9.15325,41.24444],[9.15362,41.24368],[9.15333,41.24333],[9.15408,41.24322],[9.15411,41.24391],[9.15509,41.24411],[9.15521,41.2433],[9.15544,41.24316],[9.15584,41.24406],[9.15635,41.24418],[9.15616,41.24351],[9.15562,41.24299],[9.15579,41.24258],[9.15617,41.24263],[9.15643,41.24308],[9.15784,41.2426],[9.15784,41.24305],[9.15866,41.24303],[9.15824,41.2438],[9.15845,41.24394],[9.15884,41.24329],[9.15939,41.24321],[9.15925,41.24295],[9.15986,41.2423],[9.16067,41.24193],[9.16079,41.2423],[9.16168,41.24228],[9.16234,41.24202],[9.16261,41.24159],[9.16213,41.24162],[9.1621,41.24118],[9.16126,41.24146],[9.16043,41.24064],[9.15917,41.24062],[9.15843,41.23997],[9.15842,41.23919],[9.15961,41.2377],[9.16108,41.23686],[9.16162,41.2359],[9.16224,41.23558],[9.16366,41.23563],[9.16544,41.23621],[9.16576,41.23761],[9.16601,41.2376],[9.16648,41.23821],[9.16667,41.23918],[9.16699,41.23897],[9.1676,41.23948],[9.16862,41.24083],[9.16899,41.24089],[9.16878,41.24114],[9.16915,41.24123],[9.16913,41.24143],[9.16963,41.24164],[9.17171,41.24156],[9.17236,41.24169],[9.17247,41.24201],[9.17309,41.24168],[9.17356,41.24206],[9.17375,41.24321],[9.17346,41.24345],[9.17383,41.24345],[9.17414,41.24387],[9.17403,41.24486],[9.17376,41.24511],[9.17389,41.24529],[9.17337,41.24564],[9.17306,41.24557],[9.17304,41.24604],[9.17263,41.24633],[9.17333,41.24649],[9.17377,41.24711],[9.17394,41.24681],[9.17445,41.24714],[9.17454,41.24661],[9.17521,41.24595],[9.17609,41.24629],[9.1772,41.24585],[9.17794,41.24636],[9.17817,41.24597],[9.18015,41.24693],[9.18155,41.24814],[9.18217,41.24815],[9.1824,41.24845],[9.18275,41.24826],[9.18454,41.24853],[9.18456,41.24887],[9.18397,41.2495],[9.18415,41.24976],[9.18286,41.24992],[9.18312,41.25013],[9.18298,41.25032],[9.18336,41.25029],[9.18296,41.25081],[9.18344,41.25096],[9.18319,41.25121],[9.18344,41.25124],[9.18351,41.25166],[9.1832,41.25186],[9.18401,41.25231],[9.1849,41.25131],[9.18487,41.25059],[9.18532,41.25057],[9.18532,41.2502],[9.18482,41.24957],[9.18523,41.24921],[9.18471,41.24849],[9.18515,41.24789],[9.18553,41.24797],[9.18604,41.24768],[9.186,41.24713],[9.1869,41.24645],[9.18694,41.24604],[9.1877,41.24533],[9.19011,41.24538],[9.19025,41.24622],[9.19152,41.24645],[9.19206,41.2473],[9.19269,41.24713],[9.19272,41.24741],[9.19321,41.24757],[9.19354,41.24752],[9.19432,41.24664],[9.19457,41.24595],[9.19355,41.24504],[9.19339,41.24399],[9.1939,41.24382],[9.19489,41.24255],[9.1948,41.24142],[9.19521,41.24112],[9.19462,41.24003],[9.19481,41.23981],[9.1943,41.23819],[9.19458,41.23814],[9.19452,41.23785],[9.1942,41.23789],[9.19399,41.23693],[9.19429,41.23639],[9.19388,41.23636],[9.19365,41.23566],[9.19308,41.23512],[9.19313,41.23476],[9.19385,41.23455],[9.19494,41.23644],[9.19537,41.23619],[9.1963,41.23731],[9.19809,41.23758],[9.19634,41.23784],[9.1955,41.23868],[9.19621,41.23915],[9.1963,41.24015],[9.19747,41.24039],[9.19688,41.24109],[9.19737,41.24125],[9.19714,41.24156],[9.19838,41.2429],[9.19837,41.24379],[9.199,41.2448],[9.19971,41.24474],[9.20037,41.24561],[9.20102,41.24564],[9.20145,41.24598],[9.2016,41.24584],[9.20188,41.24625],[9.20226,41.24626],[9.20292,41.24713],[9.20434,41.24754],[9.20439,41.24861],[9.20414,41.24899],[9.20435,41.24923],[9.20537,41.2493],[9.20644,41.25016],[9.20717,41.24998],[9.20778,41.25068],[9.20807,41.25026],[9.20766,41.24996],[9.20836,41.24952],[9.2084,41.24916],[9.20924,41.24873],[9.20989,41.24778],[9.21063,41.24767],[9.21156,41.24677],[9.21245,41.24648],[9.21478,41.24689],[9.21515,41.24757],[9.21404,41.24893],[9.21339,41.25035],[9.21355,41.2506],[9.21321,41.25089],[9.21313,41.25218],[9.21272,41.25243],[9.21304,41.253],[9.21345,41.25339],[9.21466,41.25351],[9.21514,41.25401],[9.21509,41.25481],[9.21578,41.25484],[9.21724,41.25566],[9.21732,41.25544],[9.21794,41.25548],[9.2182,41.25521],[9.2184,41.25431],[9.2199,41.25459],[9.22006,41.25499],[9.22042,41.25486],[9.2203,41.25518],[9.2208,41.25536],[9.22116,41.25623],[9.22097,41.25657],[9.22135,41.25708],[9.2219,41.25728],[9.22202,41.25771],[9.22236,41.25752],[9.22251,41.25768],[9.22232,41.2578],[9.2228,41.25786],[9.22336,41.25755],[9.22366,41.2577],[9.2237,41.25746],[9.22433,41.25764],[9.22476,41.25807],[9.22453,41.25811],[9.22479,41.25867],[9.22531,41.25915],[9.22554,41.25892],[9.22636,41.25897],[9.22738,41.25865],[9.22784,41.25917],[9.22811,41.25873],[9.22883,41.25871],[9.22895,41.25913],[9.22927,41.2587],[9.22966,41.25883],[9.23005,41.25851],[9.23002,41.25896],[9.23024,41.25904],[9.23135,41.25829],[9.23126,41.2587],[9.23197,41.25857],[9.23232,41.25829],[9.23196,41.25798],[9.23306,41.25777],[9.23295,41.25809],[9.23352,41.25852],[9.23497,41.25908],[9.23542,41.25884],[9.23564,41.25844],[9.23441,41.25758],[9.23541,41.25747],[9.23535,41.25659],[9.23605,41.25671],[9.23623,41.25619],[9.236,41.25627],[9.23549,41.25513],[9.23532,41.25525],[9.2344,41.25472],[9.235,41.25424],[9.2351,41.25375],[9.23454,41.25324],[9.23501,41.25212],[9.23501,41.25153],[9.23469,41.25102],[9.23495,41.25029],[9.23466,41.24952],[9.2351,41.24848],[9.2362,41.24714],[9.23632,41.24654],[9.2377,41.24564],[9.23949,41.24499],[9.24136,41.24582],[9.24155,41.24619],[9.24124,41.24674],[9.24185,41.24655],[9.24176,41.24692],[9.24285,41.24754],[9.24321,41.24692],[9.24386,41.24746],[9.24424,41.24742],[9.24417,41.24626],[9.2446,41.24611],[9.24439,41.24574],[9.24587,41.24514],[9.24599,41.24479],[9.24652,41.24469],[9.24664,41.24431],[9.24739,41.24424],[9.24732,41.24364],[9.24771,41.24309],[9.24688,41.24184],[9.24711,41.24138],[9.24843,41.24147],[9.24883,41.24191],[9.24947,41.24151],[9.24984,41.24183],[9.25012,41.2415],[9.25027,41.24173],[9.25037,41.2415],[9.25065,41.24156],[9.25075,41.24205],[9.2515,41.24268],[9.25183,41.24217],[9.25219,41.2421],[9.25289,41.24222],[9.25314,41.24252],[9.25529,41.24276],[9.25553,41.24309],[9.2557,41.2426],[9.25606,41.24323],[9.25659,41.24236],[9.25684,41.24254],[9.25692,41.24224],[9.25724,41.24253],[9.25727,41.24139],[9.25804,41.24096],[9.25879,41.24145],[9.2591,41.24123],[9.2597,41.24189],[9.26082,41.24152],[9.26134,41.24099],[9.2615,41.23978],[9.26178,41.23977],[9.2624,41.23861],[9.26252,41.23766],[9.26342,41.23703],[9.26526,41.23732],[9.26579,41.23812],[9.26571,41.23874],[9.26595,41.23924],[9.26682,41.23892],[9.26761,41.23899],[9.26813,41.23957],[9.26789,41.23961],[9.26799,41.23986],[9.26838,41.23984],[9.26823,41.23944],[9.26874,41.23947],[9.26869,41.2392],[9.26952,41.23946],[9.26957,41.2398],[9.2699,41.23969],[9.26982,41.23951],[9.27055,41.23938],[9.27057,41.23888],[9.27098,41.23883],[9.27137,41.23923],[9.2715,41.23861],[9.27085,41.23846],[9.27094,41.23757],[9.27043,41.23714],[9.26982,41.23717],[9.26956,41.23663],[9.27,41.23625],[9.27095,41.23631],[9.27126,41.236],[9.27104,41.2358],[9.2716,41.23599],[9.27196,41.23481],[9.27212,41.23494],[9.27262,41.23461],[9.27187,41.23314],[9.27289,41.2326],[9.27342,41.23259],[9.27379,41.23293],[9.27374,41.23324],[9.2743,41.23327],[9.27436,41.23265],[9.27362,41.23215],[9.27347,41.23174],[9.27406,41.23091],[9.27549,41.23036],[9.27724,41.23073],[9.2778,41.23047],[9.27827,41.23058],[9.27808,41.23027],[9.27834,41.23016],[9.2783,41.2295],[9.27878,41.22928],[9.27886,41.22894],[9.27928,41.22897],[9.27902,41.2287],[9.27899,41.22812],[9.2794,41.22795],[9.27966,41.22811],[9.27985,41.22789],[9.27999,41.22812],[9.28064,41.22784],[9.28027,41.22751],[9.28042,41.22726],[9.27972,41.22659],[9.28077,41.22583],[9.28083,41.22523],[9.28027,41.22468],[9.28045,41.22438],[9.28077,41.2245],[9.28091,41.22402],[9.28016,41.22363],[9.2797,41.22272],[9.28039,41.22224],[9.28011,41.22115],[9.28056,41.22117],[9.28072,41.22089],[9.28186,41.22093],[9.28192,41.22067],[9.28152,41.21993],[9.28175,41.21926],[9.28099,41.21938],[9.28043,41.2189],[9.28062,41.21817],[9.28146,41.21799],[9.28164,41.21705],[9.28106,41.21615],[9.28098,41.21541],[9.27944,41.21436],[9.27898,41.21369],[9.27887,41.21282],[9.2782,41.21242],[9.27809,41.21169],[9.27666,41.21013],[9.27651,41.20789],[9.27394,41.20594],[9.274,41.2052],[9.27446,41.20447],[9.27428,41.20427],[9.27437,41.20372],[9.27354,41.20301],[9.27352,41.20268],[9.27248,41.20229],[9.27233,41.2013],[9.2711,41.2007],[9.27001,41.20068],[9.26848,41.20012],[9.26647,41.20012],[9.26588,41.19982],[9.26867,41.19984],[9.27028,41.20014],[9.27073,41.19985],[9.27096,41.19935],[9.27059,41.19801],[9.27006,41.19739],[9.27032,41.19727],[9.26987,41.19705],[9.27151,41.19684],[9.26986,41.19705],[9.2699,41.1963],[9.27062,41.19531],[9.26854,41.19533],[9.26799,41.19515],[9.26886,41.19525],[9.27044,41.19479],[9.27101,41.19508],[9.27083,41.1953],[9.27168,41.19492],[9.27209,41.195],[9.27178,41.19476],[9.27239,41.19433],[9.27571,41.19334],[9.27524,41.19293],[9.27446,41.19293],[9.27504,41.19279],[9.2736,41.19167],[9.27554,41.19273],[9.27617,41.19282],[9.2765,41.19252],[9.27573,41.19227],[9.27595,41.19191],[9.27566,41.19169],[9.27841,41.19073],[9.27936,41.18879],[9.28034,41.18809],[9.28171,41.1885],[9.28373,41.18864],[9.28432,41.18884],[9.28441,41.18911],[9.28493,41.18878],[9.2852,41.18658],[9.28482,41.18518],[9.2858,41.1844],[9.2853,41.18446],[9.28548,41.18406],[9.28687,41.18402],[9.28694,41.18353],[9.2871,41.18347],[9.2871,41.18399],[9.2865,41.18414],[9.28656,41.18481],[9.28715,41.1855],[9.28821,41.18609],[9.28835,41.18702],[9.28813,41.18823],[9.28852,41.18738],[9.28847,41.18902],[9.28927,41.18963],[9.29048,41.1892],[9.28946,41.18984],[9.29168,41.19138],[9.2889,41.18963],[9.28766,41.18856],[9.28577,41.18804],[9.28668,41.18986],[9.28683,41.19077],[9.28656,41.19151],[9.28686,41.19214],[9.2878,41.19172],[9.28875,41.19172],[9.29181,41.19206],[9.29194,41.19228],[9.2887,41.19248],[9.28826,41.19302],[9.28834,41.19276],[9.28802,41.19275],[9.2885,41.19266],[9.2886,41.19241],[9.28825,41.19235],[9.28791,41.19245],[9.28789,41.19281],[9.2887,41.1934],[9.28854,41.19352],[9.28745,41.19286],[9.28673,41.19317],[9.28648,41.19363],[9.28678,41.19229],[9.28636,41.19211],[9.28537,41.19319],[9.28359,41.19338],[9.28282,41.19428],[9.28313,41.1936],[9.28292,41.19338],[9.28333,41.1932],[9.28288,41.1921],[9.28241,41.19269],[9.28194,41.19232],[9.28,41.19172],[9.27989,41.19133],[9.27963,41.19204],[9.27983,41.19294],[9.27937,41.19326],[9.28001,41.19384],[9.28004,41.1942],[9.27955,41.19488],[9.27884,41.19493],[9.27876,41.19524],[9.27908,41.19568],[9.2789,41.1964],[9.2796,41.19702],[9.27919,41.19713],[9.27915,41.1975],[9.27881,41.19761],[9.27867,41.19829],[9.27945,41.19974],[9.27998,41.19986],[9.28023,41.20034],[9.27969,41.2014],[9.27982,41.20163],[9.28302,41.2023],[9.28198,41.20233],[9.28109,41.2028],[9.28051,41.20324],[9.2803,41.20384],[9.28121,41.20461],[9.28074,41.20582],[9.28162,41.2078],[9.28247,41.20874],[9.28276,41.20971],[9.28412,41.21126],[9.28556,41.21211],[9.28577,41.21259],[9.28655,41.21298],[9.2868,41.21267],[9.28721,41.2127],[9.28814,41.21349],[9.28804,41.21424],[9.28773,41.21451],[9.28617,41.21408],[9.28568,41.21459],[9.28713,41.21557],[9.28727,41.21664],[9.28584,41.21755],[9.2866,41.21826],[9.28667,41.21905],[9.28757,41.21896],[9.28786,41.21939],[9.28802,41.21862],[9.2886,41.21854],[9.28867,41.21892],[9.28912,41.21897],[9.28901,41.21841],[9.28951,41.21861],[9.28984,41.2183],[9.2902,41.21697],[9.28963,41.21621],[9.28969,41.21593],[9.29033,41.2159],[9.29058,41.2153],[9.2917,41.21506],[9.29159,41.21459],[9.29085,41.21432],[9.29096,41.21388],[9.29177,41.21367],[9.29269,41.21402],[9.29271,41.21357],[9.29328,41.21366],[9.29367,41.21304],[9.29392,41.21329],[9.29413,41.21286],[9.29455,41.21287],[9.29437,41.2126],[9.29469,41.21273],[9.29464,41.21246],[9.29524,41.21236],[9.29447,41.2121],[9.29431,41.2117],[9.2948,41.2116],[9.29561,41.21093],[9.29574,41.21111],[9.2961,41.21067],[9.29569,41.21048],[9.29566,41.20972],[9.29589,41.2098],[9.29592,41.20924],[9.29642,41.20908],[9.29643,41.20869],[9.29501,41.20742],[9.29544,41.20694],[9.29676,41.20732],[9.2972,41.20656],[9.29688,41.20639],[9.29692,41.20607],[9.29851,41.20545],[9.29866,41.20499],[9.29766,41.20334],[9.29896,41.20338],[9.29962,41.20272],[9.30001,41.20286],[9.3005,41.20255],[9.30108,41.20189],[9.30071,41.20198],[9.29989,41.20142],[9.2994,41.2015],[9.29847,41.2011],[9.29704,41.20117],[9.29641,41.20056],[9.29429,41.20006],[9.29337,41.1994],[9.29314,41.19964],[9.29226,41.19963],[9.29088,41.19838],[9.28895,41.19774],[9.28853,41.19655],[9.28766,41.19652],[9.28704,41.19581],[9.28832,41.1958],[9.28813,41.19515],[9.28839,41.19459],[9.28935,41.19347],[9.29016,41.19297],[9.29506,41.19217],[9.30188,41.19057],[9.30804,41.19067],[9.31178,41.19095],[9.31425,41.19144],[9.31677,41.19254],[9.31831,41.19424],[9.31835,41.19566],[9.31813,41.19593],[9.31723,41.19588],[9.31675,41.19655],[9.31703,41.19674],[9.31766,41.1966],[9.31842,41.19734],[9.31761,41.1981],[9.3175,41.19886],[9.31662,41.19929],[9.31641,41.20003],[9.31709,41.20063],[9.31702,41.20095],[9.31835,41.20102],[9.31928,41.20254],[9.31966,41.2024],[9.32032,41.20289],[9.3199,41.20203],[9.32013,41.20129],[9.31936,41.20093],[9.31968,41.20057],[9.32072,41.20026],[9.3209,41.1998],[9.32175,41.19968],[9.32255,41.19844],[9.32161,41.19828],[9.32114,41.19777],[9.32157,41.19714],[9.32113,41.19686],[9.32062,41.19572],[9.31893,41.19542],[9.31879,41.19444],[9.31925,41.19354],[9.32055,41.19239],[9.32294,41.191],[9.32452,41.19049],[9.32655,41.19024],[9.32806,41.18762],[9.3289,41.18714],[9.32927,41.18646],[9.33102,41.18606],[9.33163,41.1853],[9.33289,41.18541],[9.33546,41.18641],[9.3369,41.18743],[9.33758,41.18825],[9.33833,41.18986],[9.33938,41.19017],[9.33987,41.19059],[9.3399,41.1913],[9.33937,41.19197],[9.34053,41.19225],[9.34121,41.19207],[9.34247,41.1925],[9.34263,41.193],[9.34234,41.19311],[9.34279,41.19332],[9.34268,41.19365],[9.34363,41.19401],[9.34357,41.19429],[9.34233,41.19491],[9.34178,41.19403],[9.34113,41.19383],[9.33963,41.19238],[9.33906,41.19224],[9.3387,41.19152],[9.3374,41.19109],[9.33375,41.19236],[9.33255,41.19369],[9.33055,41.19481],[9.33101,41.19534],[9.3323,41.19524],[9.33328,41.19572],[9.33328,41.19642],[9.33303,41.19662],[9.33356,41.19733],[9.33406,41.19749],[9.334,41.1978],[9.33444,41.19808],[9.33573,41.1982],[9.33604,41.19857],[9.33594,41.19914],[9.3364,41.19974],[9.33687,41.19966],[9.33714,41.199],[9.33735,41.19927],[9.3381,41.19939],[9.33747,41.19992],[9.33753,41.20017],[9.33709,41.20025],[9.33752,41.20075],[9.33781,41.20065],[9.33927,41.20118],[9.33874,41.20139],[9.33877,41.20178],[9.33832,41.20198],[9.33834,41.20235],[9.33797,41.20215],[9.33768,41.20229],[9.33855,41.20279],[9.33854,41.20305],[9.33797,41.20333],[9.33864,41.20376],[9.33813,41.20393],[9.33802,41.20438],[9.33822,41.20463],[9.33864,41.20461],[9.33848,41.20491],[9.34014,41.2052],[9.34035,41.2055],[9.34165,41.20592],[9.34384,41.206],[9.34417,41.20565],[9.3448,41.20562],[9.34533,41.20587],[9.34537,41.20617],[9.34575,41.2061],[9.34574,41.20674],[9.34609,41.20694],[9.34668,41.20686],[9.34826,41.20725],[9.34869,41.20779],[9.34905,41.20737],[9.34926,41.20765],[9.35014,41.20735],[9.35033,41.20759],[9.35105,41.20654],[9.35061,41.20612],[9.35058,41.20512],[9.3512,41.2051],[9.35136,41.20421],[9.35203,41.20393],[9.35152,41.20376],[9.35171,41.20312],[9.35296,41.20275],[9.35424,41.20271],[9.35463,41.20347],[9.35569,41.20395],[9.35573,41.20363],[9.35619,41.20375],[9.35655,41.20344],[9.35687,41.20428],[9.35757,41.20438],[9.35793,41.20527],[9.35886,41.20557],[9.3582,41.20637],[9.3584,41.20682],[9.35877,41.20676],[9.35898,41.20637],[9.3596,41.20648],[9.35969,41.20623],[9.3612,41.20641],[9.36123,41.20687],[9.36223,41.20728],[9.36308,41.20718],[9.36337,41.20758],[9.36374,41.20695],[9.36398,41.20715],[9.36413,41.20701],[9.36462,41.20585],[9.36499,41.20581],[9.36491,41.20515],[9.3651,41.20493],[9.36491,41.20475],[9.36512,41.20415],[9.3647,41.20401],[9.3653,41.20378],[9.36562,41.20331],[9.36552,41.20301],[9.36584,41.20277],[9.36588,41.20212],[9.36554,41.20185],[9.36574,41.20147],[9.36556,41.20046],[9.36617,41.20003],[9.36636,41.19877],[9.36606,41.19821],[9.36611,41.19719],[9.36641,41.19712],[9.36637,41.19694],[9.36609,41.19666],[9.36624,41.19696],[9.36601,41.19706],[9.36539,41.19646],[9.36556,41.1963],[9.36494,41.19604],[9.36462,41.19415],[9.36484,41.19369],[9.36454,41.19344],[9.36507,41.19318],[9.36557,41.19337],[9.36628,41.19301],[9.36642,41.19249],[9.36672,41.19241],[9.36664,41.19186],[9.36635,41.1917],[9.36646,41.19117],[9.36622,41.19097],[9.36651,41.19045],[9.36627,41.18968],[9.36722,41.18858],[9.36767,41.18716],[9.36893,41.18642],[9.36907,41.18582],[9.36877,41.18538],[9.36997,41.18399],[9.36985,41.18359],[9.37008,41.18339],[9.37195,41.18318],[9.37485,41.1835],[9.37521,41.18377],[9.37541,41.18477],[9.37585,41.18542],[9.37568,41.18547],[9.37602,41.18575],[9.37573,41.18603],[9.37616,41.18673],[9.37635,41.1866],[9.37734,41.18696],[9.37784,41.18727],[9.37787,41.18754],[9.37886,41.18774],[9.37934,41.18744],[9.38114,41.18764],[9.38155,41.18739],[9.38124,41.18728],[9.38159,41.18672],[9.38242,41.18624],[9.38286,41.18659],[9.38291,41.18608],[9.38385,41.18547],[9.38401,41.18464],[9.3836,41.18433],[9.38395,41.1837],[9.38451,41.18361],[9.38468,41.18286],[9.38444,41.1824],[9.38476,41.1817],[9.38571,41.18148],[9.38583,41.18228],[9.38631,41.18224],[9.38625,41.18173],[9.38649,41.18172],[9.38618,41.18086],[9.38664,41.18083],[9.38702,41.18062],[9.3857,41.18074],[9.38518,41.18031],[9.38563,41.18],[9.38514,41.18029],[9.38481,41.18001],[9.38523,41.17971],[9.38477,41.17999],[9.38441,41.17971],[9.38435,41.1794],[9.38509,41.17932],[9.38435,41.17937],[9.38429,41.17902],[9.38502,41.17894],[9.38428,41.17899],[9.38423,41.17871],[9.38496,41.17861],[9.38422,41.17869],[9.38417,41.17837],[9.38539,41.17825],[9.38517,41.17833],[9.38541,41.17835],[9.38554,41.17906],[9.3855,41.17843],[9.38625,41.17836],[9.38629,41.17859],[9.38576,41.17865],[9.38631,41.17862],[9.38635,41.17886],[9.38582,41.17892],[9.38636,41.17889],[9.38643,41.17924],[9.38606,41.17953],[9.38646,41.18028],[9.38662,41.17932],[9.38699,41.17903],[9.38826,41.17887],[9.38917,41.17909],[9.38961,41.17979],[9.39092,41.18033],[9.39104,41.18101],[9.39189,41.18148],[9.39209,41.18194],[9.39281,41.18184],[9.39305,41.18135],[9.39374,41.18121],[9.39451,41.18068],[9.39564,41.18049],[9.39568,41.17975],[9.39702,41.17966],[9.39763,41.17901],[9.3986,41.17852],[9.39921,41.17791],[9.39857,41.17752],[9.39872,41.17701],[9.3998,41.17689],[9.40237,41.17594],[9.40198,41.17571],[9.40226,41.17563],[9.4018,41.17563],[9.40145,41.17528],[9.40227,41.17512],[9.40282,41.17546],[9.404,41.17553],[9.40454,41.17518],[9.40461,41.17547],[9.4054,41.17553],[9.40603,41.17422],[9.40741,41.173],[9.40741,41.17347],[9.40639,41.17477],[9.40646,41.17539],[9.40603,41.17561],[9.40654,41.17579],[9.4062,41.1763],[9.40653,41.17658],[9.40683,41.17641],[9.40912,41.17715],[9.40956,41.17691],[9.40981,41.17751],[9.41067,41.17764],[9.41069,41.17791],[9.41103,41.17783],[9.41126,41.17818],[9.41166,41.17767],[9.41347,41.17745],[9.41466,41.17811],[9.41664,41.17797],[9.41949,41.179],[9.42081,41.17831],[9.42098,41.17731],[9.42126,41.17702],[9.42197,41.17688],[9.42249,41.17708],[9.42315,41.17783],[9.42348,41.17778],[9.42347,41.1766],[9.42397,41.1747],[9.42375,41.17431],[9.42395,41.17408],[9.42374,41.17358],[9.42385,41.17301],[9.4229,41.17216],[9.42378,41.17143],[9.42184,41.169],[9.42212,41.16862],[9.42196,41.16837],[9.42196,41.16873],[9.42163,41.16862],[9.42194,41.16875],[9.42184,41.1689],[9.42151,41.16878],[9.42175,41.169],[9.42093,41.16889],[9.42106,41.16861],[9.42087,41.16881],[9.4205,41.16847],[9.42078,41.16759],[9.42166,41.16728],[9.42201,41.16685],[9.42204,41.16643],[9.42165,41.16591],[9.41996,41.16483],[9.41711,41.16412],[9.41678,41.16421],[9.41655,41.1648],[9.41524,41.16518],[9.41383,41.1642],[9.41356,41.1635],[9.41383,41.16304],[9.41362,41.16282],[9.4113,41.16297],[9.40945,41.16249],[9.40902,41.16133],[9.40913,41.16028],[9.40946,41.15982],[9.40918,41.15973],[9.40882,41.16017],[9.40829,41.1603],[9.40728,41.15983],[9.40584,41.15988],[9.40527,41.15889],[9.40531,41.15745],[9.40568,41.1569],[9.40879,41.15579],[9.41199,41.15562],[9.41525,41.15623],[9.41633,41.15586],[9.41721,41.15618],[9.41983,41.15499],[9.42121,41.15585],[9.42173,41.15566],[9.42187,41.15518],[9.42368,41.15492],[9.42407,41.15541],[9.42589,41.15482],[9.4268,41.15574],[9.42962,41.15602],[9.42957,41.15533],[9.42981,41.15508],[9.42951,41.155],[9.42982,41.1546],[9.42929,41.15396],[9.42931,41.15312],[9.42972,41.15258],[9.42939,41.15248],[9.42949,41.15207],[9.43015,41.15166],[9.43169,41.15201],[9.43188,41.1516],[9.43228,41.15144],[9.43255,41.15055],[9.43246,41.14919],[9.43303,41.1481],[9.43285,41.14723],[9.4325,41.14719],[9.43203,41.14754],[9.4306,41.14736],[9.43021,41.14691],[9.43031,41.14641],[9.4291,41.14607],[9.42885,41.14528],[9.42978,41.14321],[9.43266,41.14018],[9.43352,41.13984],[9.43406,41.13982],[9.43513,41.14052],[9.43579,41.14041],[9.43648,41.14099],[9.43678,41.14092],[9.43615,41.14028],[9.43666,41.13903],[9.43565,41.13663],[9.43703,41.135],[9.4384,41.13406],[9.43963,41.13356],[9.44167,41.1343],[9.44188,41.13476],[9.44264,41.13511],[9.44528,41.13486],[9.44537,41.13398],[9.44503,41.1336],[9.44423,41.13339],[9.44385,41.13244],[9.44419,41.13181],[9.44486,41.13169],[9.44496,41.13142],[9.44441,41.13095],[9.44369,41.13151],[9.44281,41.13141],[9.44276,41.13127],[9.44362,41.1308],[9.44352,41.13071],[9.44258,41.13122],[9.44207,41.1305],[9.44205,41.13009],[9.44236,41.12961],[9.44288,41.12956],[9.44321,41.12914],[9.44177,41.12865],[9.44269,41.12828],[9.44168,41.12844],[9.44174,41.12775],[9.4412,41.12739],[9.44004,41.12738],[9.43928,41.12642],[9.43973,41.12536],[9.44032,41.1253],[9.43979,41.12477],[9.43985,41.12423],[9.44034,41.12314],[9.44102,41.12257],[9.44093,41.12221],[9.44144,41.1213],[9.44097,41.12047],[9.44098,41.11997],[9.44168,41.11911],[9.44096,41.11826],[9.44021,41.11644],[9.44119,41.11492],[9.44047,41.11399],[9.4402,41.1131],[9.44085,41.11224],[9.44172,41.11179],[9.44201,41.11063],[9.44168,41.10984],[9.44395,41.10948],[9.44334,41.1094],[9.44321,41.10869],[9.4433,41.10941],[9.44274,41.10947],[9.44261,41.10875],[9.44271,41.10947],[9.44134,41.10951],[9.44075,41.10926],[9.44163,41.10854],[9.44078,41.1092],[9.44055,41.10904],[9.44049,41.10845],[9.44084,41.10796],[9.4414,41.10827],[9.441,41.10794],[9.44138,41.10768],[9.44204,41.10827],[9.44128,41.10754],[9.44099,41.10787],[9.44074,41.1078],[9.44089,41.10689],[9.44166,41.10681],[9.44074,41.10688],[9.4405,41.10665],[9.44224,41.10652],[9.44221,41.10628],[9.44056,41.10652],[9.44054,41.10635],[9.44084,41.10576],[9.44091,41.10473],[9.44067,41.10366],[9.44087,41.1032],[9.44182,41.1026],[9.44199,41.10176],[9.44759,41.10152],[9.44978,41.10269],[9.44995,41.10307],[9.44977,41.10383],[9.45039,41.10468],[9.45048,41.10544],[9.45025,41.10581],[9.44976,41.10594],[9.44948,41.10702],[9.4493,41.107],[9.44955,41.10808],[9.44976,41.1083],[9.45,41.10796],[9.4517,41.10817],[9.45343,41.10895],[9.45443,41.11097],[9.45407,41.11242],[9.45515,41.11364],[9.45624,41.11436],[9.45647,41.11494],[9.45716,41.11491],[9.4586,41.11554],[9.45953,41.11638],[9.4607,41.11668],[9.46179,41.11774],[9.46196,41.12091],[9.46158,41.12154],[9.46161,41.12212],[9.46064,41.1229],[9.46172,41.12223],[9.46265,41.1229],[9.46321,41.12371],[9.46313,41.12424],[9.46265,41.1245],[9.46404,41.12456],[9.4649,41.125],[9.46578,41.12634],[9.46698,41.12613],[9.4668,41.12577],[9.46728,41.12536],[9.46825,41.12535],[9.46894,41.12569],[9.46888,41.12592],[9.4691,41.12574],[9.46974,41.12605],[9.46894,41.12682],[9.46828,41.12653],[9.46932,41.12715],[9.46899,41.12685],[9.46978,41.12608],[9.47011,41.12591],[9.47027,41.12607],[9.47019,41.12585],[9.4704,41.126],[9.47016,41.12567],[9.47058,41.12517],[9.47128,41.1252],[9.47199,41.12581],[9.47117,41.12653],[9.47155,41.12735],[9.47148,41.12788],[9.47104,41.12786],[9.471,41.12813],[9.47045,41.12835],[9.46918,41.12845],[9.46836,41.12906],[9.46826,41.13001],[9.46889,41.13012],[9.46909,41.13061],[9.4696,41.13061],[9.47017,41.1313],[9.47115,41.13109],[9.47206,41.13152],[9.47199,41.13213],[9.47222,41.13258],[9.47281,41.13261],[9.47295,41.1331],[9.4724,41.13433],[9.47081,41.13485],[9.47021,41.1344],[9.46913,41.13489],[9.46796,41.13449],[9.46811,41.13408],[9.46743,41.1346],[9.46723,41.13515],[9.46479,41.1353],[9.46468,41.1359],[9.4642,41.13625],[9.46399,41.1374],[9.46434,41.13736],[9.46475,41.13797],[9.46426,41.13872],[9.46477,41.13953],[9.46461,41.1399],[9.46478,41.14025],[9.46504,41.14015],[9.46506,41.14071],[9.46562,41.14174],[9.46606,41.14177],[9.46628,41.14197],[9.46605,41.14221],[9.46697,41.14275],[9.46695,41.14327],[9.46762,41.14329],[9.46805,41.14274],[9.46874,41.14255],[9.46934,41.1428],[9.46947,41.14255],[9.46976,41.14269],[9.46964,41.14209],[9.47078,41.14127],[9.47074,41.141],[9.47303,41.1408],[9.47355,41.14132],[9.47431,41.14125],[9.47443,41.14176],[9.47512,41.1417],[9.47535,41.14228],[9.47504,41.143],[9.47523,41.1435],[9.47585,41.14377],[9.47662,41.14335],[9.47692,41.14351],[9.47667,41.14378],[9.47703,41.14378],[9.47757,41.14359],[9.47766,41.14334],[9.47735,41.1429],[9.47765,41.14283],[9.47737,41.14227],[9.47834,41.14074],[9.4813,41.14038],[9.48174,41.14059],[9.48271,41.14199],[9.48229,41.14255],[9.48299,41.14304],[9.4824,41.1436],[9.48393,41.14468],[9.48382,41.14497],[9.48549,41.14632],[9.48611,41.14612],[9.48609,41.14586],[9.4865,41.14618],[9.48653,41.1458],[9.48733,41.14578],[9.48726,41.14553],[9.48661,41.1455],[9.48653,41.14523],[9.48707,41.14434],[9.48913,41.14434],[9.48944,41.14394],[9.49015,41.14404],[9.4907,41.14373],[9.49247,41.14366],[9.49318,41.14235],[9.49392,41.14181],[9.49441,41.14178],[9.49414,41.14156],[9.49426,41.14046],[9.49401,41.1391],[9.49453,41.13896],[9.49566,41.13671],[9.49537,41.13627],[9.4946,41.13597],[9.49481,41.13544],[9.49571,41.1358],[9.49707,41.13589],[9.4972,41.13616],[9.4977,41.13592],[9.49771,41.1362],[9.49619,41.1366],[9.49661,41.13664],[9.49659,41.13696],[9.49612,41.13698],[9.49659,41.137],[9.49657,41.1373],[9.49613,41.13719],[9.49646,41.13742],[9.49621,41.13769],[9.49584,41.13752],[9.49618,41.13771],[9.49593,41.13796],[9.49559,41.13782],[9.49589,41.13799],[9.49573,41.13828],[9.4954,41.13821],[9.49599,41.1384],[9.4958,41.13872],[9.49526,41.13855],[9.4957,41.13873],[9.49552,41.13903],[9.4951,41.13889],[9.4955,41.13905],[9.49521,41.13934],[9.49489,41.13924],[9.4952,41.13936],[9.49502,41.13973],[9.49469,41.13967],[9.495,41.13976],[9.4952,41.14099],[9.49494,41.14103],[9.49501,41.14137],[9.49514,41.14111],[9.49562,41.14119],[9.49528,41.14236],[9.49515,41.14215],[9.49454,41.14243],[9.49495,41.14298],[9.49544,41.14277],[9.49557,41.1434],[9.49635,41.14374],[9.49782,41.14398],[9.49761,41.14349],[9.49783,41.14308],[9.49974,41.14402],[9.50097,41.14361],[9.50099,41.14392],[9.5015,41.14386],[9.50227,41.14475],[9.50278,41.14476],[9.50347,41.14381],[9.50339,41.14344],[9.50426,41.14328],[9.50374,41.14264],[9.50441,41.14261],[9.50493,41.14225],[9.50555,41.14273],[9.50653,41.1421],[9.50715,41.1425],[9.50727,41.14215],[9.50756,41.14225],[9.50783,41.14187],[9.50758,41.14139],[9.50853,41.14111],[9.50923,41.14144],[9.50964,41.14134],[9.51031,41.14062],[9.50967,41.1399],[9.5105,41.13933],[9.51119,41.1394],[9.51132,41.13992],[9.51367,41.1403],[9.51357,41.14062],[9.5131,41.14059],[9.51293,41.14087],[9.51206,41.14114],[9.51272,41.14154],[9.51251,41.14193],[9.51351,41.14197],[9.51363,41.14252],[9.51439,41.1419],[9.51525,41.14207],[9.51649,41.14294],[9.51647,41.14315],[9.51587,41.1432],[9.51661,41.14367],[9.51739,41.14366],[9.51742,41.14339],[9.51836,41.14312],[9.51941,41.14222],[9.52046,41.14197],[9.52055,41.14161],[9.52087,41.1416],[9.52075,41.14227],[9.519,41.14348],[9.5188,41.14423],[9.51792,41.14451],[9.5175,41.14493],[9.5177,41.14517],[9.51723,41.14534],[9.51711,41.14604],[9.51588,41.14689],[9.51622,41.14703],[9.51619,41.14729],[9.51676,41.14743],[9.51667,41.14777],[9.51536,41.14851],[9.51511,41.14899],[9.5134,41.14967],[9.512,41.14967],[9.51162,41.15035],[9.51057,41.15052],[9.50895,41.15145],[9.50954,41.15124],[9.50994,41.15173],[9.51075,41.15201],[9.51146,41.15184],[9.51163,41.15153],[9.51203,41.15161],[9.51225,41.15133],[9.5149,41.15113],[9.51572,41.15187],[9.51519,41.153],[9.51586,41.15323],[9.51747,41.15307],[9.51542,41.15443],[9.51385,41.15509],[9.51393,41.15595],[9.5144,41.15614],[9.51686,41.15549],[9.51739,41.15564],[9.51814,41.15519],[9.51919,41.15584],[9.519,41.15664],[9.51972,41.15651],[9.52031,41.15685],[9.52091,41.15661],[9.5221,41.1567],[9.52265,41.15628],[9.52323,41.15647],[9.52344,41.1561],[9.52387,41.15637],[9.52536,41.1566],[9.52598,41.15645],[9.52606,41.15669],[9.5266,41.15669],[9.5265,41.15598],[9.52685,41.15602],[9.52672,41.15574],[9.52726,41.15568],[9.52687,41.15542],[9.52711,41.15467],[9.52864,41.15433],[9.5291,41.154],[9.52909,41.15286],[9.5299,41.15306],[9.53006,41.15257],[9.53038,41.15267],[9.53032,41.15241],[9.53166,41.15177],[9.5311,41.1519],[9.53133,41.15144],[9.53103,41.15117],[9.5311,41.15093],[9.53014,41.15046],[9.53004,41.1501],[9.53045,41.14976],[9.5292,41.14967],[9.52923,41.14883],[9.52878,41.14857],[9.52924,41.14824],[9.52891,41.14796],[9.52915,41.14746],[9.52897,41.14715],[9.5285,41.14676],[9.52663,41.14643],[9.52621,41.14569],[9.52838,41.14464],[9.52961,41.14522],[9.53054,41.14514],[9.53045,41.14491],[9.53122,41.14456],[9.53111,41.14435],[9.53175,41.14414],[9.53315,41.143],[9.53302,41.1433],[9.53357,41.14297],[9.53388,41.14238],[9.53362,41.14219],[9.53371,41.14177],[9.53424,41.14133],[9.53508,41.14127],[9.53622,41.14014],[9.53769,41.13934],[9.53809,41.13937],[9.53841,41.13891],[9.53756,41.1387],[9.53843,41.13802],[9.53813,41.13776],[9.53694,41.13763],[9.53634,41.13809],[9.53644,41.13853],[9.53588,41.13877],[9.53502,41.1385],[9.53477,41.1381],[9.53348,41.13835],[9.53223,41.138],[9.53026,41.13809],[9.52972,41.13693],[9.53039,41.13625],[9.53167,41.13606],[9.5325,41.13503],[9.53217,41.13486],[9.53232,41.13501],[9.53203,41.13502],[9.5322,41.13516],[9.53139,41.13598],[9.53023,41.13615],[9.53011,41.13563],[9.52983,41.1356],[9.53019,41.13475],[9.52973,41.13556],[9.52911,41.1354],[9.52924,41.13453],[9.52905,41.1354],[9.52853,41.13536],[9.52855,41.13433],[9.52846,41.13536],[9.52802,41.13538],[9.52777,41.13435],[9.52794,41.13539],[9.52755,41.13546],[9.52709,41.13442],[9.52748,41.13548],[9.5271,41.13559],[9.52681,41.13494],[9.52705,41.13562],[9.5268,41.13574],[9.52635,41.13525],[9.5269,41.13596],[9.5263,41.13635],[9.52624,41.13562],[9.52599,41.13605],[9.52603,41.13573],[9.52589,41.1359],[9.52571,41.13544],[9.52576,41.13511],[9.52614,41.13509],[9.52598,41.13505],[9.52631,41.13477],[9.52587,41.13423],[9.52642,41.13408],[9.52672,41.13335],[9.52718,41.13332],[9.5277,41.134],[9.52912,41.13383],[9.52965,41.13421],[9.53099,41.1344],[9.53104,41.13464],[9.53193,41.13413],[9.53121,41.13441],[9.53185,41.13392],[9.53225,41.13426],[9.53357,41.13433],[9.53445,41.13474],[9.53532,41.1341],[9.53586,41.13299],[9.53659,41.13283],[9.5373,41.13188],[9.53676,41.13296],[9.53665,41.13574],[9.53755,41.1358],[9.53815,41.13634],[9.53918,41.13657],[9.53964,41.1361],[9.54018,41.13608],[9.5403,41.13546],[9.54085,41.1356],[9.54146,41.13531],[9.54209,41.13555],[9.54192,41.13514],[9.54229,41.13499],[9.54242,41.13526],[9.54265,41.13478],[9.54322,41.1349],[9.54369,41.13563],[9.5436,41.13536],[9.54414,41.13427],[9.54437,41.13442],[9.54457,41.1342],[9.54585,41.13417],[9.54574,41.13399],[9.54626,41.13335],[9.54597,41.13325],[9.54594,41.13266],[9.54654,41.13242],[9.54588,41.13212],[9.54621,41.13138],[9.54556,41.13123],[9.54546,41.13101],[9.54586,41.1309],[9.54556,41.13075],[9.54562,41.13036],[9.54531,41.13011],[9.54545,41.12991],[9.54519,41.12985],[9.54485,41.12921],[9.54541,41.12894],[9.54459,41.12857],[9.54476,41.1285],[9.54439,41.12836],[9.54463,41.12816],[9.54442,41.12791],[9.54398,41.12804],[9.54267,41.12758],[9.54224,41.12666],[9.54182,41.12657],[9.5413,41.12529],[9.5409,41.12528],[9.54107,41.12465],[9.54036,41.1245],[9.54006,41.12341],[9.53959,41.12332],[9.53931,41.12283],[9.53791,41.12256],[9.5377,41.12225],[9.53788,41.12155],[9.53831,41.12154],[9.5382,41.12129],[9.54014,41.12071],[9.5407,41.11992],[9.54048,41.11934],[9.53928,41.1182],[9.53994,41.11755],[9.53965,41.11657],[9.54004,41.1165],[9.54006,41.11607],[9.54047,41.11614],[9.5408,41.11589],[9.54079,41.11548],[9.54031,41.11509],[9.54056,41.11443],[9.54089,41.11411],[9.54153,41.11428],[9.54164,41.11407],[9.54292,41.11455],[9.54398,41.1145],[9.54397,41.11378],[9.54469,41.11346],[9.54457,41.11321],[9.54485,41.11265],[9.54618,41.11241],[9.54738,41.11253],[9.54839,41.11299],[9.54867,41.11347],[9.54823,41.11407],[9.5483,41.11442],[9.54885,41.11455],[9.54917,41.11535],[9.54991,41.11567],[9.55077,41.11675],[9.55162,41.11722],[9.55155,41.11748],[9.55227,41.11691],[9.55241,41.11726],[9.5532,41.11742],[9.55349,41.11828],[9.55312,41.11854],[9.55412,41.11878],[9.55421,41.11923],[9.55565,41.11933],[9.55613,41.119],[9.55634,41.1193],[9.55694,41.11938],[9.55673,41.1197],[9.55707,41.1196],[9.55717,41.11988],[9.55763,41.11942],[9.55803,41.11943],[9.55795,41.11967],[9.55873,41.11951],[9.55856,41.1192],[9.55901,41.11827],[9.56014,41.11776],[9.56088,41.11825],[9.56045,41.11895],[9.56043,41.11955],[9.5614,41.12003],[9.56122,41.11979],[9.56142,41.11902],[9.56247,41.11904],[9.56247,41.11856],[9.56321,41.11857],[9.56383,41.11808],[9.56416,41.11824],[9.56456,41.11768],[9.56521,41.11761],[9.5657,41.11713],[9.5657,41.11682],[9.56691,41.11604],[9.56731,41.11532],[9.56722,41.11487],[9.56763,41.11481],[9.56738,41.11468],[9.56773,41.11448],[9.56708,41.11429],[9.56773,41.1129],[9.56735,41.11255],[9.5676,41.11224],[9.5681,41.11247],[9.5684,41.11229],[9.56778,41.11188],[9.56788,41.11153],[9.56814,41.11156],[9.56775,41.11123],[9.5683,41.1111],[9.56735,41.11096],[9.5687,41.10969],[9.56929,41.11009],[9.56975,41.10972],[9.56928,41.10917],[9.56866,41.10902],[9.56934,41.1087],[9.56869,41.10818],[9.5688,41.10765],[9.56826,41.10777],[9.56843,41.1075],[9.56802,41.10731],[9.56816,41.10663],[9.56719,41.1065],[9.56707,41.1061],[9.56632,41.10599],[9.56613,41.10555],[9.56629,41.10537],[9.56578,41.10523],[9.56565,41.10477],[9.56521,41.10484],[9.5636,41.10429],[9.56395,41.1038],[9.56353,41.10338],[9.5634,41.1029],[9.56381,41.10265],[9.56344,41.10218],[9.56417,41.10186],[9.5645,41.10216],[9.56507,41.10204],[9.56558,41.10229],[9.56618,41.10205],[9.56665,41.1023],[9.56779,41.10232],[9.568,41.10204],[9.56858,41.10238],[9.56852,41.10256],[9.56908,41.10229],[9.57056,41.10296],[9.5708,41.10247],[9.57005,41.10214],[9.5698,41.10185],[9.56989,41.10154],[9.57081,41.10128],[9.57043,41.10094],[9.5711,41.10012],[9.57111,41.10038],[9.57126,41.10008],[9.57164,41.10003],[9.57221,41.10028],[9.57205,41.10006],[9.57225,41.09958],[9.57171,41.09933],[9.57053,41.09932],[9.56953,41.0999],[9.56767,41.09992],[9.56655,41.09945],[9.56636,41.09894],[9.56571,41.0986],[9.56507,41.09728],[9.56534,41.09631],[9.56596,41.09575],[9.5668,41.09593],[9.56734,41.09565],[9.5667,41.09552],[9.56676,41.09491],[9.5664,41.09436],[9.56681,41.09434],[9.56636,41.09404],[9.56593,41.09294],[9.56515,41.09236],[9.56495,41.09156],[9.56518,41.09134],[9.56461,41.09107],[9.56504,41.09084],[9.56461,41.09048],[9.56513,41.09008],[9.56452,41.09013],[9.56338,41.08964],[9.56231,41.08978],[9.56213,41.08966],[9.56231,41.08928],[9.56163,41.08915],[9.56168,41.0887],[9.56222,41.0886],[9.56246,41.08799],[9.56341,41.08732],[9.56237,41.08662],[9.56309,41.08566],[9.56254,41.08449],[9.56123,41.08389],[9.56066,41.0846],[9.56005,41.08459],[9.55983,41.08401],[9.55929,41.08389],[9.55912,41.08347],[9.55963,41.08304],[9.56019,41.08321],[9.56031,41.08286],[9.56006,41.08261],[9.55789,41.08191],[9.55759,41.08153],[9.55751,41.0818],[9.55705,41.08191],[9.55677,41.08154],[9.55617,41.08168],[9.55567,41.08145],[9.55518,41.08113],[9.55526,41.08084],[9.55491,41.08063],[9.55505,41.08037],[9.55427,41.08056],[9.55384,41.08014],[9.55255,41.08004],[9.55228,41.07974],[9.55248,41.07944],[9.55206,41.07928],[9.55201,41.07885],[9.55307,41.07853],[9.55296,41.07791],[9.55159,41.07779],[9.55146,41.07799],[9.55101,41.07749],[9.5502,41.07751],[9.54989,41.0777],[9.54988,41.07848],[9.5494,41.07881],[9.54875,41.07878],[9.54899,41.07974],[9.54781,41.0802],[9.54775,41.08096],[9.54742,41.08132],[9.54577,41.08164],[9.54359,41.08125],[9.543,41.08156],[9.54285,41.08213],[9.54202,41.08247],[9.54205,41.08294],[9.54167,41.08297],[9.54207,41.08338],[9.54378,41.08393],[9.54323,41.0844],[9.54273,41.08432],[9.5425,41.08466],[9.54324,41.08519],[9.54306,41.08577],[9.54348,41.08607],[9.54365,41.08668],[9.54401,41.08665],[9.54418,41.08678],[9.54401,41.087],[9.54456,41.08714],[9.54456,41.08757],[9.54423,41.0879],[9.54573,41.08788],[9.54483,41.088],[9.5445,41.08877],[9.54392,41.08853],[9.54446,41.08882],[9.54436,41.08902],[9.54267,41.08987],[9.54201,41.09067],[9.54196,41.09019],[9.54245,41.08975],[9.54245,41.08943],[9.54116,41.08947],[9.54122,41.08983],[9.54158,41.08993],[9.54068,41.08997],[9.54106,41.08882],[9.54043,41.08833],[9.54038,41.0877],[9.54035,41.08828],[9.53917,41.08756],[9.53901,41.08656],[9.53816,41.0856],[9.53789,41.0845],[9.53718,41.08356],[9.53733,41.08311],[9.53566,41.08224],[9.53533,41.08249],[9.53476,41.08231],[9.53392,41.08155],[9.53358,41.08059],[9.5345,41.07975],[9.53406,41.0796],[9.5335,41.07888],[9.53351,41.07859],[9.53395,41.07858],[9.53346,41.07773],[9.53382,41.07741],[9.53336,41.07745],[9.53304,41.07708],[9.53359,41.07664],[9.53252,41.0761],[9.53234,41.07471],[9.53018,41.07398],[9.52986,41.07366],[9.5289,41.07106],[9.52883,41.06925],[9.52903,41.06846],[9.53007,41.06725],[9.53067,41.0673],[9.53043,41.067],[9.53081,41.06637],[9.53191,41.0664],[9.53241,41.06617],[9.53233,41.0659],[9.5328,41.06609],[9.53368,41.06516],[9.53513,41.06438],[9.53565,41.06445],[9.536,41.06506],[9.53667,41.06494],[9.53887,41.06554],[9.53944,41.06532],[9.53987,41.0657],[9.54148,41.065],[9.54152,41.06473],[9.5408,41.06441],[9.54087,41.06385],[9.54053,41.06387],[9.53951,41.06228],[9.53901,41.06208],[9.54039,41.06141],[9.54027,41.06117],[9.54058,41.06091],[9.54023,41.0609],[9.54011,41.06026],[9.53862,41.06012],[9.53747,41.06074],[9.53718,41.06119],[9.53727,41.06187],[9.53685,41.06216],[9.53322,41.062],[9.53202,41.06114],[9.5312,41.05933],[9.53115,41.05869],[9.53351,41.05714],[9.53436,41.05695],[9.53473,41.05646],[9.53391,41.056],[9.53464,41.05543],[9.53381,41.05482],[9.53198,41.05501],[9.53088,41.05541],[9.52994,41.05665],[9.52891,41.0565],[9.52764,41.05682],[9.52703,41.05658],[9.52618,41.0557],[9.52597,41.05469],[9.52615,41.05408],[9.52522,41.05308],[9.52405,41.05356],[9.52315,41.05292],[9.52307,41.05203],[9.52397,41.0513],[9.52426,41.0503],[9.5241,41.04997],[9.52317,41.04958],[9.52308,41.04897],[9.52412,41.04828],[9.52507,41.04818],[9.52509,41.04799],[9.52414,41.04747],[9.52414,41.04596],[9.52436,41.04567],[9.5252,41.04566],[9.52581,41.04514],[9.52518,41.04369],[9.52611,41.04325],[9.52654,41.04245],[9.52585,41.04209],[9.5251,41.04114],[9.52517,41.04026],[9.52371,41.04049],[9.5229,41.03992],[9.52263,41.03936],[9.5228,41.03863],[9.52242,41.038],[9.52249,41.03691],[9.52319,41.03621],[9.52489,41.03568],[9.52588,41.03361],[9.5255,41.03366],[9.52456,41.0356],[9.52342,41.03583],[9.52335,41.03556],[9.52412,41.03537],[9.52333,41.03552],[9.52317,41.03516],[9.52393,41.03494],[9.52211,41.03528],[9.52213,41.03501],[9.52342,41.03461],[9.52349,41.03412],[9.52383,41.03415],[9.52381,41.03464],[9.52388,41.03416],[9.52428,41.03419],[9.52426,41.03467],[9.52434,41.03416],[9.52367,41.0341],[9.52373,41.03372],[9.52441,41.03393],[9.52449,41.03375],[9.52357,41.03355],[9.52305,41.03286],[9.52306,41.03231],[9.52261,41.03195],[9.52119,41.03144],[9.52046,41.02957],[9.52036,41.02865],[9.51956,41.02807],[9.51977,41.02706],[9.51843,41.02602],[9.51749,41.02468],[9.51704,41.02303],[9.51603,41.02226],[9.51546,41.02136],[9.51596,41.02021],[9.51614,41.01871],[9.51814,41.01707],[9.51765,41.01697],[9.51752,41.01736],[9.51738,41.01715],[9.51606,41.01797],[9.51496,41.01799],[9.51611,41.01817],[9.51492,41.01843],[9.51452,41.01808],[9.51498,41.01772],[9.51404,41.01763],[9.51357,41.01699],[9.51292,41.01675],[9.51076,41.01675],[9.51031,41.01654],[9.51021,41.01609],[9.50942,41.0158],[9.50874,41.016],[9.50787,41.01556],[9.50738,41.01474],[9.50768,41.01394],[9.50727,41.01362],[9.50739,41.01226],[9.50595,41.01126],[9.50516,41.01114],[9.5045,41.01145],[9.50338,41.01104],[9.50182,41.01087],[9.50151,41.01026],[9.50235,41.01],[9.50396,41.01028],[9.50588,41.00959],[9.50472,41.00873],[9.50467,41.00811],[9.50432,41.00778],[9.50493,41.00795],[9.50506,41.00859],[9.5053,41.00869],[9.50558,41.00844],[9.50566,41.00883],[9.50625,41.00911],[9.50744,41.00901],[9.50663,41.00889],[9.50759,41.00846],[9.50739,41.00819],[9.50789,41.00826],[9.50792,41.0077],[9.50747,41.00691],[9.50831,41.0066],[9.50853,41.00671],[9.50829,41.00732],[9.50936,41.00675],[9.50929,41.00722],[9.50974,41.00772],[9.51029,41.00773],[9.51003,41.00662],[9.51088,41.00782],[9.51188,41.00749],[9.5114,41.00651],[9.51056,41.00617],[9.51087,41.00601],[9.51229,41.00639],[9.51263,41.00605],[9.51313,41.00753],[9.51257,41.00714],[9.51297,41.00751],[9.51454,41.00833],[9.51672,41.00903],[9.51786,41.01024],[9.51964,41.01018],[9.52138,41.00973],[9.52378,41.01012],[9.5252,41.01111],[9.52553,41.0124],[9.52552,41.01454],[9.52581,41.01446],[9.52593,41.01486],[9.52643,41.01447],[9.52713,41.01466],[9.52789,41.0157],[9.52762,41.01616],[9.52796,41.0159],[9.52831,41.01603],[9.52764,41.01662],[9.52839,41.01617],[9.52897,41.01647],[9.52982,41.01793],[9.52959,41.01819],[9.52982,41.01829],[9.52991,41.01891],[9.52977,41.01952],[9.52933,41.02006],[9.52874,41.02011],[9.52819,41.02067],[9.52747,41.02062],[9.52746,41.02029],[9.52709,41.02024],[9.527,41.01953],[9.52684,41.01953],[9.5269,41.02009],[9.52609,41.02044],[9.52525,41.02023],[9.52415,41.02045],[9.5234,41.02024],[9.52312,41.01989],[9.52337,41.02027],[9.52309,41.02044],[9.52209,41.02076],[9.52172,41.02061],[9.52218,41.02145],[9.52348,41.02221],[9.52637,41.02158],[9.52735,41.02214],[9.52749,41.02299],[9.527,41.02334],[9.52669,41.02312],[9.52698,41.02336],[9.52667,41.02358],[9.52636,41.02336],[9.52685,41.02376],[9.52669,41.0236],[9.527,41.02338],[9.52722,41.02352],[9.52703,41.02337],[9.52753,41.02302],[9.52779,41.02393],[9.52701,41.02436],[9.52696,41.02464],[9.52779,41.025],[9.52836,41.02599],[9.52828,41.02659],[9.52724,41.02721],[9.527,41.02823],[9.52706,41.0287],[9.52785,41.02939],[9.52795,41.0298],[9.52896,41.03013],[9.53088,41.03024],[9.53158,41.03072],[9.53196,41.02997],[9.53257,41.02961],[9.53273,41.029],[9.53171,41.02846],[9.53162,41.02749],[9.53212,41.02694],[9.53331,41.02636],[9.53596,41.02677],[9.53736,41.02725],[9.53757,41.02798],[9.53683,41.02823],[9.53675,41.02853],[9.53867,41.02959],[9.54014,41.02983],[9.54074,41.0291],[9.5412,41.02901],[9.54262,41.02903],[9.54327,41.02937],[9.54357,41.02925],[9.54312,41.0292],[9.54288,41.02886],[9.54345,41.0282],[9.5438,41.02832],[9.54371,41.02883],[9.5441,41.0281],[9.54382,41.02829],[9.54346,41.02816],[9.54308,41.02767],[9.54375,41.02725],[9.54399,41.02674],[9.54423,41.02707],[9.54373,41.02736],[9.54373,41.0276],[9.54572,41.02831],[9.54532,41.0286],[9.54453,41.02832],[9.54528,41.02862],[9.54601,41.02934],[9.54542,41.02871],[9.54581,41.02843],[9.54624,41.02886],[9.54586,41.02843],[9.5467,41.02821],[9.54658,41.02845],[9.54725,41.02865],[9.54684,41.02886],[9.54702,41.029],[9.54728,41.02868],[9.54799,41.02931],[9.54801,41.02965],[9.54756,41.02965],[9.54754,41.02922],[9.54751,41.02964],[9.54698,41.02964],[9.54696,41.0293],[9.54693,41.03001],[9.54698,41.02967],[9.54751,41.02967],[9.54755,41.02994],[9.54756,41.02968],[9.54801,41.02969],[9.54789,41.02996],[9.54695,41.03034],[9.54592,41.03038],[9.54598,41.03005],[9.54645,41.02997],[9.54493,41.02977],[9.54594,41.03005],[9.54588,41.03038],[9.54517,41.03035],[9.54355,41.02965],[9.54418,41.03037],[9.54372,41.03055],[9.54407,41.03051],[9.54435,41.03072],[9.54423,41.03098],[9.54479,41.03105],[9.54498,41.03133],[9.54482,41.03154],[9.54613,41.03121],[9.54689,41.03163],[9.54767,41.03165],[9.54794,41.03136],[9.54853,41.0314],[9.5498,41.03092],[9.55157,41.03147],[9.5527,41.03094],[9.55423,41.0309],[9.55477,41.03125],[9.55502,41.03179],[9.55484,41.03231],[9.55431,41.03242],[9.55562,41.03295],[9.55558,41.03323],[9.55466,41.03397],[9.55532,41.03441],[9.55609,41.03547],[9.55597,41.03595],[9.55483,41.03676],[9.55643,41.03764],[9.55698,41.03651],[9.55775,41.03615],[9.55851,41.03615],[9.55937,41.03659],[9.55902,41.03715],[9.55946,41.03713],[9.55962,41.03681],[9.56007,41.03732],[9.56106,41.03739],[9.56173,41.03691],[9.56203,41.03632],[9.56184,41.03614],[9.5625,41.03566],[9.5618,41.03543],[9.56248,41.03479],[9.56315,41.03488],[9.56328,41.03467],[9.5628,41.03447],[9.56207,41.03337],[9.56142,41.03351],[9.56023,41.03327],[9.55943,41.03265],[9.55919,41.03188],[9.55778,41.03154],[9.55745,41.03106],[9.55716,41.03125],[9.55636,41.03105],[9.55599,41.03031],[9.55662,41.02973],[9.55819,41.02898],[9.55932,41.0288],[9.55936,41.0286],[9.56083,41.02838],[9.56146,41.02858],[9.56336,41.02791],[9.5636,41.02809],[9.5639,41.02764],[9.56435,41.02758],[9.56436,41.02707],[9.56411,41.02703],[9.56412,41.02659],[9.56354,41.02633],[9.56323,41.02533],[9.56155,41.02491],[9.56063,41.02411],[9.56087,41.02369],[9.56066,41.0229],[9.56127,41.02247],[9.56133,41.02209],[9.56032,41.02137],[9.55822,41.02108],[9.55762,41.01954],[9.55665,41.01902],[9.55632,41.0164],[9.55649,41.01607],[9.55618,41.0156],[9.55628,41.01513],[9.55558,41.01281],[9.55415,41.0111],[9.55357,41.01077],[9.5537,41.01038],[9.55343,41.01055],[9.55301,41.0104],[9.55336,41.01036],[9.55286,41.01008],[9.55258,41.00932],[9.55206,41.00875],[9.55139,41.00851],[9.55096,41.00687],[9.5523,41.00562],[9.55554,41.00376],[9.5581,41.0033],[9.55889,41.00364],[9.55855,41.00406],[9.55901,41.00386],[9.55997,41.00248],[9.55916,41.00206],[9.5595,41.00134],[9.55982,41.00142],[9.55952,41.00207],[9.55987,41.00143],[9.56019,41.00152],[9.55988,41.00223],[9.56013,41.0018],[9.56053,41.00189],[9.56021,41.00253],[9.56058,41.00191],[9.56086,41.00198],[9.5605,41.00279],[9.56005,41.00284],[9.55985,41.00354],[9.55958,41.00352],[9.55969,41.00381],[9.5589,41.0043],[9.55941,41.00427],[9.56002,41.00383],[9.56028,41.00469],[9.56199,41.00495],[9.56222,41.00584],[9.56363,41.00658],[9.5635,41.00695],[9.56395,41.00769],[9.56368,41.00836],[9.56393,41.00847],[9.56398,41.00907],[9.56371,41.00919],[9.5644,41.00946],[9.56437,41.00926],[9.56589,41.00935],[9.56689,41.00874],[9.56762,41.00915],[9.56788,41.00963],[9.56915,41.0096],[9.56956,41.00988],[9.56985,41.0095],[9.56945,41.0085],[9.57004,41.00726],[9.56918,41.00706],[9.56889,41.00726],[9.56845,41.00696],[9.56835,41.00666],[9.56894,41.00569],[9.57126,41.00449],[9.57261,41.00504],[9.57287,41.00462],[9.5738,41.00468],[9.57377,41.00403],[9.57456,41.00319],[9.57437,41.00287],[9.57395,41.00279],[9.57416,41.00244],[9.57452,41.00264],[9.57454,41.00299],[9.57612,41.00262],[9.5774,41.00309],[9.57816,41.00359],[9.57859,41.00435],[9.57867,41.00498],[9.5782,41.00533],[9.57853,41.00594],[9.57818,41.00649],[9.57876,41.00715],[9.57824,41.00951],[9.57754,41.01004],[9.57735,41.01093],[9.57837,41.011],[9.57861,41.01156],[9.57834,41.01213],[9.57616,41.01441],[9.57609,41.01505],[9.57672,41.01522],[9.57674,41.01565],[9.57704,41.01557],[9.57767,41.01605],[9.57799,41.01602],[9.57833,41.01656],[9.57906,41.01649],[9.57915,41.01573],[9.57952,41.01575],[9.5801,41.01377],[9.58188,41.01185],[9.58289,41.01146],[9.58334,41.01153],[9.58376,41.0109],[9.5843,41.0108],[9.58446,41.01049],[9.58586,41.01068],[9.58659,41.01106],[9.58718,41.01192],[9.58693,41.01291],[9.58642,41.01346],[9.58636,41.01371],[9.58652,41.01349],[9.58675,41.01362],[9.58734,41.01492],[9.58786,41.01484],[9.58804,41.01444],[9.58864,41.0142],[9.58974,41.01408],[9.59028,41.01437],[9.59085,41.01348],[9.59103,41.01418],[9.59175,41.01428],[9.59163,41.01482],[9.59188,41.01526],[9.59098,41.01671],[9.59146,41.01696],[9.59188,41.01777],[9.59169,41.0182],[9.59299,41.01845],[9.59381,41.0181],[9.59409,41.01887],[9.59468,41.01914],[9.59461,41.01943],[9.59417,41.01958],[9.59451,41.0198],[9.59437,41.02021],[9.59463,41.02091],[9.59405,41.02254],[9.59527,41.02265],[9.59571,41.02213],[9.59648,41.02192],[9.59614,41.02092],[9.59627,41.02043],[9.59673,41.02046],[9.59842,41.0189],[9.60008,41.01872],[9.60033,41.01922],[9.59987,41.01994],[9.60006,41.02068],[9.60051,41.02059],[9.60062,41.02103],[9.60176,41.02047],[9.60158,41.01924],[9.60244,41.01888],[9.60316,41.01921],[9.60342,41.01848],[9.60379,41.01866],[9.60413,41.01795],[9.60537,41.01778],[9.60632,41.01857],[9.60677,41.01818],[9.60766,41.01864],[9.60773,41.01834],[9.60838,41.01798],[9.60823,41.01752],[9.60855,41.01756],[9.60913,41.01701],[9.60954,41.01589],[9.60975,41.01615],[9.61023,41.01563],[9.61083,41.0158],[9.61142,41.01513],[9.61096,41.01423],[9.61236,41.01378],[9.61275,41.01243],[9.61203,41.01173],[9.61249,41.01137],[9.61262,41.01058],[9.61294,41.01047],[9.61341,41.01086],[9.61416,41.01084],[9.61425,41.01166],[9.61489,41.01115],[9.61551,41.01102],[9.61589,41.01018],[9.61658,41.00982],[9.61732,41.00999],[9.61772,41.01031],[9.61775,41.01067],[9.61796,41.01052],[9.61838,41.01001],[9.61831,41.00962],[9.6177,41.00912],[9.61796,41.00884],[9.61841,41.00894],[9.61917,41.00866],[9.61962,41.00959],[9.62043,41.00961],[9.62075,41.00916],[9.62066,41.00884],[9.6211,41.00837],[9.62101,41.00762],[9.62123,41.00718],[9.62174,41.0071],[9.62161,41.00622],[9.62132,41.00594],[9.62274,41.00501],[9.62265,41.00454],[9.62297,41.0044],[9.62348,41.0044],[9.62377,41.00483],[9.62365,41.00524],[9.62425,41.00499],[9.62512,41.00531],[9.62527,41.00487],[9.62631,41.00432],[9.62696,41.00439],[9.62722,41.00477],[9.62845,41.00477],[9.6292,41.00455],[9.63014,41.00321],[9.63058,41.0021],[9.63085,41.00199],[9.63179,41.00211],[9.63345,41.0016],[9.63426,41.00187],[9.63485,41.00122],[9.63558,41.001],[9.63872,41.00099],[9.6415,41.00171],[9.64238,41.00087],[9.64336,41.00117],[9.64477,41.00221],[9.64703,41.00331],[9.64816,41.00364],[9.64876,41.00356],[9.64927,41.00385],[9.64988,41.00365],[9.65149,41.00388],[9.65153,41.00409],[9.65249,41.00365],[9.65411,41.00377],[9.65596,41.00425],[9.65651,41.004],[9.65666,41.00349],[9.65734,41.00362],[9.65744,41.00329],[9.65828,41.00267],[9.65858,41.0019],[9.65841,41.00108],[9.65942,41.0001],[9.65981,41.00022],[9.66009,40.99999],[9.66037,40.99885],[9.6609,40.99875],[9.66194,40.99799],[9.66358,40.99795],[9.66411,40.99644],[9.66473,40.9962],[9.66493,40.99547],[9.66446,40.99501],[9.66446,40.99449],[9.66381,40.99408],[9.66243,40.99392],[9.66211,40.99353],[9.66072,40.99366],[9.6595,40.99292],[9.65912,40.99233],[9.65814,40.99183],[9.65752,40.99056],[9.65764,40.99023],[9.65613,40.98906],[9.6552,40.98872],[9.65517,40.9883],[9.65375,40.988],[9.65347,40.98823],[9.6534,40.98761],[9.65224,40.9873],[9.65347,40.98668],[9.65389,40.98612],[9.65394,40.98546],[9.65385,40.98505],[9.653,40.98435],[9.65198,40.98401],[9.65075,40.98448],[9.64785,40.98465],[9.64728,40.98491],[9.64683,40.98543],[9.64696,40.98742],[9.6466,40.98749],[9.64635,40.98715],[9.64597,40.9876],[9.64549,40.9876],[9.64513,40.98737],[9.64515,40.98693],[9.64379,40.98734],[9.64286,40.98689],[9.64164,40.98684],[9.6408,40.9874],[9.63703,40.9876],[9.6359,40.98813],[9.63383,40.9886],[9.63324,40.98947],[9.631,40.99032],[9.63025,40.99086],[9.6285,40.99276],[9.62604,40.99457],[9.62489,40.99475],[9.62409,40.9946],[9.62233,40.9931],[9.62305,40.9943],[9.62198,40.99384],[9.62274,40.99514],[9.6217,40.99465],[9.62126,40.99478],[9.62218,40.99541],[9.62155,40.9961],[9.62198,40.99572],[9.62359,40.99615],[9.62324,40.99629],[9.62355,40.99635],[9.62345,40.99665],[9.62295,40.99644],[9.6229,40.99615],[9.62285,40.99649],[9.62323,40.99677],[9.62303,40.99695],[9.62204,40.99674],[9.62206,40.99613],[9.62195,40.99681],[9.62301,40.99702],[9.62259,40.99802],[9.62225,40.99811],[9.62157,40.99901],[9.62165,40.99924],[9.62203,40.99861],[9.62245,40.9985],[9.62223,40.99935],[9.62176,40.99958],[9.62143,41.00029],[9.62167,41.00105],[9.62119,41.00164],[9.62025,41.00219],[9.61825,41.00271],[9.61679,41.00262],[9.61628,41.00293],[9.61497,41.00258],[9.61406,41.00265],[9.61369,41.00345],[9.61316,41.00363],[9.61095,41.00329],[9.61053,41.00182],[9.60988,41.00214],[9.60913,41.002],[9.60864,41.00174],[9.60807,41.00095],[9.60892,41.00023],[9.60925,40.99866],[9.60882,40.99775],[9.60746,40.99776],[9.60724,40.99719],[9.60684,40.99707],[9.60546,40.99733],[9.60445,40.9979],[9.60394,40.99777],[9.60363,40.99752],[9.60362,40.99712],[9.60429,40.99659],[9.60436,40.99631],[9.60389,40.9959],[9.6036,40.99586],[9.60426,40.99636],[9.60356,40.99705],[9.60327,40.99684],[9.60382,40.99655],[9.60362,40.9964],[9.60324,40.99681],[9.60308,40.99669],[9.6035,40.99614],[9.60292,40.99658],[9.60255,40.99641],[9.60236,40.9946],[9.60154,40.99532],[9.6005,40.9951],[9.59922,40.99531],[9.59885,40.99504],[9.59973,40.99318],[9.59986,40.9922],[9.59935,40.99153],[9.59782,40.99128],[9.59778,40.99069],[9.59756,40.99057],[9.59703,40.99083],[9.59666,40.99065],[9.5974,40.98941],[9.59882,40.98859],[9.59648,40.98862],[9.59601,40.98794],[9.59534,40.98797],[9.59469,40.9883],[9.59412,40.98995],[9.59325,40.99055],[9.59133,40.9905],[9.59024,40.98996],[9.58925,40.99007],[9.58809,40.98924],[9.58894,40.98867],[9.58812,40.98845],[9.588,40.98782],[9.58643,40.98846],[9.58527,40.98786],[9.58465,40.98698],[9.58456,40.98643],[9.58553,40.9858],[9.5855,40.98534],[9.58625,40.98473],[9.58655,40.98365],[9.58535,40.98393],[9.58459,40.98458],[9.58439,40.98429],[9.58308,40.98409],[9.58286,40.98355],[9.58227,40.98336],[9.58237,40.98284],[9.58316,40.98264],[9.5836,40.98206],[9.58433,40.98167],[9.58433,40.98074],[9.58397,40.98065],[9.58414,40.98043],[9.58372,40.98021],[9.58286,40.97988],[9.58166,40.97992],[9.58125,40.97948],[9.58202,40.9795],[9.58263,40.97891],[9.58323,40.97887],[9.58342,40.97867],[9.58311,40.97821],[9.58405,40.97778],[9.58294,40.97768],[9.58269,40.97693],[9.58317,40.97547],[9.58461,40.9753],[9.58541,40.97464],[9.58415,40.9738],[9.58437,40.97289],[9.5851,40.97262],[9.58609,40.97316],[9.58754,40.97272],[9.58762,40.97169],[9.58726,40.97158],[9.58723,40.97127],[9.58837,40.97042],[9.58803,40.96981],[9.58838,40.96934],[9.58898,40.96955],[9.58932,40.96906],[9.5898,40.96887],[9.59106,40.96853],[9.59201,40.9687],[9.59235,40.9683],[9.59279,40.96854],[9.59386,40.96815],[9.59343,40.96807],[9.5932,40.96598],[9.59153,40.96549],[9.5913,40.96507],[9.58978,40.96495],[9.58932,40.96434],[9.58943,40.96399],[9.5903,40.96337],[9.58985,40.96325],[9.5902,40.96296],[9.58974,40.96277],[9.58985,40.9625],[9.58923,40.96199],[9.58933,40.96152],[9.5883,40.9595],[9.58789,40.9595],[9.58681,40.96086],[9.5835,40.96076],[9.58197,40.95981],[9.58155,40.95922],[9.58143,40.9587],[9.58178,40.95844],[9.58144,40.95777],[9.5811,40.95798],[9.58006,40.95761],[9.57858,40.95765],[9.57839,40.95714],[9.57864,40.95596],[9.57824,40.95624],[9.57783,40.95739],[9.57657,40.95861],[9.57467,40.95934],[9.57641,40.95843],[9.57715,40.95772],[9.57722,40.95742],[9.57692,40.95729],[9.57561,40.95851],[9.57542,40.95849],[9.57564,40.95819],[9.57492,40.95822],[9.57506,40.95776],[9.57598,40.95706],[9.57616,40.95731],[9.57658,40.95725],[9.57704,40.95635],[9.57763,40.95643],[9.57757,40.95543],[9.57859,40.9553],[9.57923,40.95558],[9.57958,40.95633],[9.58095,40.9565],[9.58157,40.95646],[9.58208,40.95601],[9.58224,40.95513],[9.58189,40.9537],[9.58006,40.95483],[9.57871,40.95439],[9.57736,40.95314],[9.57736,40.95266],[9.57803,40.95182],[9.57772,40.95099],[9.57784,40.95019],[9.57855,40.94936],[9.57751,40.94893],[9.57742,40.94819],[9.57819,40.94726],[9.57823,40.94656],[9.57891,40.94625],[9.57797,40.94577],[9.57761,40.94589],[9.57691,40.94681],[9.57569,40.94734],[9.57408,40.94697],[9.57375,40.9464],[9.57327,40.94651],[9.5725,40.94624],[9.57176,40.94565],[9.57155,40.94506],[9.57175,40.94425],[9.5724,40.94387],[9.57229,40.94353],[9.57099,40.9435],[9.57007,40.94384],[9.56939,40.94365],[9.56846,40.94283],[9.56791,40.94185],[9.56789,40.94124],[9.56748,40.94077],[9.56769,40.93688],[9.56849,40.93552],[9.56904,40.93543],[9.5703,40.93425],[9.57127,40.93382],[9.57208,40.93443],[9.57367,40.93488],[9.57446,40.93473],[9.57477,40.93416],[9.57497,40.93431],[9.575,40.93396],[9.57532,40.93406],[9.57512,40.93319],[9.57413,40.93252],[9.57381,40.93147],[9.57413,40.93089],[9.57503,40.93052],[9.57502,40.92996],[9.5754,40.92925],[9.57519,40.92881],[9.57581,40.9289],[9.5753,40.92863],[9.57505,40.92788],[9.57428,40.92775],[9.57367,40.92729],[9.57252,40.92713],[9.57172,40.9275],[9.57085,40.92667],[9.57082,40.92578],[9.57005,40.92544],[9.56885,40.92573],[9.56665,40.9247],[9.56316,40.92403],[9.56134,40.92405],[9.56073,40.92519],[9.56021,40.92557],[9.55884,40.92518],[9.55805,40.9259],[9.55877,40.926],[9.55875,40.9265],[9.55803,40.92639],[9.55769,40.92665],[9.55691,40.92647],[9.55703,40.92682],[9.55735,40.92693],[9.55736,40.92734],[9.55705,40.92773],[9.55653,40.92779],[9.55687,40.92847],[9.55625,40.92927],[9.55573,40.92951],[9.55365,40.92902],[9.55259,40.92847],[9.55246,40.92863],[9.54956,40.92731],[9.54679,40.92651],[9.54584,40.92656],[9.54481,40.92611],[9.54415,40.92639],[9.53918,40.92587],[9.53869,40.92649],[9.53937,40.92611],[9.53996,40.92632],[9.53692,40.93001],[9.53645,40.93008],[9.53473,40.93235],[9.53445,40.93379],[9.53266,40.93311],[9.53034,40.9329],[9.52917,40.93358],[9.52813,40.93363],[9.52819,40.93453],[9.52786,40.9343],[9.52777,40.93493],[9.52713,40.93426],[9.5267,40.9345],[9.52676,40.93486],[9.52714,40.93498],[9.52742,40.93522],[9.52655,40.93477],[9.52649,40.93444],[9.527,40.93406],[9.52733,40.93315],[9.52648,40.93281],[9.52494,40.93344],[9.52452,40.93328],[9.52386,40.93346],[9.52389,40.93297],[9.52366,40.93309],[9.52314,40.9328],[9.52235,40.93167],[9.52188,40.93151],[9.52139,40.93168],[9.52191,40.93193],[9.52176,40.93262],[9.52199,40.93282],[9.52152,40.93286],[9.52069,40.93218],[9.52068,40.93144],[9.51953,40.93152],[9.51909,40.93133],[9.51969,40.93078],[9.5192,40.93105],[9.51805,40.93037],[9.51846,40.92948],[9.51792,40.93034],[9.51714,40.93037],[9.51578,40.92989],[9.51514,40.92915],[9.51457,40.92923],[9.51447,40.92887],[9.51477,40.92869],[9.51406,40.92873],[9.51445,40.92926],[9.51377,40.92988],[9.51319,40.92993],[9.51086,40.92858],[9.51064,40.92869],[9.51075,40.92854],[9.50989,40.92826],[9.50973,40.92846],[9.50906,40.92805],[9.50886,40.92833],[9.50839,40.92831],[9.50804,40.92905],[9.50753,40.92894],[9.50747,40.92921],[9.50711,40.92919],[9.50797,40.92992],[9.50454,40.92907],[9.50344,40.92903],[9.50325,40.92936],[9.50281,40.92941],[9.50301,40.92919],[9.50222,40.92754],[9.50542,40.92722],[9.50723,40.92678],[9.50819,40.92711],[9.5081,40.92661],[9.51015,40.92502],[9.51523,40.92424],[9.52111,40.92475],[9.52168,40.92509],[9.52243,40.92505],[9.5224,40.92477],[9.52449,40.92468],[9.52444,40.92403],[9.52236,40.92411],[9.5223,40.92322],[9.52476,40.92311],[9.52469,40.92219],[9.52259,40.92229],[9.52256,40.92202],[9.52055,40.92211],[9.52052,40.92184],[9.51863,40.92195],[9.51839,40.92212],[9.5184,40.9225],[9.51784,40.92259],[9.51775,40.92224],[9.51684,40.92237],[9.51678,40.92216],[9.51578,40.92231],[9.51593,40.92267],[9.51514,40.92295],[9.51521,40.92327],[9.51137,40.92386],[9.51111,40.92336],[9.50961,40.92345],[9.50958,40.92397],[9.50932,40.92418],[9.50782,40.92441],[9.50711,40.92369],[9.50736,40.92294],[9.50958,40.92231],[9.50933,40.92181],[9.50572,40.92271],[9.50601,40.92157],[9.50516,40.92146],[9.50503,40.922],[9.50442,40.92192],[9.50462,40.92121],[9.50433,40.92116],[9.50416,40.9217],[9.50338,40.92157],[9.50157,40.91982],[9.49984,40.9195],[9.49957,40.91917],[9.49904,40.91924],[9.49515,40.91752],[9.495,40.91711],[9.49442,40.91668],[9.49686,40.91703],[9.49878,40.91765],[9.49875,40.91745],[9.49904,40.9175],[9.49945,40.91706],[9.50156,40.91786],[9.50259,40.9179],[9.50304,40.91831],[9.50417,40.91761],[9.50396,40.91699],[9.50486,40.91626],[9.50396,40.91612],[9.50412,40.9157],[9.50462,40.91558],[9.50457,40.91531],[9.50492,40.91517],[9.5044,40.91509],[9.5044,40.91428],[9.50383,40.91395],[9.50443,40.91375],[9.50539,40.91424],[9.5069,40.91409],[9.50765,40.91463],[9.50776,40.91426],[9.50742,40.91423],[9.50734,40.91368],[9.50704,40.91348],[9.50601,40.91322],[9.50541,40.91354],[9.50452,40.91317],[9.50429,40.91372],[9.50201,40.91384],[9.50227,40.91307],[9.5025,40.91281],[9.50375,40.91284],[9.50415,40.91238],[9.50577,40.91275],[9.5057,40.9121],[9.50491,40.9122],[9.50473,40.91183],[9.50568,40.91131],[9.50662,40.9113],[9.50698,40.91137],[9.50707,40.91216],[9.50903,40.91185],[9.50989,40.91218],[9.51051,40.91319],[9.5109,40.91341],[9.51208,40.91279],[9.51293,40.91301],[9.51385,40.91271],[9.51517,40.91278],[9.51525,40.91301],[9.51585,40.91315],[9.516,40.91367],[9.51713,40.91343],[9.51813,40.91377],[9.51824,40.91424],[9.51858,40.91433],[9.51831,40.91491],[9.51786,40.91479],[9.51784,40.91534],[9.51851,40.91507],[9.51921,40.91553],[9.51947,40.91514],[9.52016,40.91492],[9.52117,40.91533],[9.5215,40.91582],[9.52288,40.91594],[9.52397,40.91644],[9.52428,40.9162],[9.52361,40.91596],[9.52351,40.91569],[9.5239,40.91535],[9.5246,40.9153],[9.52544,40.9155],[9.52537,40.91599],[9.52597,40.91544],[9.52698,40.91531],[9.52736,40.91565],[9.52734,40.916],[9.5282,40.91621],[9.52849,40.91595],[9.52839,40.91548],[9.5286,40.91532],[9.52832,40.91482],[9.5288,40.91417],[9.52982,40.91369],[9.53034,40.91416],[9.53138,40.91386],[9.53188,40.91403],[9.5326,40.91499],[9.53398,40.91457],[9.5348,40.915],[9.53527,40.91569],[9.53596,40.91611],[9.5366,40.91574],[9.5371,40.91588],[9.5395,40.91761],[9.53985,40.91812],[9.5407,40.918],[9.54276,40.91857],[9.54345,40.9191],[9.54583,40.91942],[9.54834,40.91889],[9.55224,40.9205],[9.55241,40.92039],[9.55197,40.92021],[9.55184,40.91982],[9.5522,40.91906],[9.55075,40.919],[9.55015,40.91939],[9.54971,40.91917],[9.54944,40.91734],[9.54977,40.91762],[9.54986,40.91867],[9.55013,40.91895],[9.5505,40.9188],[9.55064,40.91794],[9.54944,40.91711],[9.54867,40.91489],[9.54889,40.91475],[9.54899,40.91548],[9.54989,40.91717],[9.55042,40.91745],[9.55061,40.91551],[9.55087,40.91549],[9.55059,40.91498],[9.55078,40.91503],[9.55104,40.91437],[9.55137,40.91438],[9.5523,40.91351],[9.55158,40.91285],[9.55179,40.91266],[9.55162,40.91223],[9.55208,40.91232],[9.55302,40.91329],[9.55354,40.91469],[9.55468,40.91338],[9.55459,40.91313],[9.55536,40.91284],[9.55551,40.9123],[9.55628,40.91461],[9.55594,40.91667],[9.5555,40.91691],[9.55585,40.91705],[9.55589,40.91781],[9.55672,40.91836],[9.55833,40.91802],[9.55945,40.91816],[9.56075,40.91932],[9.56132,40.92065],[9.56166,40.92086],[9.56343,40.91953],[9.56379,40.91778],[9.5645,40.91701],[9.56529,40.91677],[9.56694,40.9173],[9.56709,40.91716],[9.56666,40.91655],[9.56679,40.91622],[9.56644,40.91502],[9.56582,40.91443],[9.56703,40.91304],[9.5693,40.91192],[9.57169,40.91257],[9.57319,40.91267],[9.57344,40.9132],[9.57422,40.91336],[9.57475,40.91399],[9.57577,40.91431],[9.57599,40.91502],[9.57632,40.91483],[9.57661,40.91502],[9.57667,40.91472],[9.57699,40.91459],[9.57742,40.91469],[9.57778,40.91519],[9.57939,40.91542],[9.5795,40.91507],[9.57901,40.91474],[9.57764,40.91455],[9.57744,40.91408],[9.57775,40.91368],[9.57709,40.91351],[9.57675,40.91281],[9.5753,40.91216],[9.57484,40.91131],[9.57469,40.91158],[9.57413,40.91092],[9.57311,40.91117],[9.57219,40.9109],[9.5714,40.90973],[9.57163,40.90815],[9.57428,40.90537],[9.57686,40.90339],[9.57906,40.90253],[9.58093,40.90227],[9.58094,40.90196],[9.58145,40.90148],[9.58455,40.90034],[9.58804,40.89962],[9.58986,40.89983],[9.591,40.90029],[9.59263,40.90159],[9.59302,40.90284],[9.592,40.90331],[9.5921,40.90412],[9.59258,40.90442],[9.59259,40.90573],[9.59295,40.90608],[9.59469,40.9066],[9.59539,40.90639],[9.59577,40.90595],[9.59737,40.90584],[9.59938,40.9064],[9.59956,40.90668],[9.601,40.90679],[9.60188,40.90799],[9.60194,40.9086],[9.60146,40.90883],[9.60198,40.90909],[9.60207,40.90887],[9.60253,40.90896],[9.60271,40.90951],[9.60313,40.90931],[9.60355,40.90968],[9.605,40.90978],[9.60589,40.91029],[9.60667,40.9116],[9.60649,40.91206],[9.60665,40.91247],[9.60638,40.91253],[9.6065,40.91399],[9.6071,40.91438],[9.6071,40.91474],[9.6074,40.915],[9.60723,40.9157],[9.60744,40.91634],[9.60892,40.91745],[9.60853,40.9177],[9.6099,40.91757],[9.60983,40.9183],[9.61055,40.91823],[9.61103,40.91873],[9.61144,40.91862],[9.6132,40.91998],[9.61398,40.91927],[9.61465,40.91933],[9.61464,40.91907],[9.61554,40.91884],[9.61618,40.91929],[9.61646,40.91815],[9.6161,40.91768],[9.61655,40.91784],[9.61695,40.91763],[9.6178,40.91755],[9.61699,40.91786],[9.61735,40.91822],[9.61793,40.91817],[9.61646,40.91962],[9.61665,40.92017],[9.61737,40.92049],[9.61839,40.91994],[9.61961,40.91981],[9.61992,40.92024],[9.61927,40.92066],[9.61909,40.9213],[9.61852,40.92166],[9.61882,40.92212],[9.61839,40.92231],[9.61833,40.92298],[9.6206,40.92319],[9.62073,40.92265],[9.62124,40.92246],[9.62135,40.9221],[9.62208,40.92235],[9.62166,40.92184],[9.62192,40.92169],[9.62159,40.92128],[9.62194,40.92138],[9.62192,40.92107],[9.62218,40.92092],[9.62202,40.92075],[9.6223,40.92077],[9.62234,40.9205],[9.62168,40.91995],[9.62182,40.91957],[9.62261,40.91967],[9.62288,40.91928],[9.62353,40.91914],[9.62346,40.91948],[9.62362,40.91959],[9.62405,40.91926],[9.62383,40.9191],[9.62427,40.91924],[9.62447,40.91859],[9.62563,40.91949],[9.62653,40.91872],[9.62762,40.91901],[9.62831,40.919],[9.62856,40.91876],[9.62971,40.91902],[9.63003,40.91865],[9.63036,40.91865],[9.63036,40.91788],[9.63072,40.91756],[9.63147,40.91761],[9.6323,40.91801],[9.63231,40.91831],[9.63184,40.91856],[9.63337,40.91943],[9.63463,40.91927],[9.63511,40.91886],[9.63578,40.91891],[9.63618,40.9185],[9.63599,40.91812],[9.63727,40.91803],[9.6379,40.91821],[9.6382,40.91894],[9.63909,40.9191],[9.63944,40.91946],[9.6397,40.91927],[9.64294,40.92015],[9.64438,40.91991],[9.64493,40.91882],[9.64514,40.91754],[9.64376,40.91687],[9.64116,40.91341],[9.63847,40.91203],[9.63825,40.91146],[9.63885,40.9111],[9.63815,40.91013],[9.63835,40.90967],[9.6378,40.90938],[9.63754,40.90973],[9.63707,40.90943],[9.63659,40.90954],[9.63628,40.90865],[9.63537,40.9085],[9.63487,40.90779],[9.63362,40.90767],[9.63333,40.90786],[9.63259,40.90753],[9.63231,40.90714],[9.63235,40.90639],[9.63293,40.90606],[9.63236,40.90537],[9.63228,40.90456],[9.6313,40.90455],[9.63085,40.90419],[9.63143,40.9034],[9.6305,40.90259],[9.63003,40.90275],[9.62918,40.90178],[9.6285,40.90177],[9.62817,40.90219],[9.62782,40.90222],[9.62749,40.90199],[9.62755,40.90169],[9.62708,40.90155],[9.62691,40.90075],[9.62782,40.89999],[9.62735,40.89965],[9.62779,40.89932],[9.62738,40.89856],[9.62644,40.8982],[9.62582,40.89858],[9.62493,40.89833],[9.62473,40.89756],[9.62496,40.89651],[9.62469,40.8962],[9.62363,40.89612],[9.62364,40.89542],[9.62256,40.8949],[9.62239,40.89486],[9.62222,40.89544],[9.61992,40.89615],[9.61945,40.89594],[9.61949,40.89553],[9.61903,40.89573],[9.61851,40.89555],[9.61789,40.89488],[9.61552,40.89477],[9.61495,40.89374],[9.61484,40.89299],[9.61526,40.89262],[9.61495,40.89239],[9.61514,40.89078],[9.61625,40.8894],[9.6183,40.88939],[9.61932,40.88989],[9.61974,40.88944],[9.62368,40.88944],[9.62295,40.88885],[9.62371,40.88815],[9.62552,40.88804],[9.62646,40.88846],[9.62603,40.88814],[9.62705,40.88814],[9.62724,40.88762],[9.62778,40.88757],[9.62783,40.8873],[9.62863,40.88746],[9.62874,40.88729],[9.62792,40.88722],[9.62816,40.88694],[9.62739,40.88648],[9.62744,40.88602],[9.62615,40.88558],[9.62624,40.88505],[9.62582,40.88473],[9.62587,40.88417],[9.62715,40.88423],[9.6276,40.88402],[9.62645,40.88261],[9.62669,40.88251],[9.62574,40.88197],[9.62696,40.88238],[9.6274,40.88348],[9.62799,40.88321],[9.62861,40.88341],[9.62905,40.88402],[9.62873,40.88418],[9.62869,40.8846],[9.62974,40.88498],[9.63036,40.88502],[9.63083,40.88475],[9.63162,40.88492],[9.63201,40.88453],[9.6329,40.88454],[9.63358,40.88432],[9.63375,40.88402],[9.63521,40.88452],[9.63584,40.88434],[9.63555,40.8841],[9.63593,40.88389],[9.63558,40.88337],[9.636,40.88278],[9.6365,40.88291],[9.63694,40.88234],[9.63652,40.88207],[9.63581,40.88216],[9.63586,40.88136],[9.63656,40.88109],[9.63707,40.88051],[9.63637,40.88062],[9.63606,40.88032],[9.63631,40.87964],[9.63682,40.87943],[9.63678,40.87913],[9.6371,40.87886],[9.63906,40.87855],[9.63959,40.87813],[9.64049,40.87867],[9.64162,40.87656],[9.64088,40.8744],[9.64114,40.87394],[9.64044,40.8739],[9.64052,40.87374],[9.64313,40.87343],[9.64255,40.87309],[9.64237,40.87267],[9.64246,40.87042],[9.64274,40.87038],[9.64288,40.87247],[9.64419,40.87405],[9.6442,40.87465],[9.64461,40.87494],[9.6457,40.87499],[9.6467,40.87602],[9.64724,40.87699],[9.64882,40.87688],[9.64965,40.87731],[9.64883,40.87777],[9.64798,40.87757],[9.64729,40.87825],[9.64601,40.87784],[9.64595,40.87823],[9.64652,40.87896],[9.64623,40.87921],[9.64562,40.87902],[9.6457,40.87986],[9.64694,40.87994],[9.64781,40.88078],[9.64867,40.88081],[9.64913,40.88018],[9.64977,40.88023],[9.64965,40.87977],[9.65075,40.8793],[9.65127,40.87964],[9.65188,40.87934],[9.65241,40.87959],[9.65233,40.87974],[9.65285,40.87952],[9.65366,40.88002],[9.65438,40.87981],[9.6538,40.87946],[9.65411,40.87771],[9.65369,40.87744],[9.65295,40.8776],[9.65271,40.87732],[9.65462,40.87621],[9.65527,40.87624],[9.65531,40.87677],[9.65587,40.87691],[9.65565,40.87644],[9.65617,40.8762],[9.65522,40.87567],[9.65543,40.87525],[9.65709,40.87505],[9.65796,40.87566],[9.65924,40.87534],[9.65914,40.87485],[9.65948,40.87461],[9.65958,40.87395],[9.65856,40.87319],[9.65652,40.87313],[9.6543,40.87083],[9.65367,40.87052],[9.65363,40.86976],[9.65425,40.86912],[9.65381,40.869],[9.65404,40.8688],[9.65349,40.8685],[9.65304,40.86859],[9.65301,40.86838],[9.65309,40.86817],[9.65428,40.86824],[9.65461,40.86803],[9.65516,40.86741],[9.65543,40.8664],[9.65514,40.86619],[9.65513,40.865],[9.65469,40.86425],[9.65306,40.86315],[9.65307,40.86174],[9.6524,40.86139],[9.65241,40.86101],[9.65423,40.85869],[9.65757,40.85639],[9.65857,40.85636],[9.65993,40.85677],[9.66073,40.85671],[9.6613,40.85634],[9.6619,40.85651],[9.66398,40.856],[9.66271,40.85192],[9.66073,40.84899],[9.65861,40.84648],[9.65708,40.84515],[9.65558,40.8426],[9.65105,40.83699],[9.64451,40.82585],[9.64156,40.81947],[9.64088,40.8186],[9.64037,40.81819],[9.63786,40.81748],[9.63557,40.81744],[9.63446,40.8171],[9.62455,40.81316],[9.60741,40.80495],[9.6011,40.80156],[9.596,40.79791],[9.59165,40.79597],[9.58853,40.79381],[9.58461,40.78563],[9.58238,40.78672],[9.57603,40.79313],[9.53043,40.79226],[9.52452,40.79069],[9.52242,40.78988],[9.52009,40.78712],[9.502,40.80329],[9.50084,40.79898],[9.49989,40.79723],[9.49909,40.79639],[9.49553,40.78902],[9.49393,40.78825],[9.48811,40.78371],[9.48649,40.78174],[9.48634,40.78055],[9.48222,40.77676],[9.47996,40.77362],[9.47879,40.77136],[9.47795,40.77096],[9.47784,40.77053],[9.47835,40.76981],[9.47977,40.76896],[9.48001,40.76772],[9.48211,40.76672],[9.48281,40.76574],[9.48225,40.76528],[9.48175,40.76411],[9.48001,40.76351],[9.47951,40.76257],[9.47873,40.76204],[9.47758,40.7601],[9.47378,40.75641],[9.47429,40.7545],[9.47492,40.75354],[9.4786,40.75318],[9.48032,40.75258],[9.47935,40.75081],[9.47664,40.75017],[9.47471,40.75013],[9.47387,40.75037],[9.47055,40.74923],[9.46566,40.74664],[9.46443,40.74531],[9.46311,40.74475],[9.46201,40.74358],[9.46046,40.7426],[9.45954,40.74136],[9.45813,40.74044],[9.45701,40.73834],[9.45467,40.73684],[9.45214,40.73726],[9.45033,40.73724],[9.44982,40.73712],[9.44886,40.73636],[9.4468,40.73787],[9.44504,40.73745],[9.4378,40.73749],[9.43615,40.73694],[9.43502,40.73686],[9.43397,40.73635],[9.43281,40.73634],[9.43183,40.73603],[9.4308,40.73544],[9.42943,40.73394],[9.42814,40.7333],[9.42812,40.73304],[9.42694,40.7329],[9.42317,40.73159],[9.42256,40.73192],[9.42253,40.73331],[9.4219,40.7344],[9.4219,40.73492],[9.42011,40.73446],[9.41969,40.73458],[9.41989,40.73566],[9.41932,40.73755],[9.41668,40.73709],[9.41494,40.73708],[9.41314,40.73809],[9.4122,40.73811],[9.41184,40.73769],[9.41193,40.73696],[9.41105,40.73579],[9.41066,40.73556],[9.40908,40.73575],[9.4068,40.73697],[9.4053,40.73861],[9.40355,40.73839],[9.40146,40.73771],[9.39959,40.73795],[9.39866,40.73972],[9.39852,40.74079],[9.39879,40.74181],[9.4,40.74336],[9.39968,40.74369],[9.40267,40.74899],[9.40563,40.75244],[9.40691,40.75765],[9.40731,40.75823],[9.40743,40.75982],[9.40782,40.76094],[9.40772,40.76235],[9.4091,40.76838],[9.41126,40.77313],[9.41238,40.77476],[9.41406,40.77814],[9.41575,40.78505],[9.41602,40.78929],[9.41661,40.79255],[9.41902,40.79683],[9.41957,40.79899],[9.42207,40.80523],[9.42141,40.80606],[9.4202,40.8171],[9.42768,40.82621],[9.43123,40.83591],[9.43022,40.83793],[9.4278,40.83991],[9.42322,40.84242],[9.40567,40.84898],[9.37262,40.85741],[9.36305,40.86013],[9.36175,40.85975],[9.36062,40.85847],[9.35973,40.85809],[9.35945,40.8575],[9.36001,40.85704],[9.36074,40.857],[9.36201,40.85628],[9.36056,40.85545],[9.35904,40.85524],[9.35877,40.85489],[9.35909,40.85439],[9.35895,40.85401],[9.35638,40.85339],[9.35577,40.85242],[9.35595,40.85231],[9.35451,40.85129],[9.35407,40.85056],[9.35413,40.85012],[9.35379,40.84998],[9.35088,40.84971],[9.35045,40.84944],[9.34975,40.84973],[9.34448,40.84968],[9.34246,40.84928],[9.33996,40.8492],[9.33965,40.8483],[9.33868,40.84835],[9.33744,40.84889],[9.33678,40.84846],[9.33596,40.84835],[9.3351,40.84898],[9.33481,40.84955],[9.33332,40.84963],[9.33237,40.84926],[9.33068,40.85024],[9.32825,40.85035],[9.32624,40.85119],[9.32516,40.85089],[9.32271,40.85162],[9.31445,40.85239],[9.31393,40.85191],[9.312,40.85176],[9.31039,40.85198],[9.30755,40.85117],[9.30481,40.84867],[9.30353,40.84822],[9.30215,40.84705],[9.3013,40.84667],[9.30015,40.84771],[9.29888,40.8481],[9.29749,40.84801],[9.29719,40.84737],[9.29669,40.84725],[9.2945,40.84797],[9.29128,40.84836],[9.28946,40.84716],[9.2876,40.84658],[9.28608,40.84547],[9.28539,40.84538],[9.28468,40.84568],[9.28056,40.84475],[9.27938,40.84513],[9.27608,40.84426],[9.27259,40.84638],[9.26997,40.84732],[9.26472,40.85025],[9.26297,40.85185],[9.26084,40.85113],[9.25519,40.85062],[9.23531,40.85003],[9.21645,40.85401],[9.20799,40.85375],[9.18665,40.85374],[9.17538,40.84963],[9.14124,40.83953],[9.13364,40.83493],[9.11455,40.833],[9.10249,40.80977],[9.08895,40.79876],[9.10748,40.82165],[9.08353,40.83315],[9.08139,40.83239],[9.07207,40.82768],[9.0561,40.82924],[9.05089,40.82497],[9.00518,40.8119],[9.00428,40.81211],[9.00285,40.81194],[9.00112,40.81074],[8.99885,40.80812],[8.99665,40.80784],[8.99633,40.80832],[8.99558,40.80845],[8.99206,40.80767],[8.98957,40.80802],[8.98834,40.80949],[8.9876,40.81192],[8.98901,40.81456],[8.99083,40.8164],[8.99548,40.82014],[8.99951,40.8224],[9.00023,40.82235],[9.0044,40.82332],[9.00663,40.82347],[9.00772,40.82418],[9.00781,40.82484],[9.00734,40.82552],[9.0046,40.82735],[9.00373,40.8282],[9.00159,40.82931],[9.00058,40.83075],[9.00063,40.83146],[9.00016,40.83174],[8.99946,40.83294],[8.99731,40.83531],[8.99682,40.83632],[8.99657,40.8379],[8.99679,40.83896],[8.99805,40.83962],[9.00028,40.84029],[9.00463,40.84112],[9.00702,40.84083],[9.00814,40.84106],[9.00876,40.84159],[9.00893,40.84295],[9.00971,40.8441],[9.00948,40.84512],[9.00892,40.84598],[9.00804,40.84641],[9.00395,40.84562],[9.00277,40.84629],[9.00188,40.84643],[8.99865,40.84624],[8.99769,40.84558],[8.99783,40.84429],[8.99698,40.84234],[8.99507,40.84178],[8.99403,40.84199],[8.9934,40.84244],[8.99102,40.8456],[8.98829,40.84813],[8.98497,40.8503],[8.9835,40.85035],[8.98113,40.85099],[8.98073,40.8529],[8.98072,40.85451],[8.98031,40.85559],[8.977,40.86023],[8.97605,40.8605],[8.97225,40.86257],[8.97128,40.86262],[8.96998,40.86246],[8.96789,40.8616],[8.96732,40.86111],[8.96723,40.86009],[8.96641,40.8596],[8.96452,40.859],[8.96205,40.85919],[8.96093,40.86082],[8.9596,40.86504],[8.95807,40.86622],[8.95576,40.86664],[8.95399,40.86648],[8.95088,40.86669],[8.9505,40.86617],[8.9508,40.86463],[8.94925,40.86328],[8.94743,40.86262],[8.94158,40.86206],[8.93909,40.86142],[8.93831,40.86083],[8.93771,40.85979],[8.93856,40.85719],[8.93816,40.85679],[8.93754,40.85525],[8.93559,40.85466],[8.93395,40.85453],[8.93334,40.85485],[8.93305,40.85532],[8.9322,40.85562],[8.93029,40.85575],[8.92918,40.85547],[8.92822,40.85462],[8.92823,40.8524],[8.92713,40.85032],[8.92541,40.84962],[8.92464,40.84979],[8.92348,40.8509],[8.9214,40.85104],[8.92003,40.85167],[8.91756,40.85331],[8.91719,40.85423],[8.91593,40.8555],[8.91235,40.85721],[8.9113,40.85714],[8.90847,40.85521],[8.90731,40.85517],[8.90579,40.85613],[8.90478,40.85765],[8.90363,40.85885],[8.90294,40.86008],[8.9032,40.8612],[8.9031,40.86235],[8.90062,40.86403],[8.89805,40.86675],[8.89747,40.86755],[8.89643,40.87034],[8.89623,40.87185],[8.89698,40.87321],[8.89964,40.87412],[8.9,40.87521],[8.90112,40.87608],[8.90345,40.87706],[8.90062,40.8819],[8.89617,40.88636],[8.89539,40.88786],[8.8961,40.89055],[8.8986,40.89266],[8.89921,40.89369],[8.90099,40.89549],[8.90156,40.8983],[8.90091,40.90002],[8.89997,40.90044],[8.89834,40.9004],[8.8939,40.90152],[8.89077,40.90384],[8.88805,40.9049],[8.88665,40.90632],[8.88662,40.90663],[8.88727,40.90729],[8.8873,40.90907],[8.88674,40.91045],[8.88588,40.91143],[8.88469,40.91216],[8.8841,40.91227],[8.88178,40.91129],[8.87918,40.91113],[8.87301,40.91202],[8.87188,40.9119],[8.87045,40.91255],[8.86844,40.91542],[8.86827,40.91586],[8.86841,40.91677],[8.8693,40.91665],[8.86993,40.91724],[8.87024,40.91798],[8.86987,40.91881],[8.86993,40.91949],[8.87137,40.92055],[8.87261,40.92237],[8.87272,40.92386],[8.87379,40.9278],[8.8746,40.92945],[8.87412,40.93291],[8.87114,40.93479],[8.86828,40.93555],[8.86669,40.93722],[8.86358,40.93842],[8.86251,40.93926],[8.86031,40.93921],[8.85892,40.93827],[8.85751,40.93827],[8.85664,40.93895],[8.85661,40.93989],[8.85702,40.94061],[8.85672,40.94128],[8.85566,40.94121],[8.85412,40.94203],[8.8528,40.94137],[8.85189,40.94165],[8.85069,40.94158],[8.85049,40.94167],[8.8506,40.94285],[8.85021,40.94326],[8.84864,40.94338],[8.84634,40.94428],[8.84453,40.94439],[8.84385,40.94574],[8.84301,40.94545],[8.84267,40.94453],[8.84063,40.94439],[8.84008,40.94523],[8.83869,40.94536],[8.83751,40.94659],[8.83754,40.94752],[8.83567,40.94665],[8.83464,40.94671],[8.83384,40.94737],[8.83217,40.94762],[8.83268,40.94863],[8.83229,40.94894],[8.83048,40.94764],[8.83043,40.94712],[8.83115,40.94559],[8.83093,40.94489],[8.82783,40.94365],[8.82726,40.94316],[8.82477,40.94202],[8.82303,40.94078],[8.81787,40.93622],[8.81512,40.93468],[8.81362,40.93455],[8.80982,40.93304],[8.80687,40.93316],[8.80845,40.93448],[8.80869,40.9352],[8.8112,40.93653],[8.81272,40.93795],[8.81685,40.94044],[8.81975,40.94273],[8.82315,40.94591],[8.8245,40.94662],[8.82562,40.94797],[8.82717,40.94899],[8.82797,40.94993],[8.8309,40.95224],[8.83189,40.95339],[8.83309,40.95406],[8.83762,40.95806],[8.83817,40.95892],[8.83955,40.95992],[8.83994,40.96073],[8.84098,40.96137],[8.84212,40.96309],[8.85517,40.97572],[8.85613,40.97677],[8.85664,40.97781],[8.8583,40.97891],[8.8629,40.9835],[8.86362,40.98462],[8.86497,40.98545],[8.86792,40.98954],[8.86859,40.99002],[8.8722,40.99478],[8.87305,40.99529],[8.8738,40.99661],[8.87381,40.99763],[8.87269,40.99879],[8.87297,40.99931],[8.87253,40.99929],[8.87282,40.99996],[8.87272,41.00063],[8.87191,41.00152],[8.87241,41.00155],[8.87229,41.00252],[8.8729,41.00272],[8.87362,41.00225],[8.87506,41.00228],[8.87724,41.00392],[8.87728,41.00423],[8.87599,41.00511],[8.87584,41.00547],[8.87486,41.00596],[8.87461,41.00634],[8.87425,41.00616],[8.87356,41.00683],[8.87375,41.00727],[8.87424,41.00744],[8.87377,41.00761],[8.87447,41.00811],[8.87513,41.00827],[8.8754,41.00797],[8.87627,41.00819],[8.87667,41.00874],[8.87677,41.00985],[8.87638,41.01113],[8.87567,41.01176],[8.87519,41.01154],[8.87469,41.01178],[8.87472,41.01221],[8.87442,41.01211],[8.87445,41.01247],[8.87421,41.01261],[8.8734,41.01249],[8.87344,41.0129],[8.87317,41.01315],[8.8719,41.01293],[8.87138,41.01347],[8.87039,41.0128],[8.87044,41.01326],[8.87007,41.01393],[8.87313,41.01552],[8.87341,41.01513],[8.87373,41.01567],[8.87437,41.01532],[8.87393,41.01597],[8.8745,41.01587],[8.87477,41.01555],[8.87451,41.0162],[8.87468,41.01639],[8.87615,41.0162],[8.87665,41.01585],[8.87805,41.01707],[8.87832,41.01724],[8.87842,41.01702],[8.87887,41.01744],[8.88061,41.01659],[8.88066,41.01612],[8.88081,41.01649],[8.88124,41.01613],[8.88263,41.01592],[8.88277,41.01583],[8.8824,41.01545],[8.88291,41.01564],[8.88329,41.01499],[8.884,41.01505],[8.88552,41.01454],[8.88653,41.01494],[8.88763,41.01579],[8.88844,41.01713],[8.88808,41.01808],[8.88697,41.0183],[8.88598,41.01899],[8.88562,41.01953],[8.8859,41.02027],[8.88676,41.02112],[8.88622,41.02111],[8.88617,41.02141],[8.88576,41.02091],[8.88499,41.0207],[8.88476,41.02095],[8.88537,41.02118],[8.88462,41.0215],[8.88468,41.02184],[8.88393,41.02206],[8.8844,41.02309],[8.88539,41.02312],[8.88529,41.02389],[8.88438,41.02401],[8.8838,41.0245],[8.88224,41.02438],[8.88237,41.02491],[8.88206,41.02472],[8.88204,41.02503],[8.88078,41.0247],[8.88121,41.02544],[8.88187,41.02545],[8.88177,41.02562],[8.88215,41.02571],[8.88235,41.02612],[8.8808,41.02612],[8.88018,41.02661],[8.87914,41.02696],[8.87913,41.02716],[8.87985,41.02715],[8.87973,41.02735],[8.88002,41.02753],[8.88067,41.02752],[8.87991,41.02774],[8.87953,41.02813],[8.88058,41.02804],[8.88071,41.02838],[8.88126,41.02816],[8.8818,41.02849],[8.8824,41.02803],[8.88218,41.02722],[8.88321,41.02802],[8.88362,41.02758],[8.88432,41.02751],[8.88433,41.02715],[8.88466,41.02738],[8.88523,41.02701],[8.88509,41.02728],[8.88642,41.027],[8.8873,41.02718],[8.88753,41.02706],[8.88721,41.02659],[8.88816,41.0268],[8.88874,41.02632],[8.88987,41.02649],[8.89119,41.02565],[8.89164,41.02565],[8.89252,41.0261],[8.89257,41.02723],[8.89296,41.02797],[8.89395,41.02806],[8.89413,41.02881],[8.89462,41.02923],[8.89498,41.02915],[8.89492,41.02948],[8.89532,41.02949],[8.89511,41.02962],[8.8952,41.02986],[8.89585,41.02987],[8.89585,41.03013],[8.89642,41.0299],[8.89632,41.03026],[8.89733,41.03067],[8.89728,41.0309],[8.89807,41.03142],[8.89691,41.031],[8.89765,41.03162],[8.8981,41.03164],[8.89783,41.03184],[8.89783,41.03232],[8.89866,41.0325],[8.89878,41.0321],[8.89938,41.03221],[8.89915,41.03256],[8.89971,41.03236],[8.89913,41.03284],[8.89926,41.03308],[8.89957,41.03293],[8.89978,41.03341],[8.90099,41.03256],[8.90099,41.03303],[8.90191,41.03389],[8.90175,41.03409],[8.90193,41.03448],[8.90258,41.03463],[8.90309,41.03427],[8.90352,41.03467],[8.90283,41.0348],[8.9026,41.03532],[8.90377,41.03487],[8.9043,41.03526],[8.90512,41.03485],[8.90531,41.03497],[8.90516,41.03535],[8.90575,41.03535],[8.90551,41.03564],[8.90697,41.03597],[8.90736,41.0363],[8.90786,41.03609],[8.90764,41.03553],[8.90793,41.03563],[8.90808,41.03517],[8.90838,41.03562],[8.9087,41.03553],[8.90899,41.03614],[8.90994,41.03612],[8.90973,41.03548],[8.91104,41.03607],[8.91099,41.03549],[8.9113,41.036],[8.91179,41.03576],[8.9122,41.03607],[8.91305,41.03598],[8.91345,41.03632],[8.91367,41.03613],[8.91414,41.0364],[8.91441,41.03608],[8.91451,41.03526],[8.91613,41.03518],[8.91636,41.03506],[8.91624,41.03501],[8.91622,41.03487],[8.91646,41.03498],[8.91638,41.03475],[8.91659,41.03501],[8.91692,41.03461],[8.91678,41.03448],[8.9172,41.03456],[8.91709,41.03397],[8.91732,41.03411],[8.91758,41.03376],[8.91858,41.03372],[8.91948,41.03435],[8.9206,41.03436],[8.92106,41.03471],[8.92086,41.03486],[8.92101,41.03503],[8.92146,41.03506],[8.92101,41.03545],[8.92126,41.0355],[8.92174,41.03651],[8.92107,41.03727],[8.92257,41.03722],[8.92221,41.03734],[8.92235,41.03755],[8.92154,41.03751],[8.92189,41.03804],[8.92151,41.03772],[8.92148,41.03835],[8.92192,41.03856],[8.92119,41.03837],[8.92084,41.03853],[8.92178,41.03869],[8.92191,41.03891],[8.92164,41.03899],[8.92198,41.03918],[8.92126,41.03951],[8.92216,41.03973],[8.92234,41.04],[8.92207,41.03998],[8.92227,41.04027],[8.92137,41.03999],[8.9216,41.04016],[8.92126,41.04032],[8.92149,41.04079],[8.92218,41.04082],[8.92219,41.04113],[8.9233,41.04069],[8.92253,41.04142],[8.92368,41.04148],[8.9233,41.04173],[8.92318,41.04223],[8.9245,41.04262],[8.92427,41.04294],[8.92542,41.04284],[8.92623,41.04329],[8.92573,41.04258],[8.92636,41.043],[8.92636,41.04266],[8.92681,41.04314],[8.92749,41.04324],[8.92757,41.0435],[8.92797,41.04357],[8.92847,41.04321],[8.92914,41.04352],[8.92907,41.04325],[8.92992,41.04331],[8.92942,41.04282],[8.93001,41.04182],[8.93156,41.04219],[8.93225,41.04293],[8.93262,41.04297],[8.93256,41.04332],[8.93304,41.04339],[8.93315,41.04417],[8.93428,41.04542],[8.93426,41.04575],[8.93557,41.04648],[8.93554,41.04686],[8.9351,41.04683],[8.935,41.04713],[8.93392,41.0468],[8.93441,41.04749],[8.93385,41.04796],[8.93465,41.04842],[8.93733,41.0489],[8.93809,41.05064],[8.93786,41.05098],[8.93739,41.051],[8.93695,41.0516],[8.93808,41.05242],[8.93841,41.05244],[8.93872,41.05211],[8.93941,41.05271],[8.93993,41.05275],[8.93988,41.05293],[8.94027,41.053],[8.94004,41.05316],[8.94152,41.0541],[8.94242,41.0543],[8.94249,41.05462],[8.94315,41.05483],[8.94347,41.05434],[8.94444,41.05504],[8.94477,41.05493],[8.94449,41.05532],[8.94619,41.05582],[8.94612,41.05623],[8.94709,41.05733],[8.94712,41.05703],[8.94796,41.057],[8.94803,41.05674],[8.9484,41.05696],[8.94831,41.0574],[8.94864,41.05791],[8.9499,41.05832],[8.94986,41.05855],[8.95054,41.05896],[8.95043,41.05927],[8.95085,41.05964],[8.95074,41.05983],[8.95105,41.06012],[8.95077,41.06058],[8.95171,41.06057],[8.95129,41.06079],[8.95121,41.06104],[8.95152,41.06104],[8.95136,41.0612],[8.95215,41.06093],[8.95241,41.06109],[8.95254,41.06134],[8.95213,41.06176],[8.95272,41.06178],[8.95235,41.06195],[8.95248,41.06214],[8.95304,41.06223],[8.95253,41.06285],[8.95293,41.06302],[8.95292,41.06332],[8.95342,41.06342],[8.95315,41.06366],[8.95465,41.0656],[8.95491,41.06587],[8.9552,41.06568],[8.95557,41.06635],[8.95698,41.06758],[8.95745,41.06779],[8.95778,41.06761],[8.95821,41.06811],[8.95851,41.06808],[8.95879,41.0689],[8.959,41.06882],[8.95894,41.06909],[8.95959,41.06941],[8.9595,41.06966],[8.96005,41.07013],[8.96003,41.07042],[8.9607,41.0706],[8.96089,41.07092],[8.96155,41.07084],[8.96159,41.07121],[8.96164,41.0711],[8.96281,41.07236],[8.96309,41.07229],[8.963,41.0719],[8.96342,41.07257],[8.96374,41.07252],[8.96376,41.0723],[8.9638,41.07257],[8.96442,41.07244],[8.96445,41.07276],[8.96486,41.07262],[8.96469,41.07296],[8.96544,41.07353],[8.96501,41.07342],[8.96519,41.07376],[8.96614,41.07416],[8.96623,41.07393],[8.96671,41.07412],[8.96708,41.07434],[8.9672,41.07484],[8.96802,41.07463],[8.96903,41.07486],[8.96703,41.07532],[8.96669,41.07569],[8.9669,41.07587],[8.96694,41.0761],[8.96721,41.07608],[8.9673,41.07677],[8.96762,41.07676],[8.96745,41.07707],[8.96779,41.0773],[8.96807,41.07711],[8.96803,41.07755],[8.96945,41.07867],[8.96946,41.07905],[8.96973,41.07906],[8.96983,41.07859],[8.96997,41.07911],[8.97033,41.07882],[8.97139,41.0793],[8.97151,41.07969],[8.97222,41.07944],[8.97257,41.07982],[8.9728,41.07961],[8.97341,41.08036],[8.97377,41.08028],[8.97411,41.08058],[8.9741,41.08094],[8.97336,41.08113],[8.97394,41.08125],[8.9737,41.08128],[8.97478,41.08198],[8.9744,41.08214],[8.97335,41.08187],[8.97468,41.0831],[8.97492,41.08276],[8.97552,41.08268],[8.97645,41.08355],[8.9767,41.0833],[8.97695,41.08383],[8.97749,41.08405],[8.97773,41.08397],[8.97746,41.08364],[8.97803,41.08388],[8.97841,41.08372],[8.9781,41.08335],[8.97883,41.08367],[8.97887,41.08334],[8.97947,41.08353],[8.98022,41.08295],[8.98011,41.08353],[8.98041,41.0841],[8.97989,41.08426],[8.98013,41.08449],[8.97979,41.0845],[8.9796,41.08484],[8.98042,41.08499],[8.98007,41.08501],[8.97986,41.08534],[8.98023,41.08614],[8.98162,41.08613],[8.98331,41.08656],[8.9838,41.08684],[8.98382,41.08733],[8.98291,41.08771],[8.98093,41.08786],[8.98051,41.08826],[8.97961,41.08854],[8.9798,41.0891],[8.98038,41.0896],[8.98132,41.09074],[8.98272,41.09139],[8.98285,41.09171],[8.98239,41.09204],[8.98309,41.09219],[8.98269,41.09251],[8.98319,41.09283],[8.98304,41.09306],[8.98401,41.09299],[8.98356,41.0935],[8.98438,41.09329],[8.98383,41.09352],[8.98412,41.09367],[8.98373,41.09392],[8.98426,41.0941],[8.9853,41.09391],[8.98537,41.09444],[8.98585,41.09436],[8.98601,41.09488],[8.98653,41.09492],[8.98636,41.09519],[8.98663,41.09537],[8.98662,41.09623],[8.987,41.09637],[8.98721,41.09664],[8.98705,41.09683],[8.98732,41.09684],[8.98714,41.09696],[8.98758,41.09726],[8.98759,41.09786],[8.98848,41.09787],[8.98801,41.09833],[8.98907,41.09894],[8.99013,41.09879],[8.99052,41.09908],[8.99067,41.09974],[8.99038,41.09986],[8.99049,41.10018],[8.99018,41.10012],[8.99015,41.10075],[8.98987,41.10086],[8.99012,41.10106],[8.98994,41.10213],[8.98969,41.10231],[8.98977,41.10286],[8.99026,41.10331],[8.99085,41.10334],[8.99076,41.10372],[8.99109,41.10391],[8.99176,41.10395],[8.99204,41.10345],[8.9933,41.1043],[8.99419,41.10393],[8.99443,41.1041],[8.99429,41.10428],[8.99461,41.10439],[8.99442,41.10451],[8.99487,41.10473],[8.99557,41.10473],[8.99614,41.10441],[8.99715,41.10462],[8.99715,41.10488],[8.9966,41.10502],[8.99723,41.10563],[8.99709,41.10596],[8.99732,41.10621],[8.99659,41.10668],[8.998,41.10796],[8.99983,41.1088],[9.00022,41.10934],[8.99989,41.1099],[9.00021,41.10989],[9.0006,41.11044],[9.00045,41.11076],[9.00102,41.11121],[9.00092,41.11154],[9.0013,41.11162],[9.00156,41.1122],[9.00314,41.11296],[9.00231,41.11358],[9.00313,41.11364],[9.00395,41.11437],[9.00537,41.11472],[9.00533,41.11546],[9.00493,41.11605],[9.00498,41.11745],[9.00581,41.11853],[9.00756,41.11954],[9.00824,41.12044],[9.00807,41.12096],[9.00837,41.12085],[9.00879,41.1213],[9.00955,41.12141],[9.01066,41.12232],[9.01157,41.12242],[9.01239,41.12306],[9.01231,41.12344],[9.01131,41.12384],[9.0123,41.12438],[9.0117,41.12475],[9.0122,41.12495],[9.01276,41.12472],[9.01311,41.12509],[9.0139,41.1252],[9.01435,41.12512],[9.01435,41.12478],[9.01477,41.125],[9.01496,41.1248],[9.01584,41.12566],[9.0173,41.1262],[9.01744,41.12556],[9.01808,41.12503],[9.01845,41.12529],[9.01844,41.12576],[9.01871,41.12602],[9.01978,41.12653],[9.02083,41.12648],[9.02097,41.12661],[9.02061,41.12682],[9.02078,41.12691],[9.0216,41.12671],[9.02185,41.1269],[9.02187,41.12665],[9.02209,41.12669],[9.02198,41.12625],[9.02337,41.12632],[9.024,41.12662],[9.02525,41.12614],[9.029,41.1272],[9.02914,41.12757],[9.02859,41.12776],[9.02943,41.12811],[9.02932,41.12839],[9.02975,41.12912],[9.02929,41.1298],[9.03086,41.13008],[9.03071,41.13059],[9.03089,41.13088],[9.03163,41.13118],[9.03147,41.1317],[9.03061,41.13218],[9.03061,41.13246],[9.03186,41.13254],[9.03366,41.13334],[9.03386,41.13245],[9.03437,41.13233],[9.03517,41.13307],[9.03705,41.13309],[9.03709,41.13341],[9.03677,41.13356],[9.03693,41.13365],[9.03867,41.13354],[9.03934,41.13399],[9.03936,41.13462],[9.03839,41.13493],[9.03968,41.13535],[9.04053,41.13518],[9.04049,41.13591],[9.04108,41.13624],[9.04105,41.13657],[9.04171,41.13669],[9.04172,41.13702],[9.0426,41.13729],[9.04307,41.13712],[9.04449,41.13763],[9.04624,41.13766],[9.04699,41.13794],[9.04731,41.13746],[9.04786,41.13769],[9.0482,41.13709],[9.04974,41.13675],[9.0509,41.13739],[9.05187,41.13658],[9.05064,41.13523],[9.05094,41.13443],[9.05238,41.13333],[9.05349,41.13334]]],[[[9.40947,41.21431],[9.40935,41.21362],[9.40957,41.21326],[9.4093,41.21315],[9.40827,41.21377],[9.4076,41.21289],[9.40782,41.21252],[9.40566,41.21136],[9.40604,41.21082],[9.40572,41.21054],[9.40593,41.21083],[9.40551,41.21143],[9.40524,41.21133],[9.40486,41.2121],[9.40363,41.21311],[9.40323,41.21299],[9.40351,41.21253],[9.40375,41.21088],[9.40467,41.21057],[9.40494,41.21024],[9.40355,41.21057],[9.40282,41.21122],[9.40239,41.21123],[9.40196,41.21069],[9.40154,41.21069],[9.40148,41.21027],[9.40115,41.2104],[9.40081,41.21021],[9.39969,41.21059],[9.39856,41.20957],[9.39817,41.21073],[9.39787,41.21052],[9.39717,41.21068],[9.39582,41.21035],[9.3956,41.21059],[9.39453,41.21062],[9.39343,41.21101],[9.39316,41.21088],[9.39185,41.21142],[9.3914,41.21127],[9.39151,41.21065],[9.39106,41.21034],[9.39029,41.21051],[9.38883,41.20959],[9.38733,41.20962],[9.38611,41.21112],[9.38498,41.21148],[9.38396,41.21103],[9.38368,41.21069],[9.38376,41.21022],[9.38343,41.21052],[9.38301,41.21013],[9.38164,41.21019],[9.38138,41.21033],[9.38146,41.21059],[9.38224,41.21061],[9.38242,41.21099],[9.3817,41.21142],[9.38118,41.21096],[9.38101,41.21136],[9.38128,41.21153],[9.381,41.21183],[9.38153,41.21236],[9.38176,41.21235],[9.38186,41.21191],[9.38217,41.21203],[9.38261,41.21169],[9.38242,41.21237],[9.38284,41.21223],[9.38307,41.21251],[9.38341,41.21185],[9.38394,41.21155],[9.38429,41.212],[9.38488,41.21181],[9.38522,41.21206],[9.38529,41.21278],[9.38502,41.21281],[9.38478,41.21357],[9.38447,41.21348],[9.38416,41.21386],[9.38421,41.21412],[9.38502,41.21425],[9.38455,41.21437],[9.38479,41.21442],[9.38458,41.21455],[9.38517,41.21464],[9.38519,41.21493],[9.3855,41.21498],[9.38448,41.2151],[9.3845,41.21542],[9.38487,41.21549],[9.38483,41.21581],[9.38356,41.21591],[9.38284,41.21632],[9.38282,41.21602],[9.38268,41.21635],[9.3823,41.21639],[9.38137,41.21594],[9.38135,41.21519],[9.3809,41.21446],[9.38079,41.21472],[9.38112,41.21536],[9.38,41.21549],[9.37976,41.2153],[9.37915,41.2157],[9.37887,41.21658],[9.37828,41.21641],[9.37735,41.2169],[9.37709,41.21756],[9.37709,41.21723],[9.3768,41.21723],[9.37657,41.21808],[9.37622,41.2182],[9.37646,41.21916],[9.37621,41.21959],[9.37644,41.22001],[9.3761,41.22019],[9.37624,41.22129],[9.37669,41.22118],[9.37766,41.22004],[9.37785,41.2203],[9.37718,41.22108],[9.37842,41.22111],[9.37819,41.22129],[9.37876,41.22252],[9.37809,41.22307],[9.378,41.2229],[9.37747,41.22352],[9.37818,41.22385],[9.37743,41.22369],[9.37731,41.22394],[9.37763,41.22474],[9.37753,41.22616],[9.37793,41.22723],[9.37752,41.22729],[9.37764,41.22762],[9.37734,41.22853],[9.37701,41.22841],[9.37648,41.22793],[9.37633,41.22734],[9.37612,41.22759],[9.37544,41.22745],[9.37532,41.22621],[9.37486,41.22594],[9.37454,41.22527],[9.37423,41.22592],[9.37458,41.22603],[9.37444,41.22657],[9.37469,41.2269],[9.37434,41.22682],[9.37412,41.2275],[9.37469,41.22829],[9.37442,41.22875],[9.37531,41.22879],[9.37556,41.22911],[9.37623,41.22919],[9.37545,41.22929],[9.37541,41.22968],[9.3757,41.22984],[9.37537,41.23006],[9.37571,41.23015],[9.37568,41.23047],[9.37691,41.23089],[9.3774,41.2304],[9.37803,41.23039],[9.37886,41.23136],[9.37864,41.232],[9.37817,41.23178],[9.37776,41.23191],[9.37792,41.23276],[9.3775,41.23275],[9.37753,41.2331],[9.37726,41.23325],[9.3782,41.23459],[9.37881,41.23396],[9.37938,41.23456],[9.37933,41.23386],[9.37953,41.23377],[9.37976,41.23415],[9.38062,41.23428],[9.38108,41.23463],[9.38163,41.23425],[9.3815,41.2348],[9.38172,41.2348],[9.38205,41.23419],[9.38294,41.23388],[9.38352,41.23329],[9.38458,41.23311],[9.3849,41.23272],[9.38556,41.23285],[9.38725,41.2322],[9.38777,41.23263],[9.38754,41.23333],[9.38771,41.23352],[9.38792,41.23328],[9.388,41.23477],[9.38856,41.23365],[9.38952,41.23302],[9.38993,41.23304],[9.39037,41.23471],[9.39018,41.235],[9.38992,41.23487],[9.38989,41.23512],[9.39006,41.23554],[9.3906,41.23571],[9.39022,41.23603],[9.3902,41.2358],[9.38989,41.23581],[9.38971,41.23681],[9.39013,41.23648],[9.39058,41.2366],[9.3906,41.2371],[9.39082,41.23717],[9.39021,41.23741],[9.39065,41.23777],[9.39011,41.23805],[9.39103,41.23833],[9.39091,41.23877],[9.39108,41.23893],[9.39055,41.23936],[9.39112,41.23945],[9.39118,41.2392],[9.39217,41.23997],[9.39215,41.24038],[9.39172,41.24039],[9.3918,41.24072],[9.39216,41.24082],[9.39216,41.2412],[9.39236,41.24117],[9.39227,41.24138],[9.39301,41.24154],[9.39343,41.24134],[9.39353,41.24166],[9.3945,41.24177],[9.39614,41.24178],[9.39613,41.24151],[9.39683,41.24126],[9.39844,41.24157],[9.40063,41.24272],[9.40083,41.24319],[9.40058,41.24335],[9.4009,41.24357],[9.4007,41.24466],[9.40129,41.2443],[9.40237,41.24479],[9.4024,41.24524],[9.40189,41.24566],[9.4022,41.24609],[9.40183,41.2464],[9.40202,41.24649],[9.40181,41.24689],[9.4019,41.24755],[9.4013,41.24771],[9.40025,41.24737],[9.4003,41.24866],[9.40048,41.2493],[9.40108,41.24915],[9.40242,41.2495],[9.40278,41.24936],[9.40344,41.2499],[9.40348,41.25047],[9.4029,41.25054],[9.40234,41.25138],[9.40235,41.253],[9.40292,41.25402],[9.4018,41.25507],[9.40193,41.25615],[9.40236,41.25563],[9.40335,41.2556],[9.40302,41.25652],[9.40329,41.25706],[9.40371,41.25707],[9.40357,41.25723],[9.40379,41.25752],[9.40349,41.25769],[9.40374,41.25789],[9.4036,41.25809],[9.40212,41.25804],[9.40203,41.25832],[9.40181,41.25818],[9.40147,41.2584],[9.40031,41.2582],[9.39908,41.25867],[9.39865,41.25947],[9.39903,41.25963],[9.39898,41.25991],[9.39934,41.25995],[9.39919,41.2601],[9.3995,41.26101],[9.40021,41.26094],[9.40064,41.26137],[9.40276,41.26076],[9.40288,41.26099],[9.40299,41.26066],[9.40504,41.25895],[9.40515,41.25841],[9.40465,41.25765],[9.40517,41.25723],[9.40461,41.25571],[9.40507,41.25489],[9.40678,41.25444],[9.40652,41.253],[9.40767,41.25148],[9.40863,41.25119],[9.40951,41.25159],[9.40952,41.25127],[9.41005,41.25109],[9.41006,41.25083],[9.41123,41.24999],[9.41199,41.24991],[9.41314,41.25046],[9.41377,41.24997],[9.41406,41.25004],[9.41323,41.25054],[9.41358,41.2509],[9.4134,41.25176],[9.41267,41.25234],[9.41267,41.25262],[9.41354,41.25355],[9.41409,41.2535],[9.41497,41.25406],[9.41536,41.2548],[9.41508,41.25562],[9.41576,41.25598],[9.41671,41.25603],[9.41869,41.25449],[9.41773,41.25591],[9.41774,41.25668],[9.41748,41.25704],[9.41493,41.25673],[9.41448,41.25697],[9.41461,41.25729],[9.41442,41.25762],[9.41346,41.25738],[9.41332,41.25767],[9.41356,41.25792],[9.41293,41.25863],[9.41249,41.25865],[9.41263,41.25902],[9.41303,41.25885],[9.41383,41.25958],[9.41462,41.25963],[9.41454,41.25995],[9.41397,41.25993],[9.41402,41.26025],[9.41269,41.26045],[9.41417,41.26131],[9.41419,41.26101],[9.41452,41.26092],[9.41434,41.2606],[9.41471,41.2602],[9.41657,41.2593],[9.41634,41.26054],[9.41638,41.26079],[9.41691,41.26095],[9.41646,41.2612],[9.4167,41.26181],[9.41652,41.26205],[9.41703,41.26314],[9.41643,41.263],[9.4155,41.26401],[9.41608,41.26557],[9.41676,41.26586],[9.41496,41.26594],[9.41514,41.2663],[9.41441,41.26647],[9.41426,41.26712],[9.41464,41.26811],[9.41517,41.26776],[9.41538,41.26788],[9.41532,41.26822],[9.41562,41.26809],[9.41557,41.26751],[9.41631,41.26857],[9.41729,41.26877],[9.41745,41.26911],[9.42006,41.26778],[9.42044,41.26777],[9.42095,41.26819],[9.42109,41.26792],[9.42142,41.26823],[9.42216,41.26772],[9.42187,41.26739],[9.42245,41.26748],[9.4223,41.26714],[9.42275,41.26702],[9.42299,41.26658],[9.42337,41.2669],[9.42372,41.26685],[9.42479,41.26562],[9.42496,41.26477],[9.42554,41.26412],[9.42591,41.26408],[9.42628,41.26362],[9.42668,41.26409],[9.42664,41.26443],[9.427,41.26414],[9.42696,41.26382],[9.42746,41.26402],[9.42745,41.26348],[9.42796,41.2638],[9.42839,41.26357],[9.42825,41.26333],[9.42849,41.26314],[9.4281,41.2628],[9.42837,41.26283],[9.42816,41.26248],[9.42867,41.26262],[9.42924,41.26221],[9.42915,41.26152],[9.42891,41.26157],[9.42947,41.2599],[9.43007,41.26021],[9.43062,41.26011],[9.43054,41.26038],[9.43098,41.25974],[9.43125,41.25995],[9.43148,41.25964],[9.43225,41.25958],[9.43331,41.25898],[9.43311,41.2589],[9.43316,41.25834],[9.43259,41.25835],[9.43163,41.25883],[9.43147,41.25916],[9.43106,41.25921],[9.43076,41.2588],[9.43029,41.2592],[9.42901,41.25908],[9.42811,41.2576],[9.42835,41.25847],[9.42738,41.25891],[9.42697,41.25781],[9.42584,41.25787],[9.42468,41.25753],[9.42673,41.2568],[9.42759,41.25596],[9.42859,41.25595],[9.42864,41.25638],[9.42889,41.2563],[9.42898,41.256],[9.42871,41.25589],[9.42942,41.25568],[9.42899,41.25516],[9.42988,41.25493],[9.43037,41.25406],[9.43049,41.25448],[9.43081,41.25428],[9.43053,41.25407],[9.43087,41.25372],[9.43035,41.25342],[9.43107,41.25305],[9.43111,41.25227],[9.43173,41.25244],[9.43194,41.25279],[9.43279,41.25271],[9.43241,41.25244],[9.43265,41.2523],[9.43239,41.25209],[9.43266,41.25187],[9.43211,41.25181],[9.43203,41.25145],[9.43235,41.25149],[9.43226,41.25124],[9.43109,41.25155],[9.43113,41.25117],[9.43065,41.2515],[9.43008,41.2512],[9.4292,41.25135],[9.42843,41.25079],[9.42808,41.24966],[9.42753,41.24912],[9.42846,41.24804],[9.42922,41.2486],[9.4285,41.24799],[9.4291,41.24704],[9.42969,41.24698],[9.43023,41.24758],[9.43022,41.24882],[9.43051,41.24869],[9.43067,41.24896],[9.43167,41.24872],[9.43176,41.24919],[9.43285,41.24981],[9.43296,41.24939],[9.43363,41.24958],[9.4345,41.24933],[9.43451,41.24883],[9.4353,41.24858],[9.43471,41.24801],[9.43542,41.24797],[9.43598,41.24757],[9.43608,41.24725],[9.43563,41.24751],[9.43542,41.24676],[9.43513,41.24655],[9.43573,41.2467],[9.43591,41.24613],[9.43525,41.24586],[9.43572,41.24492],[9.43498,41.24464],[9.43405,41.24491],[9.43367,41.24444],[9.43468,41.24423],[9.43456,41.24377],[9.43513,41.24375],[9.4355,41.24287],[9.4358,41.24302],[9.43633,41.24256],[9.43628,41.24205],[9.43665,41.24237],[9.43663,41.24164],[9.43737,41.24126],[9.43701,41.24074],[9.43598,41.24068],[9.43563,41.23992],[9.43583,41.23925],[9.43564,41.23831],[9.43511,41.23766],[9.43447,41.23753],[9.43492,41.23726],[9.43509,41.23653],[9.43466,41.23553],[9.43423,41.23535],[9.43373,41.23465],[9.43363,41.23333],[9.43293,41.23279],[9.43223,41.23291],[9.43256,41.23194],[9.43119,41.23096],[9.43031,41.23075],[9.42984,41.23096],[9.42986,41.2304],[9.43037,41.22996],[9.43109,41.23009],[9.43206,41.2291],[9.43181,41.22879],[9.4313,41.22873],[9.4314,41.22832],[9.43237,41.22844],[9.43125,41.22795],[9.43131,41.22772],[9.43221,41.22754],[9.43209,41.22719],[9.43255,41.22662],[9.43255,41.22568],[9.43139,41.22522],[9.43153,41.22497],[9.43217,41.22496],[9.43169,41.22474],[9.43197,41.22453],[9.43117,41.22373],[9.43159,41.22324],[9.43219,41.22324],[9.43274,41.22274],[9.43274,41.22435],[9.43413,41.22471],[9.43405,41.22504],[9.43321,41.22528],[9.43426,41.22587],[9.43446,41.22633],[9.43425,41.22714],[9.43485,41.22807],[9.43473,41.22854],[9.43532,41.22886],[9.43599,41.22868],[9.43667,41.22762],[9.43747,41.22748],[9.43692,41.22634],[9.43694,41.22555],[9.43633,41.22589],[9.4356,41.22516],[9.43587,41.22494],[9.43619,41.22517],[9.43615,41.22489],[9.43687,41.22504],[9.43761,41.22468],[9.43801,41.22519],[9.43845,41.22513],[9.43883,41.22453],[9.43944,41.22446],[9.43946,41.22396],[9.43913,41.22345],[9.43979,41.22355],[9.44,41.22306],[9.43986,41.22273],[9.43872,41.2224],[9.43865,41.22213],[9.43828,41.22205],[9.43831,41.22164],[9.43775,41.22175],[9.43731,41.22154],[9.43763,41.22108],[9.43848,41.22077],[9.43871,41.22042],[9.43865,41.21987],[9.43817,41.21952],[9.43882,41.21877],[9.43846,41.21837],[9.43924,41.21793],[9.43943,41.21662],[9.44086,41.21634],[9.43928,41.21643],[9.43868,41.21586],[9.43758,41.21545],[9.43769,41.21484],[9.4374,41.21434],[9.43711,41.21444],[9.43701,41.21357],[9.43705,41.21446],[9.43663,41.21481],[9.43615,41.21475],[9.43654,41.2149],[9.43644,41.21533],[9.43457,41.21584],[9.43428,41.21793],[9.43286,41.21784],[9.43251,41.21711],[9.43144,41.21703],[9.43154,41.2158],[9.43274,41.21587],[9.43299,41.21362],[9.43279,41.21419],[9.43242,41.21416],[9.43234,41.21483],[9.43191,41.2148],[9.43204,41.21397],[9.43183,41.21471],[9.43139,41.21451],[9.42998,41.21461],[9.42872,41.21381],[9.42752,41.2139],[9.42823,41.21398],[9.42845,41.21575],[9.42798,41.21571],[9.42794,41.21604],[9.42758,41.21608],[9.42717,41.21598],[9.42711,41.21513],[9.42611,41.21377],[9.42673,41.21346],[9.42594,41.2138],[9.42493,41.2137],[9.42497,41.2134],[9.42477,41.21339],[9.42473,41.21372],[9.42075,41.21345],[9.41934,41.21429],[9.41895,41.21478],[9.41897,41.21564],[9.41858,41.21558],[9.4189,41.21567],[9.41881,41.21586],[9.41825,41.21579],[9.4183,41.21555],[9.41817,41.21594],[9.41875,41.2159],[9.41848,41.21605],[9.41861,41.21621],[9.41815,41.21614],[9.4186,41.21625],[9.41855,41.21643],[9.41774,41.21678],[9.41681,41.21684],[9.41535,41.21634],[9.41424,41.21515],[9.41458,41.21481],[9.41416,41.2151],[9.41384,41.21488],[9.41426,41.2146],[9.41408,41.21446],[9.41375,41.21482],[9.41302,41.21463],[9.41338,41.21389],[9.41198,41.21316],[9.41198,41.21259],[9.41143,41.21355],[9.41128,41.21452],[9.4108,41.21475],[9.41069,41.21472],[9.41053,41.21464],[9.41036,41.2146],[9.41022,41.21451],[9.41,41.21448],[9.41012,41.21374],[9.40983,41.21443],[9.40947,41.21431]]],[[[9.47452,41.23923],[9.47529,41.23984],[9.47688,41.23998],[9.47691,41.23971],[9.47713,41.23974],[9.47696,41.23923],[9.47679,41.2394],[9.47685,41.2389],[9.47643,41.23851],[9.47727,41.23905],[9.47785,41.23911],[9.47711,41.23837],[9.47717,41.23799],[9.47724,41.23828],[9.4779,41.2385],[9.47793,41.23821],[9.47815,41.23837],[9.47844,41.23796],[9.47836,41.23876],[9.47875,41.23907],[9.47964,41.23915],[9.47993,41.23893],[9.47998,41.23912],[9.48086,41.23869],[9.48081,41.23894],[9.48126,41.23902],[9.4815,41.23847],[9.48117,41.23833],[9.48194,41.2377],[9.48218,41.23663],[9.48169,41.2363],[9.48173,41.2356],[9.48147,41.2354],[9.48196,41.23537],[9.48189,41.2349],[9.48125,41.23511],[9.4816,41.23425],[9.48184,41.23221],[9.48114,41.23197],[9.48088,41.23212],[9.48084,41.23172],[9.48142,41.23139],[9.48118,41.2308],[9.48155,41.23072],[9.48147,41.23052],[9.48194,41.23005],[9.48212,41.23034],[9.48255,41.23016],[9.48222,41.22961],[9.48167,41.22974],[9.48113,41.22881],[9.48132,41.22853],[9.48198,41.22904],[9.48207,41.22878],[9.48155,41.22847],[9.48155,41.22786],[9.48132,41.22832],[9.48128,41.22797],[9.48094,41.22788],[9.48128,41.22767],[9.48098,41.22719],[9.4812,41.2269],[9.48071,41.22673],[9.48116,41.2265],[9.48158,41.22663],[9.4814,41.22644],[9.48176,41.2262],[9.48153,41.22594],[9.48168,41.22556],[9.48092,41.22537],[9.48146,41.22503],[9.48123,41.22478],[9.48164,41.22402],[9.48245,41.22441],[9.48399,41.22357],[9.48415,41.22275],[9.48436,41.2229],[9.48451,41.22236],[9.48435,41.22198],[9.48456,41.22056],[9.48492,41.22039],[9.48507,41.22094],[9.486,41.22196],[9.48676,41.22231],[9.48659,41.22204],[9.48702,41.22196],[9.48717,41.22229],[9.48737,41.2221],[9.48717,41.22132],[9.48767,41.22141],[9.48743,41.22019],[9.48792,41.22036],[9.4883,41.22088],[9.4887,41.22074],[9.48873,41.22021],[9.48829,41.21945],[9.48827,41.21921],[9.48849,41.21925],[9.48826,41.21896],[9.48831,41.21801],[9.48791,41.21894],[9.48784,41.21751],[9.48746,41.21747],[9.48746,41.21775],[9.48693,41.2174],[9.48735,41.21684],[9.48712,41.21588],[9.48638,41.21587],[9.48617,41.21545],[9.48573,41.21563],[9.48538,41.21619],[9.4856,41.2163],[9.48545,41.21707],[9.486,41.2172],[9.48593,41.21794],[9.48511,41.21762],[9.48479,41.21826],[9.48491,41.21849],[9.48453,41.21855],[9.4846,41.21873],[9.48437,41.21877],[9.48376,41.21757],[9.48306,41.21723],[9.48256,41.21665],[9.48217,41.21669],[9.48227,41.21703],[9.48208,41.217],[9.48184,41.21757],[9.48133,41.21765],[9.48103,41.21802],[9.48084,41.21787],[9.48072,41.21821],[9.47989,41.21778],[9.47968,41.21596],[9.48014,41.21503],[9.4799,41.21485],[9.48008,41.21483],[9.47948,41.21448],[9.47937,41.21413],[9.47853,41.21386],[9.47895,41.21369],[9.47881,41.21353],[9.47958,41.2126],[9.47951,41.21125],[9.47979,41.2115],[9.48027,41.21118],[9.48042,41.21074],[9.48004,41.21033],[9.48025,41.20976],[9.47957,41.20949],[9.48,41.20937],[9.47983,41.20922],[9.47905,41.20897],[9.47922,41.20884],[9.47902,41.20873],[9.4787,41.20893],[9.47825,41.20845],[9.47841,41.20813],[9.479,41.20798],[9.47936,41.20729],[9.47901,41.20703],[9.47865,41.20731],[9.47877,41.207],[9.47853,41.2067],[9.47779,41.20653],[9.47773,41.2063],[9.47679,41.2062],[9.47653,41.20591],[9.47664,41.20562],[9.47629,41.20537],[9.47552,41.20502],[9.47496,41.20511],[9.47534,41.20446],[9.4774,41.20516],[9.47781,41.20479],[9.47755,41.2046],[9.4778,41.20456],[9.47784,41.20426],[9.47846,41.20426],[9.47843,41.20355],[9.47805,41.20373],[9.47822,41.20326],[9.47777,41.2031],[9.47774,41.20286],[9.47746,41.20296],[9.47762,41.20286],[9.47736,41.20264],[9.47871,41.20272],[9.47885,41.2023],[9.47861,41.20212],[9.47806,41.20247],[9.47814,41.20204],[9.47895,41.20109],[9.47868,41.20069],[9.47887,41.20045],[9.47799,41.20027],[9.47869,41.19968],[9.47868,41.19933],[9.47771,41.19932],[9.47761,41.19891],[9.47734,41.19896],[9.4772,41.1982],[9.477,41.19844],[9.47697,41.19811],[9.47666,41.19843],[9.47687,41.19756],[9.47659,41.1978],[9.47629,41.19762],[9.47599,41.19794],[9.47568,41.19755],[9.47538,41.19767],[9.47565,41.19722],[9.4754,41.19698],[9.47528,41.19719],[9.47492,41.19628],[9.47396,41.19617],[9.47354,41.19654],[9.47307,41.19651],[9.47346,41.19567],[9.4726,41.19518],[9.47249,41.19487],[9.4717,41.19497],[9.47193,41.19439],[9.4712,41.1942],[9.47173,41.19403],[9.47146,41.19385],[9.46946,41.19345],[9.46931,41.19305],[9.46992,41.19301],[9.46983,41.19275],[9.46901,41.19264],[9.46868,41.19284],[9.46854,41.19248],[9.46706,41.19264],[9.46703,41.1924],[9.46743,41.1922],[9.46824,41.19206],[9.46815,41.19148],[9.46653,41.19015],[9.46509,41.18951],[9.46446,41.1889],[9.4647,41.18832],[9.46454,41.1874],[9.46509,41.18663],[9.46488,41.18594],[9.46514,41.18553],[9.46393,41.18473],[9.46381,41.18429],[9.46418,41.18365],[9.46502,41.18318],[9.46562,41.18348],[9.46619,41.18314],[9.46754,41.18312],[9.46776,41.18377],[9.46842,41.18389],[9.4689,41.1853],[9.46966,41.18543],[9.47012,41.18602],[9.47082,41.18594],[9.4713,41.18614],[9.47131,41.1864],[9.47243,41.18666],[9.47286,41.18644],[9.47328,41.1868],[9.47331,41.18657],[9.47385,41.18634],[9.47404,41.18655],[9.47498,41.1866],[9.47555,41.18627],[9.47747,41.18699],[9.4783,41.18658],[9.47945,41.18702],[9.48069,41.18637],[9.4811,41.1858],[9.48079,41.18529],[9.48174,41.18462],[9.48154,41.18451],[9.48171,41.18418],[9.48134,41.18399],[9.48176,41.18287],[9.48076,41.18158],[9.4808,41.1813],[9.47957,41.18115],[9.4787,41.18205],[9.47725,41.18159],[9.47616,41.18161],[9.4757,41.18113],[9.47569,41.18063],[9.47686,41.18003],[9.47624,41.1794],[9.47552,41.17912],[9.47523,41.17952],[9.47465,41.17968],[9.47324,41.17908],[9.47171,41.17948],[9.4708,41.17894],[9.47102,41.17818],[9.47071,41.177],[9.47132,41.17658],[9.47171,41.17679],[9.47214,41.17666],[9.4726,41.17715],[9.47292,41.17591],[9.47284,41.1756],[9.47158,41.17496],[9.47137,41.17475],[9.47153,41.17451],[9.47094,41.17391],[9.47133,41.17364],[9.4709,41.17333],[9.47079,41.17278],[9.47185,41.17211],[9.47027,41.17071],[9.47044,41.17028],[9.47124,41.1702],[9.47096,41.16983],[9.47113,41.16949],[9.47053,41.16954],[9.46957,41.16844],[9.46904,41.16873],[9.46932,41.16982],[9.46912,41.17043],[9.46974,41.17255],[9.46918,41.17297],[9.46969,41.17332],[9.46968,41.17375],[9.4687,41.17457],[9.4682,41.17465],[9.46818,41.1743],[9.46779,41.17421],[9.46803,41.17606],[9.46945,41.17651],[9.46971,41.17702],[9.46938,41.17841],[9.46962,41.17873],[9.4695,41.17931],[9.46899,41.17979],[9.46924,41.18021],[9.4675,41.18055],[9.46636,41.18159],[9.4652,41.18179],[9.4641,41.18137],[9.46371,41.18216],[9.46378,41.18285],[9.46338,41.18306],[9.46299,41.18309],[9.46259,41.18264],[9.46166,41.18246],[9.46152,41.18213],[9.46066,41.18166],[9.46018,41.18168],[9.45951,41.18215],[9.45869,41.18162],[9.45852,41.18194],[9.45711,41.18202],[9.45574,41.18248],[9.45658,41.18278],[9.45677,41.18309],[9.45612,41.18459],[9.45469,41.1848],[9.45366,41.18443],[9.45276,41.18444],[9.45261,41.18505],[9.4521,41.18542],[9.45229,41.18652],[9.45546,41.18618],[9.45603,41.18679],[9.45606,41.18754],[9.45632,41.18771],[9.45576,41.18804],[9.45563,41.18849],[9.45561,41.18923],[9.45609,41.18945],[9.45562,41.1896],[9.45552,41.19033],[9.45467,41.19033],[9.45413,41.19092],[9.45366,41.19084],[9.45378,41.19146],[9.45353,41.19224],[9.45254,41.19219],[9.45159,41.1916],[9.45125,41.19181],[9.45046,41.1917],[9.45039,41.19117],[9.45039,41.19172],[9.44924,41.19174],[9.44867,41.19134],[9.44879,41.19101],[9.44858,41.19119],[9.44757,41.19086],[9.4471,41.19015],[9.44773,41.18884],[9.44757,41.18851],[9.44572,41.18748],[9.44539,41.18683],[9.44492,41.18696],[9.44413,41.18643],[9.44373,41.18659],[9.44274,41.18636],[9.44182,41.18557],[9.44188,41.18532],[9.44456,41.1851],[9.44496,41.18529],[9.4453,41.18506],[9.44469,41.18475],[9.44482,41.18412],[9.44441,41.18395],[9.44436,41.18359],[9.44398,41.18377],[9.44368,41.18362],[9.44208,41.1816],[9.44115,41.18165],[9.44002,41.18092],[9.43948,41.18125],[9.43861,41.18126],[9.43805,41.18109],[9.4379,41.18071],[9.43674,41.18086],[9.43697,41.18161],[9.43645,41.18167],[9.4366,41.18224],[9.43592,41.18252],[9.43603,41.18319],[9.43674,41.18367],[9.43722,41.18332],[9.43864,41.1843],[9.43855,41.18446],[9.44006,41.18503],[9.43903,41.18559],[9.43786,41.18574],[9.43829,41.18631],[9.43704,41.1865],[9.43646,41.18718],[9.43583,41.18709],[9.43571,41.18751],[9.43411,41.18815],[9.43377,41.18847],[9.43381,41.18917],[9.43361,41.18923],[9.43385,41.18975],[9.43361,41.18971],[9.43416,41.18999],[9.43465,41.19058],[9.43459,41.19083],[9.43511,41.19112],[9.43535,41.19093],[9.43572,41.19111],[9.43628,41.19052],[9.43656,41.19061],[9.43778,41.18969],[9.43833,41.18984],[9.43904,41.18948],[9.43945,41.18983],[9.44008,41.18971],[9.44099,41.19017],[9.44124,41.19035],[9.44122,41.1908],[9.44364,41.19048],[9.44365,41.1908],[9.44211,41.19161],[9.44199,41.19193],[9.44237,41.19219],[9.44118,41.19338],[9.44165,41.19387],[9.44288,41.19443],[9.44134,41.19465],[9.44089,41.19545],[9.44165,41.19616],[9.44137,41.1964],[9.4413,41.19705],[9.44184,41.19736],[9.4422,41.19726],[9.44232,41.19823],[9.4428,41.19857],[9.44256,41.19942],[9.44285,41.19995],[9.4426,41.20002],[9.44256,41.20085],[9.44384,41.20131],[9.44345,41.20179],[9.44358,41.20288],[9.44461,41.20267],[9.4448,41.20312],[9.44626,41.2012],[9.44708,41.20108],[9.44861,41.20009],[9.45008,41.19998],[9.45181,41.19927],[9.4526,41.19963],[9.45412,41.1991],[9.45459,41.19939],[9.45523,41.19933],[9.45589,41.19998],[9.45609,41.19943],[9.45714,41.20032],[9.45655,41.20049],[9.45599,41.20161],[9.45555,41.20182],[9.45616,41.20184],[9.45618,41.20236],[9.45581,41.20233],[9.45536,41.203],[9.4545,41.20276],[9.45445,41.20363],[9.45484,41.2038],[9.45503,41.20431],[9.45478,41.20483],[9.45561,41.20498],[9.45559,41.20539],[9.45489,41.206],[9.45422,41.20603],[9.45262,41.20529],[9.45144,41.20606],[9.45115,41.20597],[9.45096,41.20553],[9.45272,41.20419],[9.45294,41.20343],[9.45259,41.20301],[9.45183,41.203],[9.45069,41.20377],[9.44801,41.20338],[9.44806,41.20375],[9.44738,41.20428],[9.4473,41.20466],[9.44783,41.20478],[9.44786,41.2052],[9.44877,41.20515],[9.44985,41.20471],[9.45007,41.20486],[9.44997,41.20546],[9.44876,41.20597],[9.44787,41.20562],[9.44777,41.20595],[9.44724,41.20601],[9.44704,41.20686],[9.44748,41.2067],[9.44783,41.20694],[9.44826,41.2063],[9.44864,41.20617],[9.4492,41.20654],[9.4497,41.20634],[9.44966,41.20699],[9.45034,41.20665],[9.45055,41.20699],[9.45098,41.2067],[9.4512,41.20691],[9.451,41.20774],[9.45118,41.20816],[9.45066,41.20869],[9.45059,41.20915],[9.44959,41.20926],[9.44882,41.20989],[9.44878,41.21122],[9.4496,41.21182],[9.44828,41.21258],[9.44831,41.21299],[9.44882,41.21297],[9.44878,41.21352],[9.44699,41.21368],[9.44726,41.21395],[9.44631,41.21446],[9.44619,41.21476],[9.44657,41.21496],[9.44621,41.21503],[9.44602,41.21547],[9.44141,41.21619],[9.44603,41.21553],[9.44634,41.21583],[9.44774,41.21534],[9.44875,41.21626],[9.44905,41.21559],[9.44948,41.21591],[9.4503,41.21584],[9.45074,41.21638],[9.45147,41.21633],[9.45111,41.21661],[9.45231,41.21655],[9.45245,41.21691],[9.45366,41.21664],[9.45302,41.21684],[9.4526,41.21749],[9.45177,41.2178],[9.45172,41.21824],[9.45141,41.21828],[9.45183,41.21877],[9.45144,41.21941],[9.45147,41.22056],[9.45193,41.22042],[9.45227,41.2207],[9.4515,41.2209],[9.45106,41.22137],[9.45173,41.22181],[9.45054,41.22234],[9.45061,41.22262],[9.45113,41.22261],[9.45056,41.22277],[9.44956,41.22251],[9.44942,41.22274],[9.4487,41.22281],[9.44859,41.22341],[9.44904,41.2232],[9.44899,41.22364],[9.44925,41.2237],[9.4487,41.22382],[9.44862,41.2242],[9.44947,41.22429],[9.44945,41.22463],[9.44981,41.2246],[9.44972,41.22507],[9.45049,41.22502],[9.45054,41.22533],[9.45071,41.225],[9.45124,41.22498],[9.45126,41.22535],[9.45161,41.22522],[9.45162,41.22549],[9.45225,41.22465],[9.45298,41.22463],[9.45333,41.22429],[9.45427,41.22433],[9.45529,41.22387],[9.45575,41.22293],[9.45639,41.22247],[9.45645,41.22278],[9.45651,41.22278],[9.45643,41.22243],[9.45743,41.22231],[9.45913,41.22305],[9.46017,41.22303],[9.46025,41.22345],[9.45906,41.22396],[9.45962,41.22437],[9.45946,41.22474],[9.45874,41.22484],[9.45912,41.22509],[9.45888,41.22528],[9.45942,41.22544],[9.45928,41.22568],[9.46011,41.22586],[9.45926,41.22615],[9.45913,41.22653],[9.46025,41.22686],[9.46029,41.2271],[9.46001,41.22734],[9.45911,41.22714],[9.45869,41.22766],[9.45904,41.22779],[9.45863,41.22819],[9.4579,41.22827],[9.45848,41.22868],[9.45791,41.22896],[9.45827,41.22928],[9.45838,41.22913],[9.45865,41.23005],[9.45837,41.23001],[9.45824,41.23039],[9.45918,41.23076],[9.45878,41.23142],[9.45941,41.23204],[9.46091,41.23267],[9.45982,41.23277],[9.46063,41.23323],[9.45988,41.2334],[9.45978,41.23382],[9.46019,41.2341],[9.46031,41.23473],[9.46058,41.23491],[9.46019,41.23519],[9.46052,41.23535],[9.46116,41.23505],[9.46147,41.23519],[9.46117,41.23524],[9.46093,41.2359],[9.46056,41.23577],[9.46054,41.2361],[9.45975,41.23609],[9.45974,41.23626],[9.46071,41.23679],[9.46041,41.23712],[9.46116,41.23748],[9.46205,41.2373],[9.46316,41.23762],[9.46136,41.23805],[9.46063,41.23776],[9.45977,41.23868],[9.45938,41.23867],[9.45996,41.23914],[9.45944,41.23948],[9.46057,41.24008],[9.46091,41.23993],[9.46079,41.24043],[9.46138,41.24106],[9.46239,41.24183],[9.4632,41.24185],[9.46334,41.24209],[9.4628,41.24214],[9.46243,41.24277],[9.46168,41.24291],[9.45996,41.24243],[9.45904,41.2429],[9.45888,41.24348],[9.46079,41.24383],[9.46027,41.24445],[9.46023,41.245],[9.46089,41.24437],[9.46064,41.24519],[9.4609,41.24531],[9.46096,41.24504],[9.46172,41.2449],[9.46217,41.24542],[9.46221,41.24387],[9.46244,41.24379],[9.46303,41.2443],[9.46302,41.24376],[9.46358,41.24402],[9.46384,41.24332],[9.46407,41.24327],[9.4643,41.24378],[9.46526,41.24351],[9.46553,41.24299],[9.46587,41.24332],[9.46618,41.2429],[9.46613,41.24239],[9.46648,41.24228],[9.46654,41.24184],[9.46688,41.24183],[9.46759,41.24254],[9.46892,41.24255],[9.46873,41.24293],[9.46922,41.24309],[9.4692,41.2441],[9.46948,41.2438],[9.46959,41.24411],[9.46911,41.24476],[9.46959,41.24477],[9.46953,41.24498],[9.4699,41.24506],[9.4697,41.24527],[9.46984,41.24576],[9.47031,41.24556],[9.47059,41.24509],[9.47066,41.24563],[9.47098,41.2458],[9.47119,41.24543],[9.47131,41.2459],[9.47135,41.24538],[9.47086,41.24487],[9.47142,41.24516],[9.4715,41.24496],[9.47104,41.24459],[9.47102,41.24418],[9.47076,41.24452],[9.47097,41.24298],[9.47046,41.24298],[9.47001,41.24333],[9.4697,41.24317],[9.4696,41.24268],[9.47108,41.24258],[9.47132,41.24224],[9.4715,41.24259],[9.47193,41.24208],[9.47206,41.24244],[9.47207,41.24202],[9.47225,41.24211],[9.47236,41.2418],[9.47207,41.24156],[9.47207,41.24118],[9.47235,41.24145],[9.47233,41.24113],[9.47319,41.24167],[9.47341,41.24157],[9.47323,41.24111],[9.47345,41.24105],[9.47328,41.24075],[9.47354,41.24008],[9.47294,41.23947],[9.47388,41.2397],[9.47397,41.23935],[9.47452,41.23923]]],[[[9.70697,40.90869],[9.71033,40.91019],[9.7135,40.9123],[9.71646,40.91346],[9.71733,40.91407],[9.71718,40.91441],[9.7175,40.91468],[9.72009,40.91483],[9.72138,40.91528],[9.72287,40.91622],[9.72298,40.91657],[9.72366,40.91708],[9.72443,40.91707],[9.72551,40.91786],[9.72569,40.91838],[9.72686,40.91906],[9.72722,40.91962],[9.72742,40.91919],[9.72904,40.91894],[9.72978,40.91989],[9.72951,40.92058],[9.72882,40.9207],[9.7287,40.92029],[9.72793,40.9208],[9.72736,40.92024],[9.72721,40.92039],[9.72884,40.92183],[9.72951,40.92301],[9.73332,40.92567],[9.7344,40.9261],[9.736,40.92723],[9.73725,40.92768],[9.7362,40.92601],[9.73583,40.92445],[9.73536,40.9241],[9.73532,40.92375],[9.73052,40.91946],[9.7317,40.91838],[9.73291,40.91821],[9.73406,40.9186],[9.73554,40.91993],[9.73694,40.92067],[9.73808,40.92089],[9.73818,40.92055],[9.73913,40.9204],[9.73976,40.91986],[9.73937,40.91913],[9.74041,40.9177],[9.74019,40.91735],[9.74126,40.91636],[9.74117,40.91508],[9.74072,40.91439],[9.74093,40.91385],[9.74185,40.91274],[9.74277,40.9126],[9.74199,40.91216],[9.74219,40.91199],[9.74189,40.91159],[9.74076,40.91089],[9.7406,40.91103],[9.74037,40.91081],[9.7399,40.91109],[9.73957,40.91055],[9.73788,40.91001],[9.73735,40.91044],[9.73686,40.91042],[9.73387,40.90917],[9.73164,40.90924],[9.72718,40.90737],[9.72681,40.90747],[9.72351,40.90652],[9.72162,40.90526],[9.7185,40.90446],[9.71726,40.90348],[9.71524,40.90259],[9.71503,40.9021],[9.71351,40.90095],[9.71218,40.90068],[9.71014,40.89905],[9.70936,40.89883],[9.70857,40.89823],[9.70809,40.89746],[9.70556,40.89579],[9.7026,40.89308],[9.70049,40.89224],[9.6969,40.88952],[9.69368,40.88807],[9.69282,40.88786],[9.69168,40.88837],[9.68613,40.89171],[9.6856,40.89265],[9.68516,40.89288],[9.68545,40.89302],[9.68504,40.89349],[9.68299,40.89408],[9.68038,40.89349],[9.67706,40.89181],[9.67684,40.89143],[9.67601,40.89127],[9.67594,40.89094],[9.67432,40.89072],[9.67391,40.89031],[9.67409,40.8896],[9.67375,40.88938],[9.67372,40.88903],[9.6731,40.88875],[9.67296,40.88893],[9.67412,40.89107],[9.67362,40.89169],[9.67287,40.89172],[9.67256,40.89199],[9.67273,40.89212],[9.67362,40.89197],[9.67523,40.89243],[9.67573,40.89303],[9.67683,40.89327],[9.6772,40.89398],[9.67762,40.89418],[9.67867,40.89386],[9.68007,40.89423],[9.68046,40.89487],[9.68066,40.89437],[9.68112,40.89444],[9.68107,40.8948],[9.68222,40.89543],[9.68187,40.89569],[9.68212,40.89601],[9.68339,40.89605],[9.68339,40.89569],[9.68316,40.89565],[9.68401,40.89506],[9.68528,40.89514],[9.68662,40.89563],[9.68718,40.89598],[9.68832,40.89784],[9.6922,40.90079],[9.69507,40.90228],[9.69718,40.90301],[9.69965,40.90452],[9.70065,40.90459],[9.70215,40.90534],[9.70541,40.9077],[9.70638,40.90797],[9.70689,40.90833],[9.70697,40.90869]]],[[[9.3393,41.22818],[9.33932,41.22855],[9.33881,41.22862],[9.33862,41.229],[9.33917,41.23028],[9.33877,41.23054],[9.33918,41.23114],[9.33943,41.23107],[9.33901,41.23173],[9.33931,41.23294],[9.33877,41.23325],[9.33721,41.23276],[9.33622,41.23276],[9.33613,41.23238],[9.33588,41.23238],[9.33515,41.23331],[9.33588,41.23331],[9.33507,41.23394],[9.33576,41.23429],[9.33515,41.23451],[9.33539,41.23466],[9.33517,41.23507],[9.33537,41.23543],[9.33471,41.23533],[9.33392,41.23549],[9.33385,41.23572],[9.33287,41.23558],[9.33274,41.23575],[9.33294,41.23631],[9.3327,41.23637],[9.33268,41.23701],[9.33378,41.23713],[9.33446,41.23915],[9.3343,41.23957],[9.33454,41.23999],[9.33424,41.24021],[9.33444,41.24076],[9.33388,41.24141],[9.33418,41.2415],[9.3336,41.24208],[9.3346,41.24246],[9.33479,41.24286],[9.33437,41.2435],[9.33367,41.2436],[9.33352,41.24402],[9.33401,41.24532],[9.3338,41.24551],[9.33379,41.24631],[9.33326,41.24702],[9.33338,41.24782],[9.33376,41.24821],[9.33533,41.2488],[9.33535,41.24915],[9.33581,41.24945],[9.33564,41.25],[9.33582,41.2501],[9.33581,41.25099],[9.33638,41.25102],[9.33618,41.2514],[9.33703,41.25203],[9.33734,41.25262],[9.33812,41.2527],[9.33832,41.25247],[9.33945,41.25352],[9.34056,41.25315],[9.34102,41.25118],[9.34208,41.25145],[9.34254,41.25103],[9.34338,41.25187],[9.34375,41.25093],[9.34407,41.25119],[9.34546,41.25102],[9.3459,41.25201],[9.34621,41.25186],[9.34664,41.25067],[9.34709,41.25078],[9.34726,41.25049],[9.34763,41.25107],[9.34805,41.25117],[9.34815,41.25077],[9.34873,41.25116],[9.34893,41.25105],[9.34889,41.25054],[9.34926,41.25036],[9.34935,41.25108],[9.35039,41.25145],[9.35012,41.25188],[9.35036,41.25209],[9.35181,41.2521],[9.35187,41.25177],[9.35228,41.25183],[9.35279,41.25099],[9.35352,41.25107],[9.35407,41.25062],[9.35421,41.24952],[9.35387,41.24847],[9.35441,41.24883],[9.35438,41.24835],[9.35414,41.24841],[9.35349,41.24771],[9.35351,41.24717],[9.35382,41.24712],[9.35434,41.24767],[9.35515,41.24774],[9.35532,41.24731],[9.35555,41.24749],[9.35565,41.24598],[9.35644,41.24656],[9.35643,41.24534],[9.35611,41.24478],[9.35634,41.24427],[9.35704,41.24387],[9.35827,41.24446],[9.35899,41.24414],[9.35924,41.24371],[9.35948,41.24407],[9.36015,41.24384],[9.36,41.24353],[9.36026,41.24327],[9.3596,41.2426],[9.36049,41.24256],[9.36051,41.24226],[9.3602,41.24208],[9.36037,41.24172],[9.35945,41.24154],[9.35898,41.24022],[9.35866,41.24028],[9.35824,41.23973],[9.35864,41.23949],[9.35866,41.23912],[9.35816,41.23902],[9.35811,41.23868],[9.35867,41.23839],[9.3582,41.23775],[9.35847,41.2374],[9.35826,41.23654],[9.35729,41.23646],[9.35707,41.23623],[9.35714,41.23587],[9.35591,41.23477],[9.35539,41.23462],[9.35459,41.23484],[9.35396,41.23451],[9.3541,41.23356],[9.35356,41.23384],[9.35331,41.23379],[9.3533,41.23335],[9.35293,41.23347],[9.35277,41.23211],[9.35224,41.23179],[9.35186,41.23189],[9.35114,41.23112],[9.35046,41.23114],[9.35038,41.23075],[9.34777,41.22965],[9.34766,41.22898],[9.34745,41.22933],[9.3471,41.22923],[9.34649,41.22956],[9.34625,41.22943],[9.34637,41.22898],[9.34599,41.22913],[9.34567,41.22873],[9.34552,41.22912],[9.34467,41.22934],[9.34482,41.22993],[9.34526,41.23002],[9.34514,41.23039],[9.34307,41.23103],[9.34233,41.23075],[9.34215,41.23018],[9.34171,41.23023],[9.34083,41.22968],[9.34057,41.22885],[9.3398,41.22876],[9.3393,41.22818]]],[[[9.7279,40.86103],[9.72725,40.86176],[9.72545,40.86217],[9.72554,40.86268],[9.72499,40.86326],[9.72352,40.86347],[9.72117,40.86425],[9.71963,40.86392],[9.71911,40.86448],[9.71635,40.86554],[9.71564,40.86552],[9.71554,40.86516],[9.71496,40.86517],[9.7151,40.86561],[9.7147,40.86582],[9.713,40.86619],[9.71303,40.8667],[9.71121,40.86748],[9.71124,40.86783],[9.71072,40.86821],[9.71061,40.86874],[9.71022,40.86914],[9.71065,40.86958],[9.71044,40.86967],[9.71086,40.86985],[9.71066,40.87035],[9.71154,40.8709],[9.7112,40.87144],[9.71208,40.87175],[9.71266,40.87246],[9.71376,40.8727],[9.7137,40.8734],[9.71409,40.87484],[9.71524,40.87537],[9.71584,40.87628],[9.71747,40.87581],[9.71839,40.87578],[9.71852,40.87613],[9.71997,40.87607],[9.72037,40.87551],[9.72106,40.87535],[9.72131,40.87536],[9.72153,40.87569],[9.7213,40.8757],[9.72151,40.87594],[9.7213,40.87602],[9.72161,40.87613],[9.72219,40.87598],[9.72186,40.87569],[9.72207,40.87556],[9.72284,40.87566],[9.72279,40.87542],[9.72309,40.87537],[9.72281,40.87507],[9.72288,40.8747],[9.72406,40.87536],[9.72467,40.87508],[9.72517,40.8753],[9.72637,40.87484],[9.72659,40.87515],[9.72635,40.87546],[9.72679,40.87586],[9.72663,40.87657],[9.7275,40.87684],[9.72926,40.87661],[9.72965,40.87724],[9.72971,40.87687],[9.73008,40.87688],[9.72963,40.8766],[9.72984,40.87626],[9.72948,40.87604],[9.73149,40.87521],[9.73234,40.87542],[9.73317,40.87508],[9.73502,40.87517],[9.7357,40.87558],[9.73556,40.87586],[9.73645,40.87614],[9.73617,40.87551],[9.73729,40.87544],[9.73748,40.87499],[9.73794,40.87496],[9.73771,40.87481],[9.7384,40.87444],[9.73878,40.87456],[9.73898,40.87347],[9.73944,40.87333],[9.73975,40.87273],[9.74,40.87275],[9.73984,40.87242],[9.7403,40.872],[9.74138,40.87249],[9.74179,40.87202],[9.74141,40.8719],[9.74145,40.87152],[9.74187,40.87135],[9.74159,40.87107],[9.74207,40.87098],[9.74199,40.87081],[9.74268,40.87035],[9.74328,40.87036],[9.74277,40.87],[9.7419,40.8701],[9.74188,40.86915],[9.74173,40.86929],[9.74117,40.86875],[9.74072,40.8675],[9.74113,40.86649],[9.73997,40.86627],[9.73979,40.86594],[9.74012,40.86568],[9.73964,40.86539],[9.73976,40.86467],[9.74115,40.86451],[9.74118,40.86433],[9.74044,40.86356],[9.74061,40.86281],[9.74008,40.86273],[9.74034,40.86225],[9.73935,40.86193],[9.73933,40.86161],[9.7389,40.86134],[9.73798,40.86121],[9.73725,40.86074],[9.7374,40.86028],[9.7369,40.85946],[9.73606,40.85951],[9.73601,40.85915],[9.73488,40.85996],[9.73465,40.8599],[9.73461,40.85938],[9.73406,40.8596],[9.73393,40.85894],[9.73371,40.85887],[9.73351,40.85921],[9.73281,40.85889],[9.73126,40.85936],[9.73072,40.85962],[9.73058,40.85997],[9.72905,40.86033],[9.72825,40.86116],[9.7279,40.86103]]],[[[9.42159,41.19686],[9.42102,41.19632],[9.42173,41.19613],[9.42289,41.19344],[9.42143,41.19331],[9.42168,41.19282],[9.42092,41.19236],[9.42054,41.19153],[9.42073,41.19065],[9.42031,41.19016],[9.41975,41.19006],[9.41916,41.18869],[9.41824,41.18833],[9.41781,41.18848],[9.41773,41.18802],[9.41677,41.18788],[9.4167,41.18832],[9.4158,41.18846],[9.41486,41.1874],[9.41338,41.18707],[9.41312,41.18767],[9.41247,41.18782],[9.41175,41.1872],[9.41124,41.1874],[9.41073,41.18703],[9.4102,41.18734],[9.40999,41.18713],[9.4105,41.18662],[9.41024,41.18638],[9.41022,41.18677],[9.40971,41.18648],[9.40902,41.18735],[9.40921,41.18797],[9.40877,41.18776],[9.40828,41.1879],[9.40832,41.18826],[9.4097,41.18849],[9.40898,41.18877],[9.40853,41.18929],[9.40896,41.18986],[9.40842,41.19242],[9.40769,41.19279],[9.40799,41.19379],[9.4078,41.19399],[9.40613,41.19287],[9.40628,41.19151],[9.40548,41.19039],[9.40489,41.19056],[9.40428,41.19031],[9.40363,41.19063],[9.40219,41.19006],[9.40133,41.19001],[9.40105,41.19017],[9.40107,41.19081],[9.40089,41.19082],[9.40079,41.19056],[9.39942,41.19002],[9.39908,41.1901],[9.39954,41.19077],[9.39821,41.19027],[9.39737,41.19063],[9.39692,41.19049],[9.39711,41.19148],[9.39671,41.19215],[9.3971,41.19296],[9.39746,41.19293],[9.39754,41.19475],[9.39916,41.19566],[9.39963,41.19633],[9.39934,41.19743],[9.39852,41.19734],[9.39884,41.19758],[9.39865,41.19797],[9.4011,41.19898],[9.40285,41.19874],[9.40308,41.19994],[9.40383,41.2],[9.40469,41.20056],[9.40552,41.20056],[9.40599,41.20099],[9.40563,41.2012],[9.40568,41.20147],[9.40604,41.20141],[9.40614,41.20095],[9.40671,41.20085],[9.40813,41.20176],[9.4083,41.20151],[9.40881,41.20166],[9.40921,41.20294],[9.41038,41.20327],[9.41007,41.20349],[9.41003,41.20388],[9.41057,41.20401],[9.41056,41.20421],[9.40975,41.20441],[9.40954,41.20569],[9.41001,41.2062],[9.41051,41.20611],[9.41072,41.20654],[9.41124,41.20654],[9.4109,41.20696],[9.41021,41.20719],[9.41092,41.20775],[9.41354,41.20722],[9.41716,41.20804],[9.41958,41.20748],[9.42034,41.20681],[9.4204,41.2052],[9.42102,41.20455],[9.42013,41.2033],[9.42086,41.20293],[9.41979,41.20218],[9.41994,41.20171],[9.42117,41.20118],[9.42117,41.20084],[9.42167,41.20043],[9.4216,41.19869],[9.42104,41.19893],[9.42075,41.19871],[9.42077,41.19807],[9.42133,41.19773],[9.42156,41.19726],[9.42159,41.19686]]],[[[9.36629,41.29882],[9.36682,41.29914],[9.36683,41.29957],[9.36758,41.29975],[9.36762,41.29997],[9.36701,41.30037],[9.36756,41.30067],[9.36699,41.30071],[9.36737,41.30125],[9.36661,41.30135],[9.36699,41.30149],[9.36684,41.30181],[9.36736,41.30178],[9.36764,41.3021],[9.3685,41.30205],[9.36962,41.30124],[9.37028,41.30133],[9.37075,41.30093],[9.37188,41.30064],[9.37322,41.30075],[9.37305,41.30161],[9.3739,41.30174],[9.37366,41.30245],[9.37424,41.30267],[9.37398,41.30328],[9.37369,41.30333],[9.3741,41.30343],[9.37409,41.30376],[9.37531,41.30332],[9.37561,41.30434],[9.37642,41.30441],[9.37624,41.30476],[9.37683,41.30517],[9.37835,41.30519],[9.37845,41.30564],[9.3789,41.30576],[9.37904,41.30609],[9.37856,41.30642],[9.37842,41.30693],[9.37777,41.30709],[9.37828,41.30725],[9.37894,41.30795],[9.37925,41.30794],[9.37921,41.30813],[9.38006,41.30801],[9.37993,41.30779],[9.38081,41.30745],[9.38053,41.30734],[9.3808,41.3072],[9.3804,41.30714],[9.3807,41.30691],[9.38059,41.30667],[9.38107,41.30642],[9.38061,41.30605],[9.38104,41.30598],[9.38098,41.30562],[9.38133,41.30577],[9.38121,41.30531],[9.3816,41.30532],[9.381,41.30508],[9.38105,41.30468],[9.38158,41.30452],[9.3812,41.30444],[9.38177,41.30412],[9.38158,41.30389],[9.38175,41.30365],[9.3822,41.30385],[9.38231,41.30288],[9.38245,41.30272],[9.38261,41.30293],[9.38252,41.3025],[9.383,41.30254],[9.38207,41.30183],[9.38253,41.30165],[9.38233,41.30118],[9.38339,41.30075],[9.38383,41.29983],[9.38403,41.2997],[9.38426,41.2999],[9.38466,41.29913],[9.3844,41.29896],[9.38423,41.29806],[9.38352,41.29754],[9.38266,41.29736],[9.38255,41.29698],[9.38147,41.29671],[9.38112,41.29636],[9.38133,41.2959],[9.37917,41.29446],[9.37944,41.2942],[9.37919,41.29422],[9.3792,41.29365],[9.37881,41.29348],[9.37856,41.29377],[9.37801,41.29364],[9.37738,41.29261],[9.37642,41.29271],[9.37641,41.29297],[9.37592,41.29318],[9.37542,41.29307],[9.37553,41.29344],[9.37512,41.29393],[9.37396,41.29413],[9.37369,41.29386],[9.37354,41.29445],[9.37211,41.29441],[9.37104,41.29393],[9.37009,41.29297],[9.37064,41.29198],[9.37123,41.29177],[9.37078,41.29095],[9.36888,41.29023],[9.36883,41.28988],[9.3693,41.28937],[9.36884,41.2893],[9.36852,41.28964],[9.3681,41.28961],[9.36695,41.28867],[9.36727,41.28828],[9.36598,41.28753],[9.36516,41.28748],[9.36494,41.28787],[9.36542,41.28783],[9.36536,41.28809],[9.36478,41.28857],[9.36531,41.28867],[9.36501,41.28988],[9.36633,41.28994],[9.36738,41.29022],[9.36744,41.2905],[9.36703,41.29069],[9.36668,41.29131],[9.36617,41.29149],[9.36601,41.29188],[9.36522,41.29108],[9.36529,41.2908],[9.36446,41.29069],[9.36422,41.29108],[9.36375,41.29113],[9.36384,41.29139],[9.36429,41.29141],[9.36431,41.29167],[9.36373,41.29217],[9.3632,41.29194],[9.36322,41.29221],[9.36274,41.29232],[9.36256,41.29201],[9.3623,41.29227],[9.36241,41.2926],[9.36159,41.29264],[9.36101,41.29319],[9.36161,41.29348],[9.36166,41.29373],[9.36107,41.29374],[9.36045,41.29414],[9.3607,41.29506],[9.36062,41.29598],[9.36076,41.29638],[9.36091,41.29598],[9.36102,41.29642],[9.36111,41.29623],[9.36142,41.29632],[9.36133,41.29655],[9.36164,41.29654],[9.36122,41.29695],[9.36129,41.29725],[9.36185,41.29682],[9.36218,41.29729],[9.36293,41.29742],[9.363,41.29712],[9.36327,41.29709],[9.36297,41.29669],[9.36356,41.29673],[9.36374,41.29642],[9.36412,41.29651],[9.36444,41.29615],[9.36528,41.29593],[9.36554,41.2965],[9.366,41.29637],[9.3665,41.29678],[9.36658,41.2972],[9.36615,41.29737],[9.366,41.29813],[9.36693,41.29828],[9.36729,41.29798],[9.36817,41.2985],[9.36791,41.29914],[9.3669,41.29875],[9.36629,41.29882]]],[[[9.34178,41.27997],[9.34193,41.28044],[9.3411,41.28114],[9.339,41.28085],[9.33878,41.28121],[9.33792,41.28092],[9.33786,41.28136],[9.33718,41.28137],[9.337,41.28107],[9.33671,41.2813],[9.33668,41.281],[9.33639,41.28095],[9.33604,41.28122],[9.3362,41.2814],[9.33599,41.28165],[9.33559,41.28168],[9.33605,41.28212],[9.33549,41.28227],[9.33584,41.28285],[9.33513,41.28292],[9.33504,41.28332],[9.33589,41.28354],[9.33612,41.28389],[9.33645,41.28367],[9.33634,41.28353],[9.33677,41.28354],[9.33768,41.28422],[9.3395,41.28443],[9.33964,41.28453],[9.33935,41.28473],[9.33978,41.28487],[9.34044,41.28501],[9.34141,41.28472],[9.34275,41.28578],[9.3427,41.28619],[9.34292,41.28627],[9.34354,41.28594],[9.34344,41.28524],[9.34368,41.28505],[9.34504,41.28487],[9.34555,41.28505],[9.34571,41.28551],[9.34503,41.28557],[9.34519,41.28637],[9.34501,41.28658],[9.34556,41.28633],[9.34557,41.28794],[9.34627,41.28857],[9.34637,41.28838],[9.34659,41.28885],[9.34721,41.28885],[9.34726,41.28927],[9.34747,41.28914],[9.34768,41.28948],[9.34803,41.28948],[9.34824,41.28909],[9.34871,41.28922],[9.34942,41.28864],[9.35035,41.28922],[9.35155,41.28904],[9.35225,41.28861],[9.35374,41.28915],[9.35553,41.28846],[9.35601,41.28905],[9.35765,41.28695],[9.35969,41.28602],[9.35954,41.28551],[9.35859,41.28548],[9.35772,41.2849],[9.35791,41.28419],[9.35754,41.28365],[9.35786,41.28217],[9.35643,41.28076],[9.35774,41.28037],[9.35771,41.27991],[9.35856,41.2797],[9.35798,41.27954],[9.35766,41.27905],[9.3574,41.27946],[9.35686,41.2796],[9.35616,41.27927],[9.35604,41.27887],[9.35645,41.27859],[9.35642,41.27823],[9.35693,41.27821],[9.35665,41.27698],[9.35643,41.27684],[9.35522,41.27688],[9.35491,41.27661],[9.35465,41.27678],[9.35463,41.27723],[9.35351,41.27819],[9.35311,41.27748],[9.35335,41.27733],[9.35327,41.27672],[9.35311,41.27696],[9.35231,41.27648],[9.35143,41.27666],[9.3497,41.276],[9.34962,41.27617],[9.34919,41.27583],[9.34906,41.27615],[9.34888,41.27596],[9.34885,41.27622],[9.34855,41.27619],[9.34862,41.27672],[9.34779,41.27675],[9.34792,41.27731],[9.34857,41.27754],[9.34797,41.27756],[9.34777,41.27786],[9.34719,41.27768],[9.34714,41.27811],[9.34679,41.27803],[9.34655,41.27836],[9.34582,41.27831],[9.3457,41.27892],[9.34624,41.27915],[9.34591,41.2795],[9.34538,41.2793],[9.3455,41.27987],[9.34511,41.27981],[9.34531,41.28017],[9.34454,41.28007],[9.34416,41.2797],[9.34408,41.27997],[9.34331,41.27971],[9.34309,41.27942],[9.34314,41.27873],[9.3428,41.27879],[9.34252,41.27827],[9.34239,41.27872],[9.34168,41.27809],[9.34186,41.27843],[9.34161,41.27854],[9.34158,41.28014],[9.34178,41.27997]]],[[[9.3561,41.29331],[9.35434,41.29306],[9.3541,41.29337],[9.35445,41.2941],[9.35428,41.29458],[9.35245,41.29476],[9.35252,41.29511],[9.35224,41.29512],[9.35222,41.29544],[9.35152,41.29555],[9.35118,41.2953],[9.35004,41.29554],[9.34998,41.29605],[9.35064,41.29615],[9.35057,41.29647],[9.34984,41.29663],[9.34916,41.29612],[9.34928,41.29661],[9.34861,41.29689],[9.34747,41.29638],[9.34691,41.29647],[9.34668,41.29614],[9.34614,41.29659],[9.34583,41.29646],[9.34569,41.296],[9.3453,41.29642],[9.34477,41.29632],[9.34467,41.29656],[9.34462,41.29631],[9.34429,41.29695],[9.34369,41.29691],[9.34294,41.29638],[9.34291,41.29664],[9.34248,41.29667],[9.34223,41.2965],[9.34215,41.29595],[9.34208,41.29632],[9.34184,41.29638],[9.33952,41.29521],[9.33952,41.29549],[9.3389,41.2953],[9.33858,41.2955],[9.33821,41.29517],[9.33824,41.29466],[9.338,41.29481],[9.33784,41.29457],[9.33752,41.29511],[9.33807,41.29517],[9.33806,41.29571],[9.33729,41.29574],[9.33766,41.29677],[9.33806,41.2968],[9.33848,41.29637],[9.33864,41.2967],[9.33869,41.29645],[9.33966,41.29702],[9.3403,41.29692],[9.34045,41.29729],[9.34144,41.29712],[9.34192,41.29732],[9.34208,41.29714],[9.34257,41.29741],[9.34284,41.29739],[9.34282,41.29707],[9.34319,41.29708],[9.34357,41.2975],[9.34281,41.29771],[9.34292,41.298],[9.34552,41.29808],[9.34615,41.29862],[9.34795,41.29852],[9.34833,41.29894],[9.34794,41.29941],[9.34675,41.29951],[9.34519,41.29899],[9.34464,41.2993],[9.34442,41.29899],[9.34424,41.29911],[9.34517,41.29992],[9.34498,41.30024],[9.3423,41.29917],[9.34211,41.29941],[9.34172,41.29937],[9.34145,41.29878],[9.34066,41.29851],[9.34054,41.29892],[9.34078,41.29926],[9.34129,41.29923],[9.34146,41.29993],[9.34185,41.29971],[9.34208,41.29996],[9.34059,41.30024],[9.34069,41.30099],[9.34123,41.30122],[9.34108,41.30155],[9.33937,41.30116],[9.33932,41.30145],[9.3375,41.30132],[9.33647,41.30112],[9.33577,41.30066],[9.33535,41.30108],[9.33521,41.30085],[9.33482,41.30117],[9.33448,41.30103],[9.33446,41.30125],[9.33379,41.30106],[9.33404,41.30146],[9.33484,41.30184],[9.33476,41.30229],[9.33428,41.30262],[9.33444,41.303],[9.33413,41.30309],[9.3348,41.30371],[9.33529,41.30352],[9.33588,41.30382],[9.33545,41.30381],[9.33547,41.30421],[9.33506,41.3042],[9.33475,41.30466],[9.33458,41.30441],[9.33412,41.30468],[9.33417,41.30566],[9.33454,41.30536],[9.33505,41.30591],[9.33483,41.30597],[9.335,41.30634],[9.33524,41.30591],[9.33563,41.30636],[9.33658,41.30628],[9.33644,41.30678],[9.33675,41.30767],[9.33753,41.30773],[9.33818,41.30861],[9.33903,41.30816],[9.3393,41.30861],[9.33959,41.30863],[9.34022,41.30808],[9.34045,41.30813],[9.34018,41.30868],[9.34036,41.30909],[9.34081,41.3085],[9.34085,41.30894],[9.34147,41.30909],[9.34165,41.30835],[9.34187,41.30857],[9.34205,41.30808],[9.34305,41.30764],[9.34343,41.30693],[9.34392,41.30667],[9.34487,41.30705],[9.34544,41.30599],[9.34582,41.30588],[9.34574,41.30563],[9.34645,41.30567],[9.34635,41.30508],[9.34721,41.30492],[9.34691,41.30467],[9.34741,41.30452],[9.34774,41.30335],[9.34817,41.30339],[9.34884,41.30465],[9.34983,41.30475],[9.35008,41.30416],[9.34968,41.30349],[9.34984,41.30308],[9.34945,41.30224],[9.34978,41.30179],[9.35027,41.30184],[9.35103,41.30236],[9.35097,41.30256],[9.35175,41.30253],[9.35187,41.3029],[9.35232,41.30298],[9.35247,41.30273],[9.35256,41.30306],[9.35351,41.30301],[9.35358,41.30283],[9.35318,41.30255],[9.35362,41.30247],[9.35335,41.30193],[9.3535,41.3016],[9.35379,41.30171],[9.35365,41.30128],[9.35387,41.30095],[9.35491,41.30097],[9.35485,41.30069],[9.35549,41.30034],[9.35643,41.30024],[9.35509,41.29937],[9.35508,41.29905],[9.35677,41.29885],[9.35718,41.29836],[9.35717,41.29799],[9.35745,41.29803],[9.35727,41.29776],[9.35751,41.29772],[9.35742,41.2975],[9.35763,41.2976],[9.35771,41.29729],[9.35825,41.29715],[9.35868,41.29723],[9.3589,41.29667],[9.35853,41.29643],[9.35904,41.29616],[9.35913,41.29555],[9.35952,41.29525],[9.35952,41.29453],[9.35905,41.29403],[9.35779,41.29348],[9.35718,41.29369],[9.357,41.29353],[9.35698,41.29378],[9.35664,41.2935],[9.35624,41.29361],[9.3561,41.29331]]],[[[9.60183,41.07415],[9.59997,41.0742],[9.59938,41.0745],[9.59926,41.07483],[9.59899,41.07462],[9.5984,41.07485],[9.59764,41.0746],[9.59687,41.07588],[9.59714,41.0769],[9.59804,41.07711],[9.59767,41.07773],[9.59874,41.07698],[9.59987,41.0771],[9.59992,41.07654],[9.6007,41.07598],[9.60089,41.07639],[9.60158,41.07648],[9.60238,41.07701],[9.60234,41.07761],[9.60198,41.07768],[9.6021,41.07805],[9.60277,41.07837],[9.60291,41.07933],[9.60368,41.07912],[9.60399,41.07926],[9.60389,41.08006],[9.60423,41.07997],[9.60439,41.07926],[9.60512,41.07994],[9.60548,41.07998],[9.606,41.08091],[9.6067,41.08133],[9.60672,41.08175],[9.60704,41.08187],[9.60737,41.08154],[9.60921,41.08251],[9.60969,41.08236],[9.61007,41.0815],[9.61001,41.08096],[9.60943,41.08047],[9.60924,41.07993],[9.6096,41.08019],[9.61007,41.07967],[9.60949,41.07834],[9.60857,41.07802],[9.60857,41.07759],[9.6076,41.0771],[9.6071,41.07727],[9.60663,41.07664],[9.60594,41.07673],[9.60577,41.07641],[9.60534,41.07662],[9.60532,41.07628],[9.60566,41.07599],[9.6051,41.07563],[9.60519,41.07527],[9.60416,41.07527],[9.60415,41.07495],[9.60371,41.07476],[9.60503,41.07429],[9.60549,41.07469],[9.60637,41.07424],[9.60617,41.07307],[9.60712,41.07395],[9.60901,41.07438],[9.60864,41.07385],[9.60911,41.07359],[9.6092,41.07324],[9.6088,41.07329],[9.60834,41.07263],[9.60761,41.07279],[9.60756,41.07252],[9.60672,41.07249],[9.6076,41.0721],[9.60723,41.07176],[9.60723,41.07132],[9.60677,41.0717],[9.60673,41.07123],[9.60634,41.07099],[9.60605,41.07107],[9.60628,41.07176],[9.60574,41.07163],[9.60548,41.07187],[9.60518,41.07162],[9.60539,41.07217],[9.6048,41.07215],[9.60454,41.07274],[9.60274,41.07117],[9.60206,41.07157],[9.60222,41.07181],[9.60128,41.07154],[9.60114,41.07192],[9.60228,41.07372],[9.60183,41.07415]]],[[[9.44339,41.22899],[9.44269,41.22816],[9.44214,41.2285],[9.44033,41.22839],[9.44048,41.2287],[9.44146,41.22879],[9.44161,41.22936],[9.44092,41.22931],[9.44088,41.22964],[9.4406,41.22963],[9.44073,41.22995],[9.44016,41.22968],[9.44005,41.22919],[9.43914,41.22891],[9.43961,41.22942],[9.43898,41.22954],[9.43831,41.23002],[9.43813,41.23055],[9.43687,41.22987],[9.43719,41.22891],[9.43608,41.22899],[9.43591,41.22909],[9.43613,41.22981],[9.43561,41.23076],[9.43591,41.23133],[9.43675,41.23106],[9.43738,41.2312],[9.43711,41.23165],[9.43739,41.23241],[9.43693,41.23281],[9.43748,41.23316],[9.43717,41.23363],[9.43755,41.23421],[9.43791,41.23421],[9.43789,41.2348],[9.43858,41.23525],[9.43994,41.23492],[9.44112,41.2351],[9.441,41.23551],[9.44162,41.23605],[9.44235,41.23625],[9.44274,41.23687],[9.44295,41.23668],[9.44276,41.23619],[9.44329,41.23644],[9.44378,41.23606],[9.44376,41.23454],[9.44397,41.23431],[9.44511,41.2342],[9.44555,41.23457],[9.44559,41.23327],[9.44627,41.23341],[9.44609,41.2338],[9.44639,41.23409],[9.44684,41.23392],[9.44704,41.23333],[9.44715,41.23355],[9.44737,41.23331],[9.4477,41.23375],[9.44758,41.23342],[9.44779,41.23303],[9.44824,41.23281],[9.44806,41.23205],[9.44766,41.23226],[9.44776,41.2326],[9.44692,41.23223],[9.44724,41.23211],[9.44689,41.2315],[9.44691,41.23208],[9.4458,41.23192],[9.44535,41.23262],[9.44452,41.23222],[9.44438,41.23162],[9.44403,41.23131],[9.44309,41.23148],[9.44282,41.23088],[9.44338,41.23075],[9.44387,41.23],[9.44425,41.22996],[9.44474,41.22943],[9.44411,41.22897],[9.44339,41.22899]]],[[[9.57706,41.06859],[9.57803,41.06835],[9.5791,41.06763],[9.57925,41.06681],[9.57869,41.06517],[9.57812,41.06441],[9.57876,41.06359],[9.57983,41.06314],[9.57941,41.06231],[9.57844,41.06226],[9.57486,41.06104],[9.57338,41.061],[9.57264,41.06151],[9.57049,41.06172],[9.56994,41.06339],[9.56928,41.06415],[9.57013,41.06465],[9.57133,41.06452],[9.57385,41.065],[9.57388,41.06587],[9.5747,41.06624],[9.57466,41.06703],[9.57374,41.06783],[9.57496,41.06973],[9.5756,41.06887],[9.57636,41.06834],[9.57719,41.06872],[9.57706,41.06859]]],[[[9.37614,41.30779],[9.37232,41.30838],[9.37211,41.30865],[9.37193,41.30846],[9.37083,41.30854],[9.3709,41.3088],[9.37046,41.30887],[9.37021,41.30934],[9.37067,41.3097],[9.37082,41.30954],[9.37154,41.30973],[9.37165,41.31013],[9.37047,41.31045],[9.37037,41.31076],[9.3707,41.31101],[9.37119,41.31092],[9.37135,41.31123],[9.37167,41.3109],[9.37263,41.31133],[9.37251,41.31168],[9.37279,41.31187],[9.3737,41.3117],[9.3737,41.31198],[9.37435,41.31234],[9.3749,41.31206],[9.37525,41.31227],[9.37592,41.31203],[9.37589,41.3125],[9.37628,41.31262],[9.37734,41.3121],[9.37804,41.31209],[9.37835,41.31131],[9.37884,41.31141],[9.37973,41.31088],[9.37963,41.31061],[9.3801,41.31022],[9.37927,41.30991],[9.37984,41.30956],[9.37941,41.30969],[9.37938,41.30932],[9.37887,41.30907],[9.37926,41.30863],[9.38016,41.30867],[9.37988,41.30814],[9.37921,41.30819],[9.37791,41.30796],[9.37736,41.30802],[9.37614,41.30779]]],[[[9.5227,41.1616],[9.52223,41.16193],[9.52293,41.16221],[9.52245,41.16282],[9.52146,41.16302],[9.52103,41.16251],[9.52018,41.16274],[9.52018,41.16298],[9.5209,41.16297],[9.52101,41.16325],[9.51687,41.16597],[9.51673,41.1666],[9.51789,41.16683],[9.51777,41.16706],[9.51851,41.16703],[9.52057,41.16617],[9.52141,41.16607],[9.52155,41.16632],[9.52203,41.16598],[9.52394,41.16564],[9.52411,41.16596],[9.52382,41.16608],[9.52359,41.1669],[9.52421,41.1664],[9.52449,41.16653],[9.52577,41.16617],[9.52547,41.16589],[9.52589,41.1652],[9.52763,41.16419],[9.52732,41.16406],[9.52772,41.16385],[9.52747,41.16349],[9.52814,41.16352],[9.52769,41.16326],[9.5269,41.16325],[9.52758,41.16245],[9.52707,41.16228],[9.52647,41.16245],[9.52627,41.16178],[9.52507,41.16214],[9.52475,41.16203],[9.52496,41.16182],[9.5248,41.16169],[9.5237,41.16189],[9.5227,41.1616]]],[[[9.643,40.9776],[9.64271,40.97767],[9.64276,40.97808],[9.64232,40.97856],[9.64115,40.9793],[9.64042,40.98019],[9.64031,40.98212],[9.63995,40.98256],[9.64068,40.98297],[9.64395,40.98271],[9.64515,40.98161],[9.64601,40.98129],[9.64588,40.981],[9.64647,40.97992],[9.6463,40.97903],[9.64504,40.97821],[9.64348,40.97797],[9.643,40.9776]]],[[[9.64961,40.88639],[9.64895,40.88679],[9.64811,40.88676],[9.64716,40.88778],[9.64693,40.88868],[9.6478,40.88818],[9.64867,40.8883],[9.64879,40.88907],[9.64962,40.88897],[9.65005,40.88923],[9.65023,40.88979],[9.64988,40.88994],[9.64988,40.89015],[9.65149,40.88989],[9.65277,40.88877],[9.65398,40.88898],[9.65386,40.88872],[9.65416,40.88847],[9.65517,40.88862],[9.65541,40.88837],[9.6547,40.88757],[9.65369,40.88729],[9.65109,40.88704],[9.65024,40.88725],[9.64961,40.88639]]],[[[9.40073,41.29264],[9.39945,41.29346],[9.39803,41.29315],[9.39741,41.2942],[9.39707,41.29391],[9.39689,41.29432],[9.39641,41.29451],[9.39681,41.29482],[9.39653,41.29483],[9.39664,41.29508],[9.39769,41.29459],[9.39891,41.29499],[9.39947,41.29553],[9.40012,41.29525],[9.40069,41.29577],[9.40059,41.29601],[9.40011,41.29596],[9.39939,41.29663],[9.39929,41.29691],[9.39959,41.29714],[9.39918,41.29715],[9.39936,41.29738],[9.399,41.29774],[9.39958,41.29809],[9.3994,41.29854],[9.40034,41.29818],[9.40041,41.29778],[9.40089,41.29734],[9.40113,41.29561],[9.40185,41.29508],[9.40215,41.29386],[9.40161,41.29384],[9.40179,41.29368],[9.40156,41.29366],[9.40167,41.29316],[9.4013,41.29306],[9.4016,41.29275],[9.40073,41.29264]]],[[[9.40079,41.28027],[9.4009,41.2804],[9.4006,41.28058],[9.40098,41.28072],[9.3997,41.28194],[9.40025,41.28254],[9.40073,41.28248],[9.40082,41.28326],[9.40133,41.28363],[9.39991,41.28363],[9.40034,41.28425],[9.4,41.28426],[9.40041,41.28455],[9.39991,41.28465],[9.4001,41.28513],[9.40093,41.2852],[9.40089,41.2855],[9.40045,41.28569],[9.40085,41.28576],[9.40084,41.28613],[9.40143,41.28644],[9.40216,41.28628],[9.40219,41.28581],[9.40292,41.28493],[9.4029,41.28384],[9.40185,41.28361],[9.4028,41.28205],[9.40247,41.28214],[9.40261,41.28161],[9.40235,41.28121],[9.40187,41.28137],[9.40133,41.28111],[9.40182,41.28097],[9.40079,41.28027]]],[[[9.48663,41.1805],[9.48431,41.18189],[9.48411,41.18225],[9.48378,41.18325],[9.48418,41.18329],[9.48412,41.18402],[9.48485,41.18424],[9.48473,41.18459],[9.48563,41.18361],[9.48631,41.18337],[9.48686,41.18362],[9.48663,41.18328],[9.48668,41.18246],[9.48745,41.18181],[9.48713,41.18175],[9.48663,41.1805]]],[[[9.41571,41.21233],[9.41587,41.21283],[9.41529,41.2132],[9.41531,41.2136],[9.41728,41.21463],[9.41741,41.21492],[9.41818,41.21502],[9.41843,41.21481],[9.41844,41.21436],[9.41909,41.2136],[9.41883,41.21116],[9.41729,41.21004],[9.4187,41.21135],[9.41871,41.21229],[9.4178,41.21292],[9.41698,41.21293],[9.41679,41.21261],[9.41571,41.21233]]],[[[9.58824,41.0685],[9.58674,41.06925],[9.58601,41.06894],[9.5858,41.06916],[9.58532,41.06884],[9.58513,41.06948],[9.58489,41.06931],[9.58433,41.06964],[9.58428,41.07029],[9.58526,41.07046],[9.58512,41.07118],[9.58594,41.07103],[9.58642,41.07066],[9.58758,41.07083],[9.58737,41.07024],[9.58787,41.07029],[9.58757,41.06991],[9.58783,41.06965],[9.58761,41.06941],[9.58833,41.06954],[9.58868,41.06912],[9.58824,41.0685]]],[[[9.55478,40.91355],[9.55437,40.91394],[9.55419,40.91459],[9.55344,40.91499],[9.55353,40.91545],[9.55277,40.91631],[9.55231,40.91715],[9.55232,40.91748],[9.55268,40.91742],[9.55252,40.91693],[9.55294,40.91703],[9.55325,40.91679],[9.55338,40.91635],[9.5531,40.91611],[9.5536,40.91577],[9.55431,40.91575],[9.55364,40.91605],[9.55379,40.9175],[9.55518,40.91754],[9.55548,40.91609],[9.55478,40.91355]]],[[[9.46123,41.17256],[9.46112,41.17289],[9.4607,41.17269],[9.46069,41.17318],[9.4604,41.17309],[9.46005,41.1735],[9.45982,41.17284],[9.45923,41.17268],[9.45903,41.17289],[9.45927,41.1733],[9.45997,41.17356],[9.46005,41.17421],[9.45976,41.17482],[9.46055,41.17507],[9.46002,41.17529],[9.46007,41.17547],[9.46116,41.17597],[9.46192,41.17512],[9.46166,41.17399],[9.46184,41.1736],[9.46214,41.17355],[9.46183,41.17357],[9.46208,41.17309],[9.46182,41.17267],[9.46123,41.17256]]],[[[8.86342,41.01243],[8.86234,41.01265],[8.86318,41.01294],[8.86237,41.0133],[8.86262,41.01364],[8.86238,41.01445],[8.86258,41.01455],[8.86166,41.01526],[8.86159,41.01575],[8.8628,41.01564],[8.86313,41.01494],[8.86316,41.0156],[8.86341,41.01582],[8.86426,41.01555],[8.86434,41.01504],[8.86405,41.01452],[8.8642,41.01397],[8.86385,41.01317],[8.86397,41.01272],[8.86342,41.01243]]],[[[9.40663,41.29399],[9.40528,41.29392],[9.4048,41.29414],[9.40428,41.29395],[9.40354,41.29571],[9.40412,41.2958],[9.40383,41.29611],[9.40397,41.29648],[9.40445,41.2958],[9.40526,41.29595],[9.40618,41.29548],[9.40616,41.2948],[9.40648,41.29509],[9.40642,41.29449],[9.40683,41.29426],[9.40658,41.29422],[9.40663,41.29399]]],[[[9.23843,41.25234],[9.23756,41.25282],[9.23693,41.25252],[9.23667,41.25286],[9.23721,41.25428],[9.23761,41.25437],[9.23756,41.2547],[9.23785,41.25498],[9.23806,41.25465],[9.23913,41.25456],[9.23915,41.25415],[9.23949,41.25405],[9.23892,41.2526],[9.23843,41.25234]]],[[[9.33169,41.19107],[9.33309,41.1911],[9.33358,41.19142],[9.33556,41.19049],[9.33514,41.19004],[9.33401,41.18977],[9.33279,41.18973],[9.33225,41.19009],[9.33144,41.19003],[9.33169,41.19107]]],[[[9.57302,41.00491],[9.57275,41.00513],[9.57311,41.00537],[9.57285,41.00597],[9.57196,41.00622],[9.57208,41.00694],[9.57287,41.007],[9.57317,41.00784],[9.57355,41.0081],[9.57369,41.00794],[9.57437,41.00811],[9.57446,41.00786],[9.57486,41.0079],[9.57469,41.00775],[9.57562,41.00772],[9.57494,41.00692],[9.57455,41.00705],[9.57431,41.00688],[9.57446,41.00663],[9.57349,41.00619],[9.57361,41.00578],[9.57302,41.00491]]],[[[9.50884,40.91601],[9.50808,40.91618],[9.50772,40.91654],[9.50832,40.91696],[9.5087,40.91655],[9.50927,40.91674],[9.50929,40.91732],[9.51077,40.91764],[9.51134,40.91818],[9.51202,40.91796],[9.51264,40.91868],[9.51235,40.91902],[9.51338,40.9186],[9.5129,40.91858],[9.51213,40.91751],[9.51099,40.91724],[9.51114,40.91678],[9.50884,40.91601]]],[[[9.5037,41.15276],[9.50159,41.15257],[9.50066,41.15289],[9.50027,41.15318],[9.5004,41.15361],[9.50144,41.15384],[9.50344,41.15345],[9.50366,41.15374],[9.50387,41.15361],[9.5037,41.15276]]],[[[9.63965,40.88425],[9.63912,40.88481],[9.63949,40.88586],[9.64003,40.88601],[9.64041,40.8865],[9.64085,40.88607],[9.64129,40.88624],[9.64146,40.88483],[9.6404,40.88507],[9.63974,40.88472],[9.63965,40.88425]]],[[[9.67177,40.87683],[9.67081,40.87722],[9.67015,40.87792],[9.67051,40.8779],[9.67154,40.87869],[9.67213,40.87848],[9.67198,40.87788],[9.67281,40.87764],[9.67332,40.87786],[9.67314,40.8775],[9.67216,40.87727],[9.67226,40.87714],[9.67177,40.87683]]],[[[9.23911,41.25559],[9.23876,41.25569],[9.23899,41.25668],[9.23998,41.25664],[9.24043,41.25685],[9.24,41.25701],[9.24071,41.25712],[9.24075,41.25751],[9.24112,41.25713],[9.24227,41.25715],[9.24155,41.25679],[9.24247,41.25656],[9.24232,41.25638],[9.24107,41.25619],[9.24049,41.25665],[9.24009,41.25634],[9.24022,41.2561],[9.23992,41.25602],[9.23973,41.25624],[9.23911,41.25559]]],[[[9.58238,41.06815],[9.58137,41.06745],[9.58037,41.06738],[9.58037,41.06825],[9.58107,41.06889],[9.58237,41.0692],[9.58238,41.06815]]],[[[9.58217,40.90402],[9.58167,40.90469],[9.58224,40.90529],[9.5831,40.90513],[9.58339,40.90554],[9.58444,40.90538],[9.58393,40.90479],[9.58357,40.90483],[9.58339,40.90437],[9.58276,40.90439],[9.58217,40.90402]]],[[[9.39874,41.25243],[9.3983,41.25263],[9.39809,41.25313],[9.39839,41.25328],[9.39804,41.25372],[9.39919,41.25319],[9.39975,41.25394],[9.40035,41.25386],[9.40057,41.25296],[9.40009,41.25322],[9.39986,41.25287],[9.39941,41.25287],[9.39942,41.25257],[9.39916,41.2527],[9.39874,41.25243]]],[[[9.51146,40.92032],[9.51065,40.92057],[9.5106,40.92084],[9.511,40.92097],[9.51135,40.92158],[9.51268,40.92207],[9.51307,40.92181],[9.51276,40.92115],[9.51221,40.92106],[9.51146,40.92032]]],[[[9.39598,41.19578],[9.39566,41.19642],[9.39568,41.19704],[9.39716,41.19705],[9.39751,41.19629],[9.39734,41.19592],[9.39598,41.19578]]],[[[9.58811,40.95771],[9.58786,40.959],[9.58951,40.95897],[9.58945,40.95842],[9.58811,40.95771]]],[[[9.36985,41.30842],[9.36925,41.30871],[9.36812,41.30871],[9.36786,41.309],[9.36814,41.3095],[9.3693,41.3096],[9.37029,41.30882],[9.36985,41.30842]]],[[[9.36647,41.28557],[9.36631,41.28586],[9.36535,41.28619],[9.36563,41.28647],[9.36548,41.28675],[9.36636,41.28693],[9.36573,41.28697],[9.36605,41.28717],[9.3672,41.28701],[9.36683,41.28701],[9.3668,41.28663],[9.36718,41.2866],[9.36651,41.28592],[9.36647,41.28557]]],[[[9.44908,41.22117],[9.44876,41.22177],[9.44834,41.2215],[9.44792,41.22157],[9.4476,41.22249],[9.4484,41.22234],[9.44873,41.22189],[9.44947,41.2222],[9.4503,41.22183],[9.44995,41.22128],[9.44977,41.22155],[9.44908,41.22117]]],[[[9.52657,40.93012],[9.5261,40.93022],[9.52598,40.93053],[9.52644,40.93116],[9.52603,40.93148],[9.52628,40.93184],[9.52642,40.93147],[9.52722,40.93142],[9.52752,40.93106],[9.52657,40.93012]]],[[[9.11921,41.15831],[9.12003,41.15861],[9.12035,41.15839],[9.12063,41.15781],[9.12043,41.15721],[9.11975,41.15708],[9.11945,41.15729],[9.11921,41.15831]]],[[[9.52516,40.91641],[9.52496,40.91656],[9.5252,40.91741],[9.5256,40.91723],[9.52579,40.91771],[9.5263,40.91772],[9.52672,40.91808],[9.5269,40.91759],[9.52645,40.91689],[9.52516,40.91641]]],[[[9.55389,40.91831],[9.55357,40.91855],[9.55316,40.91847],[9.55424,40.91889],[9.55658,40.91915],[9.55774,40.919],[9.55749,40.91877],[9.55599,40.91887],[9.55551,40.9186],[9.55401,40.91854],[9.55389,40.91831]]],[[[9.45565,41.22496],[9.455,41.22528],[9.45539,41.2256],[9.45514,41.2262],[9.45444,41.22645],[9.45581,41.22651],[9.45572,41.22603],[9.45604,41.22556],[9.45565,41.22496]]],[[[9.64673,40.91704],[9.64643,40.91719],[9.6464,40.918],[9.64696,40.91767],[9.64723,40.9179],[9.64718,40.9183],[9.64783,40.91823],[9.6478,40.91796],[9.64805,40.91796],[9.64776,40.91758],[9.64673,40.91704]]],[[[8.87034,41.01512],[8.87093,41.01525],[8.87162,41.01494],[8.87023,41.01424],[8.86943,41.01412],[8.87034,41.01512]]],[[[9.63335,40.92064],[9.63298,40.92146],[9.63322,40.92192],[9.63353,40.92192],[9.63409,40.92168],[9.63414,40.92137],[9.63335,40.92064]]],[[[9.52908,41.04132],[9.52839,41.04194],[9.52772,41.04199],[9.52747,41.04224],[9.52991,41.04199],[9.52908,41.04132]]],[[[9.50884,40.92314],[9.50733,40.92336],[9.50731,40.92373],[9.50804,40.92402],[9.50862,40.92367],[9.50884,40.92314]]],[[[9.44288,41.20125],[9.44259,41.20177],[9.44231,41.20166],[9.44222,41.20219],[9.44192,41.20213],[9.44206,41.20258],[9.4425,41.20245],[9.44288,41.20166],[9.44336,41.20134],[9.44288,41.20125]]],[[[9.40087,41.30098],[9.40006,41.30146],[9.40044,41.30191],[9.40111,41.30172],[9.401,41.30143],[9.40121,41.30145],[9.40124,41.30109],[9.40087,41.30098]]],[[[9.4779,41.14368],[9.47749,41.14372],[9.47737,41.14418],[9.47659,41.14454],[9.47741,41.14489],[9.4777,41.14464],[9.4779,41.14368]]],[[[8.88517,41.01937],[8.88436,41.01953],[8.88557,41.0201],[8.88583,41.02049],[8.88517,41.01937]]],[[[9.50926,40.91754],[9.50836,40.91748],[9.50799,40.91791],[9.50845,40.9181],[9.50931,40.91794],[9.50909,40.91766],[9.50926,40.91754]]],[[[9.51911,41.16336],[9.51823,41.16367],[9.51783,41.16425],[9.51897,41.16388],[9.51933,41.16352],[9.51911,41.16336]]],[[[8.87753,41.01755],[8.87804,41.01755],[8.87808,41.01731],[8.87698,41.01649],[8.87693,41.0169],[8.87735,41.01681],[8.87753,41.01755]]],[[[9.45543,41.22806],[9.45465,41.22863],[9.455,41.22924],[9.45566,41.22828],[9.45543,41.22806]]],[[[9.63245,40.91982],[9.63239,40.92013],[9.63203,40.92022],[9.63213,40.92058],[9.63317,40.92025],[9.63245,40.91982]]],[[[9.70734,40.87487],[9.7074,40.87548],[9.70808,40.87573],[9.70803,40.87539],[9.70829,40.87536],[9.70734,40.87487]]],[[[9.36613,41.28536],[9.36453,41.28532],[9.36439,41.28555],[9.3652,41.28583],[9.36613,41.28536]]],[[[9.33477,41.29436],[9.33424,41.29451],[9.33422,41.29498],[9.33533,41.29513],[9.33477,41.29436]]],[[[8.87794,41.02677],[8.87909,41.02674],[8.87961,41.02647],[8.87919,41.02624],[8.87794,41.02677]]],[[[9.47519,41.23992],[9.4749,41.2407],[9.47521,41.24096],[9.47571,41.24013],[9.47519,41.23992]]],[[[9.15323,41.2449],[9.15301,41.2454],[9.15402,41.24568],[9.1538,41.24524],[9.15323,41.2449]]],[[[9.60124,41.0788],[9.60172,41.07965],[9.60197,41.07974],[9.6021,41.07908],[9.60124,41.0788]]],[[[9.64121,40.9198],[9.6411,40.92022],[9.64132,40.92039],[9.641,40.9206],[9.64122,40.92091],[9.64152,40.92088],[9.64169,40.92035],[9.64121,40.9198]]],[[[9.33585,41.29423],[9.33512,41.29446],[9.33579,41.29515],[9.33575,41.29488],[9.33615,41.29443],[9.33585,41.29423]]],[[[9.47608,41.24011],[9.47586,41.24073],[9.47621,41.24047],[9.47606,41.24087],[9.4768,41.2408],[9.47665,41.24036],[9.47629,41.24046],[9.47608,41.24011]]],[[[9.39802,41.24938],[9.39753,41.24961],[9.39776,41.25028],[9.39832,41.24967],[9.39802,41.24938]]],[[[9.63314,40.88574],[9.63296,40.88602],[9.63328,40.88629],[9.63364,40.88639],[9.63403,40.88615],[9.63314,40.88574]]],[[[9.40304,41.2752],[9.40258,41.27567],[9.40246,41.27622],[9.4032,41.27573],[9.40304,41.2752]]],[[[9.22407,41.25833],[9.22408,41.25863],[9.22376,41.25868],[9.2242,41.25922],[9.2244,41.25927],[9.22431,41.25896],[9.22478,41.25941],[9.22407,41.25833]]],[[[9.33679,41.28581],[9.33644,41.28599],[9.33676,41.28642],[9.33691,41.28599],[9.33711,41.28678],[9.3374,41.28631],[9.33679,41.28581]]],[[[9.36226,41.28727],[9.36179,41.28751],[9.36185,41.28795],[9.36255,41.28783],[9.36226,41.28727]]],[[[9.66841,40.89348],[9.66768,40.89351],[9.66753,40.89365],[9.66861,40.89404],[9.66841,40.89348]]],[[[8.89112,41.02826],[8.89204,41.02797],[8.89229,41.02816],[8.89251,41.02778],[8.89219,41.02765],[8.89198,41.02787],[8.89122,41.0279],[8.89112,41.02826]]],[[[8.90574,41.03635],[8.90588,41.03687],[8.90642,41.0369],[8.90675,41.03666],[8.90574,41.03635]]],[[[9.44901,41.21803],[9.4489,41.21861],[9.44988,41.2194],[9.45002,41.21917],[9.44925,41.21862],[9.44901,41.21803]]],[[[8.94556,41.05729],[8.94452,41.05722],[8.945,41.05765],[8.94571,41.05752],[8.94556,41.05729]]],[[[9.34242,41.19378],[9.34249,41.19415],[9.342,41.19401],[9.34242,41.19454],[9.34299,41.19408],[9.34242,41.19378]]],[[[8.90618,41.03638],[8.90672,41.03631],[8.90669,41.03599],[8.90606,41.03589],[8.90618,41.03638]]],[[[9.45967,41.17388],[9.45913,41.17395],[9.45906,41.17458],[9.45954,41.17445],[9.45967,41.17388]]],[[[9.40086,41.26187],[9.4003,41.26189],[9.40022,41.26239],[9.40076,41.26243],[9.40086,41.26187]]],[[[8.88063,41.02562],[8.88114,41.02552],[8.88035,41.02483],[8.88037,41.02537],[8.88063,41.02562]]],[[[9.6746,40.89638],[9.67438,40.89664],[9.67457,40.8968],[9.67502,40.89704],[9.67498,40.89688],[9.67529,40.89687],[9.67513,40.89655],[9.6746,40.89638]]],[[[9.46239,41.24624],[9.46206,41.24659],[9.4622,41.24675],[9.46242,41.24651],[9.46236,41.24687],[9.46259,41.24701],[9.46278,41.24638],[9.46239,41.24624]]],[[[9.40063,41.28668],[9.4,41.28691],[9.40015,41.28722],[9.40073,41.28724],[9.40101,41.28683],[9.40063,41.28668]]],[[[9.1595,41.18691],[9.15915,41.18641],[9.1585,41.18605],[9.1592,41.18692],[9.1595,41.18691]]],[[[9.43801,41.14018],[9.43731,41.14041],[9.43723,41.14053],[9.43814,41.14062],[9.43851,41.14034],[9.43801,41.14018]]],[[[9.64228,40.92116],[9.64136,40.92109],[9.64109,40.92129],[9.64213,40.92143],[9.64228,40.92116]]],[[[9.14103,41.23183],[9.14067,41.23197],[9.14113,41.23206],[9.14143,41.23185],[9.1407,41.23139],[9.1407,41.23172],[9.14103,41.23183]]],[[[8.94647,41.05689],[8.94623,41.05701],[8.94646,41.05717],[8.94617,41.05724],[8.94679,41.05762],[8.94693,41.05723],[8.94647,41.05689]]],[[[9.50907,41.0071],[9.50886,41.00748],[9.50906,41.00793],[9.50916,41.00752],[9.51039,41.00863],[9.50907,41.0071]]],[[[9.26737,41.24124],[9.26696,41.24141],[9.2671,41.24183],[9.26761,41.24176],[9.26737,41.24124]]],[[[9.15861,41.18245],[9.159,41.18239],[9.15919,41.18197],[9.15863,41.18201],[9.15861,41.18245]]],[[[8.89351,41.02878],[8.89311,41.02905],[8.89336,41.02938],[8.89391,41.02922],[8.89351,41.02878]]],[[[8.95618,41.06743],[8.95627,41.06724],[8.95662,41.0674],[8.95552,41.06662],[8.95549,41.06685],[8.95618,41.06743]]],[[[9.27961,41.23293],[9.27881,41.23258],[9.27895,41.23295],[9.27961,41.23293]]],[[[8.98139,41.09091],[8.98144,41.0916],[8.98223,41.09149],[8.98225,41.09142],[8.98139,41.09091]]],[[[9.60024,41.07375],[9.59937,41.07336],[9.59934,41.07379],[9.60024,41.07375]]],[[[9.27078,41.19514],[9.26996,41.19499],[9.2693,41.1952],[9.27078,41.19514]]],[[[9.36338,41.28313],[9.36357,41.28362],[9.36422,41.28344],[9.36376,41.28317],[9.36338,41.28313]]],[[[9.65384,40.88021],[9.65364,40.88062],[9.6541,40.88078],[9.65428,40.88042],[9.65384,40.88021]]],[[[9.33772,41.22827],[9.33775,41.22904],[9.33801,41.22927],[9.33803,41.2285],[9.33772,41.22827]]],[[[9.45448,41.22928],[9.45431,41.22942],[9.45449,41.22965],[9.4542,41.23031],[9.4548,41.22954],[9.45448,41.22928]]],[[[9.48811,41.18366],[9.48751,41.18358],[9.48737,41.18392],[9.48789,41.18399],[9.48811,41.18366]]],[[[9.46586,41.12668],[9.46584,41.12729],[9.46643,41.12707],[9.46623,41.12672],[9.46586,41.12668]]],[[[9.41529,41.26937],[9.41596,41.2695],[9.4159,41.26901],[9.41529,41.26937]]],[[[9.44617,41.20797],[9.44596,41.20833],[9.44664,41.20823],[9.4469,41.20863],[9.44708,41.20814],[9.44617,41.20797]]],[[[9.14116,41.24473],[9.14117,41.24504],[9.14198,41.24514],[9.14156,41.24475],[9.14116,41.24473]]],[[[9.44185,41.22427],[9.44155,41.22443],[9.44166,41.225],[9.44208,41.2249],[9.44185,41.22427]]],[[[8.9794,41.09091],[8.98015,41.09101],[8.97977,41.09046],[8.9794,41.09091]]],[[[8.98045,41.08996],[8.97992,41.09006],[8.98109,41.0905],[8.98104,41.09043],[8.98045,41.08996]]],[[[9.50599,40.91553],[9.50513,40.91551],[9.50639,40.91575],[9.50599,40.91553]]],[[[9.56601,40.92002],[9.56613,40.92023],[9.56577,40.92009],[9.5666,40.92061],[9.56711,40.9205],[9.56601,40.92002]]],[[[9.43258,41.25277],[9.43279,41.25316],[9.43338,41.25345],[9.43339,41.25306],[9.43258,41.25277]]],[[[8.85918,41.01561],[8.86001,41.01584],[8.85993,41.0154],[8.85918,41.01561]]],[[[9.55246,40.91867],[9.55259,40.91908],[9.55338,40.91887],[9.55313,40.91886],[9.55246,40.91867]]],[[[9.15369,41.16124],[9.15363,41.16101],[9.15304,41.1612],[9.15339,41.16144],[9.15369,41.16124]]],[[[9.33391,41.2943],[9.33351,41.29434],[9.33356,41.29468],[9.33405,41.29483],[9.33391,41.2943]]],[[[8.94068,41.05405],[8.94134,41.0541],[8.9405,41.05376],[8.94068,41.05405]]],[[[9.34459,41.25134],[9.34481,41.25189],[9.34525,41.2517],[9.345,41.25142],[9.34459,41.25134]]],[[[9.44194,41.23645],[9.44169,41.23671],[9.44198,41.23706],[9.44215,41.23677],[9.44194,41.23645]]],[[[9.37606,41.22099],[9.37568,41.2211],[9.37596,41.2215],[9.37623,41.2214],[9.37606,41.22099]]],[[[9.50867,40.91374],[9.50853,40.914],[9.50801,40.91415],[9.5087,40.91417],[9.50867,40.91374]]],[[[9.44725,41.23363],[9.44702,41.23396],[9.4475,41.23442],[9.44737,41.23384],[9.44725,41.23363]]],[[[9.15973,41.24051],[9.16069,41.2402],[9.16012,41.24015],[9.15973,41.24051]]],[[[9.16223,41.16608],[9.16225,41.16571],[9.16187,41.16554],[9.16192,41.16598],[9.16223,41.16608]]],[[[9.43325,41.18765],[9.43315,41.18803],[9.43335,41.18839],[9.43355,41.18795],[9.43325,41.18765]]],[[[9.33581,41.30985],[9.33565,41.31024],[9.33606,41.31034],[9.33619,41.31012],[9.33581,41.30985]]],[[[8.8916,41.02737],[8.89095,41.02751],[8.89086,41.02771],[8.89156,41.02767],[8.8916,41.02737]]],[[[9.16792,41.17849],[9.16733,41.17885],[9.16803,41.17876],[9.16792,41.17849]]],[[[9.34309,41.25172],[9.34299,41.25216],[9.34333,41.25243],[9.34351,41.25214],[9.34309,41.25172]]],[[[9.55537,40.91331],[9.55564,40.91414],[9.55588,40.91435],[9.55583,40.91362],[9.55537,40.91331]]],[[[9.16434,41.21963],[9.16431,41.21998],[9.16458,41.22004],[9.16467,41.21955],[9.16434,41.21963]]],[[[9.60165,41.07814],[9.60121,41.07838],[9.60121,41.07852],[9.60184,41.07856],[9.60165,41.07814]]],[[[9.02877,41.12998],[9.02834,41.12985],[9.02806,41.12997],[9.02846,41.13028],[9.02877,41.12998]]],[[[8.97034,41.07916],[8.97023,41.07957],[8.97061,41.07963],[8.97072,41.07932],[8.97034,41.07916]]],[[[9.36995,41.3128],[9.36923,41.31284],[9.36939,41.31321],[9.36995,41.3128]]],[[[9.619,41.01032],[9.61859,41.0104],[9.61863,41.0109],[9.61902,41.01074],[9.619,41.01032]]],[[[9.33843,41.28046],[9.33803,41.28063],[9.33866,41.28109],[9.3386,41.28067],[9.33843,41.28046]]],[[[9.18299,41.25233],[9.18285,41.25164],[9.18257,41.25181],[9.18299,41.25233]]],[[[9.35587,41.30098],[9.35564,41.3014],[9.35637,41.30124],[9.35621,41.30111],[9.35587,41.30098]]],[[[9.36662,41.29038],[9.36644,41.29062],[9.36576,41.29079],[9.3665,41.29075],[9.36662,41.29038]]],[[[9.63816,40.92018],[9.6379,40.9205],[9.6382,40.9207],[9.63841,40.9203],[9.63816,40.92018]]],[[[9.02026,41.12769],[9.02052,41.12768],[9.02045,41.12736],[9.01989,41.12721],[9.02026,41.12769]]],[[[9.1373,41.23752],[9.13759,41.23796],[9.13781,41.23776],[9.13762,41.23746],[9.1373,41.23752]]],[[[9.01364,41.12591],[9.01309,41.12592],[9.01323,41.12612],[9.0137,41.12616],[9.01364,41.12591]]],[[[9.33971,41.28552],[9.3392,41.28586],[9.33961,41.28609],[9.33971,41.28552]]],[[[9.35758,41.24493],[9.35717,41.24508],[9.35769,41.2454],[9.35758,41.24493]]],[[[9.26839,41.23999],[9.26823,41.24023],[9.2688,41.24041],[9.26872,41.24016],[9.26839,41.23999]]],[[[9.44436,41.12556],[9.44368,41.12585],[9.44372,41.12611],[9.44437,41.12584],[9.44436,41.12556]]],[[[9.01101,41.12447],[9.01093,41.12474],[9.01149,41.12479],[9.01123,41.12452],[9.01101,41.12447]]],[[[9.67719,40.89437],[9.67661,40.89437],[9.67731,40.89476],[9.67719,40.89437]]],[[[9.63378,40.92291],[9.63331,40.92315],[9.63326,40.92343],[9.63363,40.92337],[9.63378,40.92291]]],[[[9.04834,41.13716],[9.04841,41.1376],[9.04886,41.13772],[9.04834,41.13716]]],[[[9.24221,41.25832],[9.24185,41.25867],[9.24213,41.2589],[9.24234,41.25874],[9.24221,41.25832]]],[[[9.31781,41.2023],[9.31753,41.2026],[9.31762,41.2029],[9.31789,41.20276],[9.31781,41.2023]]],[[[8.90866,41.0366],[8.9091,41.03638],[8.90868,41.03615],[8.90866,41.0366]]],[[[9.52668,40.92913],[9.526,40.9289],[9.52686,40.92935],[9.52668,40.92913]]],[[[9.36483,41.28455],[9.3647,41.28487],[9.36533,41.28491],[9.36525,41.28464],[9.36483,41.28455]]],[[[9.03902,41.13563],[9.03899,41.13601],[9.03942,41.13607],[9.03943,41.13592],[9.03902,41.13563]]],[[[9.36475,41.28321],[9.36474,41.28355],[9.36511,41.28366],[9.36515,41.28347],[9.36475,41.28321]]],[[[9.41498,41.26457],[9.41518,41.26518],[9.41542,41.26509],[9.41542,41.26492],[9.41498,41.26457]]],[[[9.63523,40.92316],[9.63497,40.92343],[9.63525,40.92372],[9.63535,40.9235],[9.63523,40.92316]]],[[[9.57471,41.00455],[9.57444,41.00479],[9.5751,41.00489],[9.57506,41.00471],[9.57471,41.00455]]],[[[9.3584,41.20584],[9.35772,41.20616],[9.35776,41.20642],[9.35798,41.20637],[9.3584,41.20584]]],[[[8.90788,41.03681],[8.90728,41.0368],[8.90724,41.03698],[8.90768,41.037],[8.90788,41.03681]]],[[[8.91199,41.03602],[8.91184,41.03612],[8.91193,41.03653],[8.91221,41.03644],[8.91199,41.03602]]],[[[9.71102,40.87197],[9.71032,40.87168],[9.71038,40.87193],[9.71102,40.87197]]],[[[9.02012,41.12691],[9.01936,41.12683],[9.01925,41.12703],[9.02012,41.12691]]],[[[9.34495,41.25212],[9.34468,41.25217],[9.34463,41.25253],[9.34504,41.25243],[9.34495,41.25212]]],[[[9.74246,40.86903],[9.7423,40.86937],[9.7426,40.86945],[9.74275,40.86917],[9.74246,40.86903]]],[[[8.96131,41.07107],[8.96105,41.07119],[8.96122,41.07161],[8.96144,41.0713],[8.96131,41.07107]]],[[[9.4123,41.2673],[9.41198,41.26749],[9.41214,41.26779],[9.41242,41.26756],[9.4123,41.2673]]],[[[9.15844,41.18703],[9.15877,41.18712],[9.15894,41.1869],[9.15862,41.18674],[9.15844,41.18703]]],[[[9.40326,41.28481],[9.40303,41.28516],[9.40328,41.28537],[9.40341,41.28498],[9.40326,41.28481]]],[[[9.35572,41.27527],[9.3555,41.27566],[9.3559,41.27559],[9.35572,41.27527]]],[[[9.16334,41.18123],[9.16297,41.1815],[9.16346,41.18148],[9.16334,41.18123]]],[[[9.28646,41.19172],[9.28613,41.19197],[9.28665,41.19205],[9.28646,41.19172]]],[[[9.41371,41.25397],[9.41341,41.25417],[9.41347,41.25446],[9.41388,41.25418],[9.41371,41.25397]]],[[[9.45448,41.19979],[9.45433,41.20004],[9.45462,41.20001],[9.4545,41.20026],[9.45472,41.20041],[9.45481,41.2001],[9.45448,41.19979]]],[[[9.71212,40.87254],[9.71223,40.87287],[9.71268,40.87267],[9.71255,40.87254],[9.71212,40.87254]]],[[[9.14033,41.23602],[9.14066,41.23627],[9.14079,41.2362],[9.14046,41.23573],[9.14033,41.23602]]],[[[9.15952,41.19028],[9.15935,41.18993],[9.15918,41.19032],[9.15952,41.19028]]],[[[9.44589,41.13505],[9.44548,41.13528],[9.44566,41.13552],[9.44592,41.13538],[9.44589,41.13505]]],[[[8.98035,41.09115],[8.98064,41.09098],[8.98012,41.09065],[8.98011,41.09078],[8.98035,41.09115]]],[[[8.95314,41.06418],[8.95318,41.06448],[8.9536,41.06477],[8.95331,41.06421],[8.95314,41.06418]]],[[[8.86064,41.01445],[8.86088,41.01416],[8.86044,41.01405],[8.86064,41.01445]]],[[[9.61205,40.91963],[9.61149,40.91951],[9.61144,40.91956],[9.61188,40.91976],[9.61205,40.91963]]],[[[9.50785,41.00976],[9.50743,41.0095],[9.50765,41.00996],[9.50785,41.00976]]],[[[9.16577,41.22445],[9.16551,41.22393],[9.16557,41.2246],[9.16577,41.22445]]],[[[9.52595,41.17104],[9.52548,41.17091],[9.52535,41.17107],[9.52555,41.17122],[9.52595,41.17104]]],[[[9.53164,40.91622],[9.53113,40.91622],[9.53163,40.91648],[9.53164,40.91622]]],[[[8.9502,41.05918],[8.95044,41.05967],[8.95077,41.0597],[8.95038,41.05927],[8.9502,41.05918]]],[[[9.3353,41.28243],[9.33496,41.28265],[9.33569,41.28272],[9.3353,41.28243]]],[[[8.92623,41.04347],[8.92567,41.04332],[8.9256,41.04356],[8.92623,41.04347]]],[[[9.16229,41.16815],[9.16256,41.16828],[9.16279,41.16811],[9.16246,41.16794],[9.16229,41.16815]]],[[[9.33358,41.30124],[9.33352,41.30153],[9.33399,41.30166],[9.33387,41.30145],[9.33358,41.30124]]],[[[9.1489,41.23071],[9.14867,41.23044],[9.14833,41.23055],[9.14843,41.23073],[9.1489,41.23071]]],[[[9.16104,41.19081],[9.16101,41.19107],[9.1614,41.19107],[9.16135,41.19081],[9.16104,41.19081]]],[[[8.97908,41.08448],[8.97869,41.08453],[8.9793,41.08478],[8.97908,41.08448]]],[[[9.59992,41.02096],[9.5996,41.02138],[9.59981,41.02155],[9.6,41.02144],[9.59992,41.02096]]],[[[9.63928,40.91071],[9.63904,40.91087],[9.63974,40.91113],[9.63954,40.91097],[9.63928,40.91071]]],[[[9.41572,41.2683],[9.41561,41.26866],[9.41539,41.26886],[9.41589,41.2687],[9.41572,41.2683]]],[[[9.11917,41.15441],[9.11945,41.15431],[9.11947,41.15414],[9.11907,41.1541],[9.11917,41.15441]]],[[[9.36222,41.28395],[9.3622,41.28417],[9.36283,41.28409],[9.36283,41.28401],[9.36222,41.28395]]],[[[8.97958,41.08423],[8.97911,41.08426],[8.97942,41.08469],[8.97958,41.08423]]],[[[9.65814,40.88093],[9.65821,40.88118],[9.65871,40.88126],[9.65877,40.88113],[9.65814,40.88093]]],[[[9.4702,41.1424],[9.47025,41.14273],[9.47076,41.1428],[9.4707,41.1427],[9.4702,41.1424]]],[[[8.98253,41.09255],[8.98224,41.09284],[8.98225,41.09296],[8.98275,41.09282],[8.98253,41.09255]]],[[[8.96656,41.07573],[8.96652,41.07592],[8.96698,41.07628],[8.96685,41.07587],[8.96656,41.07573]]],[[[9.14109,41.23697],[9.14092,41.23679],[9.14059,41.23677],[9.14072,41.23701],[9.14109,41.23697]]],[[[9.43424,41.25315],[9.43392,41.25319],[9.43383,41.25337],[9.43423,41.25348],[9.43424,41.25315]]],[[[9.65411,40.88189],[9.65406,40.88222],[9.65431,40.88234],[9.65437,40.88209],[9.65411,40.88189]]],[[[9.34011,41.28534],[9.33992,41.2854],[9.33998,41.28593],[9.34016,41.28552],[9.34033,41.28564],[9.34011,41.28534]]],[[[9.15297,41.16061],[9.15273,41.16071],[9.15258,41.16104],[9.15284,41.161],[9.15297,41.16061]]],[[[9.33248,41.29483],[9.33238,41.29517],[9.33268,41.29528],[9.33278,41.29506],[9.33248,41.29483]]],[[[8.91378,41.03658],[8.91371,41.03679],[8.91407,41.03697],[8.91404,41.03668],[8.91378,41.03658]]],[[[9.47121,41.24299],[9.47111,41.24353],[9.47131,41.24355],[9.47142,41.24323],[9.47121,41.24299]]],[[[9.35683,41.24574],[9.35676,41.24647],[9.3569,41.24654],[9.35699,41.24616],[9.35683,41.24574]]],[[[9.74317,40.87086],[9.74264,40.87058],[9.74287,40.87095],[9.74317,40.87086]]],[[[9.47591,41.14404],[9.47542,41.14409],[9.47595,41.14425],[9.47591,41.14404]]],[[[8.89372,41.02982],[8.89354,41.02999],[8.89384,41.03027],[8.894,41.03012],[8.89372,41.02982]]],[[[8.89134,41.02844],[8.89199,41.02837],[8.89207,41.02825],[8.89157,41.02821],[8.89134,41.02844]]],[[[8.87182,41.01572],[8.872,41.01538],[8.87146,41.01552],[8.87172,41.0156],[8.87182,41.01572]]],[[[9.41055,41.21462],[9.41087,41.21442],[9.41082,41.21397],[9.41066,41.21398],[9.41055,41.21462]]],[[[9.33469,41.25066],[9.3344,41.25079],[9.33484,41.25115],[9.33485,41.25089],[9.33469,41.25066]]],[[[8.97987,41.08933],[8.97962,41.08944],[8.98039,41.08979],[8.98042,41.08974],[8.97987,41.08933]]],[[[9.27394,41.23341],[9.27388,41.23356],[9.27425,41.23407],[9.27431,41.23387],[9.27394,41.23341]]],[[[9.33542,41.29375],[9.33538,41.29412],[9.33577,41.29407],[9.33573,41.29386],[9.33542,41.29375]]],[[[8.97915,41.08543],[8.97938,41.08524],[8.97883,41.08517],[8.97884,41.08525],[8.97915,41.08543]]],[[[9.44627,41.23437],[9.44611,41.23454],[9.44637,41.23481],[9.44653,41.23462],[9.44627,41.23437]]],[[[9.65993,40.87752],[9.65956,40.87731],[9.65982,40.87785],[9.65993,40.87752]]],[[[9.39689,41.24967],[9.39648,41.24961],[9.39636,41.24984],[9.39689,41.24967]]],[[[9.58884,40.9852],[9.58857,40.98537],[9.5885,40.9856],[9.58881,40.98552],[9.58884,40.9852]]],[[[8.92667,41.04431],[8.92668,41.04471],[8.92709,41.0444],[8.9268,41.04444],[8.92667,41.04431]]],[[[9.44837,41.23204],[9.44826,41.23229],[9.44848,41.2326],[9.44858,41.23235],[9.44837,41.23204]]],[[[8.93314,41.04809],[8.93313,41.04776],[8.93277,41.04767],[8.93285,41.04793],[8.93314,41.04809]]],[[[9.16242,41.18103],[9.16206,41.18082],[9.16194,41.18085],[9.16214,41.18116],[9.16242,41.18103]]],[[[8.88347,41.02269],[8.884,41.02286],[8.88396,41.02263],[8.88347,41.02269]]],[[[8.98923,41.10293],[8.98902,41.10308],[8.98938,41.10332],[8.98948,41.10312],[8.98923,41.10293]]],[[[9.34503,41.29581],[9.34516,41.29617],[9.34473,41.29615],[9.34524,41.29634],[9.34503,41.29581]]],[[[9.55543,40.9175],[9.55537,40.91793],[9.55574,40.9179],[9.55563,40.91762],[9.55543,40.9175]]],[[[9.5528,40.91421],[9.55273,40.91446],[9.55293,40.91467],[9.55303,40.91431],[9.5528,40.91421]]],[[[9.34117,41.30947],[9.3411,41.30977],[9.34139,41.30984],[9.34149,41.30962],[9.34117,41.30947]]],[[[9.4062,41.25708],[9.40578,41.25708],[9.40588,41.25737],[9.4062,41.25708]]],[[[8.95673,41.06751],[8.95673,41.06784],[8.95728,41.06784],[8.95722,41.06774],[8.95673,41.06751]]],[[[9.36521,41.30121],[9.36502,41.30132],[9.36526,41.30162],[9.36556,41.30151],[9.36521,41.30121]]],[[[9.38402,41.2334],[9.38364,41.23355],[9.38363,41.23376],[9.38404,41.23359],[9.38402,41.2334]]],[[[9.33684,41.29453],[9.33655,41.29465],[9.33669,41.29491],[9.33689,41.29493],[9.33684,41.29453]]],[[[9.60281,41.07974],[9.60255,41.07989],[9.60262,41.08019],[9.60291,41.08004],[9.60281,41.07974]]],[[[9.35006,41.29486],[9.34995,41.2951],[9.35063,41.2952],[9.35052,41.29494],[9.35006,41.29486]]],[[[9.52767,40.93372],[9.52732,40.93373],[9.52741,40.93412],[9.52767,40.93372]]],[[[9.45503,41.18255],[9.45503,41.18273],[9.45462,41.18273],[9.45519,41.18286],[9.45503,41.18255]]],[[[9.3993,41.28705],[9.39933,41.28728],[9.39964,41.28734],[9.39965,41.28715],[9.3993,41.28705]]],[[[8.92719,41.04419],[8.92643,41.04407],[8.92694,41.0443],[8.92719,41.04419]]],[[[9.31848,41.20237],[9.31829,41.20203],[9.31825,41.20246],[9.31848,41.20237]]],[[[9.39931,41.24904],[9.39944,41.24963],[9.39956,41.2496],[9.39963,41.24925],[9.39931,41.24904]]],[[[8.90342,41.03535],[8.90393,41.03538],[8.90389,41.03521],[8.90342,41.03535]]],[[[9.01577,41.12681],[9.01535,41.12676],[9.01574,41.12697],[9.01577,41.12681]]],[[[9.16082,41.18939],[9.16071,41.18918],[9.16043,41.18932],[9.16047,41.18949],[9.16082,41.18939]]],[[[8.94695,41.05776],[8.94722,41.05787],[8.94735,41.05785],[8.94711,41.05748],[8.94695,41.05776]]],[[[9.64227,40.88616],[9.64194,40.88622],[9.64197,40.88647],[9.64227,40.88616]]],[[[9.40107,41.2097],[9.40084,41.20997],[9.40111,41.2101],[9.40121,41.20987],[9.40107,41.2097]]],[[[8.98954,41.10391],[8.98914,41.10371],[8.98936,41.10407],[8.98954,41.10391]]],[[[9.52472,41.17201],[9.52478,41.17233],[9.52509,41.17222],[9.52508,41.17213],[9.52472,41.17201]]],[[[8.91578,41.03551],[8.91546,41.03535],[8.91537,41.03573],[8.91578,41.03551]]],[[[9.50942,40.91426],[9.5092,40.91429],[9.50906,40.91438],[9.50944,40.91455],[9.50942,40.91426]]],[[[8.9668,41.07433],[8.96633,41.07429],[8.96671,41.07454],[8.9668,41.07433]]],[[[9.20266,41.24719],[9.20256,41.24742],[9.20297,41.24738],[9.20291,41.24726],[9.20266,41.24719]]],[[[8.93719,41.0528],[8.93658,41.0526],[8.93686,41.05288],[8.93719,41.0528]]],[[[9.39742,41.18061],[9.39687,41.18058],[9.39691,41.18067],[9.39742,41.18061]]],[[[9.15322,41.19777],[9.15277,41.19768],[9.15269,41.19779],[9.15309,41.19799],[9.15322,41.19777]]],[[[8.98982,41.10037],[8.98967,41.1005],[8.98976,41.10073],[8.99004,41.10059],[8.98982,41.10037]]],[[[9.52022,40.91673],[9.51991,40.9167],[9.51993,40.91705],[9.52022,40.91673]]],[[[9.60131,40.9106],[9.60112,40.91077],[9.6011,40.9111],[9.60147,40.91077],[9.60131,40.9106]]],[[[9.44797,41.23047],[9.44791,41.23084],[9.44809,41.23093],[9.44813,41.23058],[9.44797,41.23047]]],[[[9.03845,41.13531],[9.03856,41.13557],[9.03891,41.13554],[9.03883,41.13544],[9.03845,41.13531]]],[[[9.4031,41.2818],[9.40287,41.28213],[9.40278,41.28242],[9.40308,41.2821],[9.4031,41.2818]]],[[[9.01587,41.12601],[9.01529,41.12613],[9.01593,41.12615],[9.01587,41.12601]]],[[[9.35748,41.28806],[9.35731,41.2881],[9.357,41.28834],[9.35748,41.28836],[9.35748,41.28806]]],[[[9.33361,41.30277],[9.33368,41.30306],[9.33399,41.30315],[9.33391,41.30296],[9.33361,41.30277]]],[[[9.24207,41.25773],[9.24184,41.25787],[9.24221,41.25813],[9.24207,41.25773]]],[[[9.45132,41.21853],[9.45076,41.21842],[9.45074,41.21863],[9.45132,41.21853]]],[[[9.34126,41.27764],[9.34107,41.27778],[9.34088,41.27782],[9.34134,41.27793],[9.34126,41.27764]]],[[[8.94033,41.0534],[8.94034,41.05368],[8.9407,41.05367],[8.94059,41.05354],[8.94033,41.0534]]],[[[8.87697,41.02756],[8.87757,41.02747],[8.87768,41.02738],[8.87697,41.02756]]],[[[9.14472,41.23041],[9.14437,41.23025],[9.14416,41.23045],[9.14453,41.23053],[9.14472,41.23041]]],[[[9.53454,41.14284],[9.53421,41.14289],[9.53417,41.14308],[9.53453,41.14305],[9.53454,41.14284]]],[[[8.89386,41.02934],[8.89365,41.02952],[8.89366,41.02965],[8.89405,41.02953],[8.89386,41.02934]]],[[[9.44553,41.21907],[9.44522,41.21917],[9.44528,41.21943],[9.44553,41.21907]]],[[[8.87644,41.0169],[8.87681,41.01662],[8.87677,41.01649],[8.87643,41.01666],[8.87644,41.0169]]],[[[8.98886,41.10253],[8.98924,41.1027],[8.98926,41.10253],[8.98886,41.10253]]],[[[8.91338,41.03639],[8.91308,41.03641],[8.91347,41.03662],[8.91338,41.03639]]],[[[8.98957,41.10355],[8.98908,41.10344],[8.98953,41.10364],[8.98957,41.10355]]],[[[8.88668,41.0276],[8.88674,41.02736],[8.88636,41.02733],[8.88659,41.02746],[8.88668,41.0276]]],[[[9.15324,41.19608],[9.15284,41.19639],[9.15302,41.1964],[9.15324,41.19608]]],[[[9.33755,41.22833],[9.33733,41.22844],[9.33747,41.22871],[9.33762,41.22856],[9.33755,41.22833]]],[[[9.473,41.17518],[9.47257,41.17528],[9.47291,41.17544],[9.473,41.17518]]],[[[9.1799,41.24712],[9.18005,41.24739],[9.1802,41.24712],[9.1799,41.24712]]],[[[8.93846,41.05261],[8.93814,41.05267],[8.93847,41.05292],[8.93846,41.05261]]],[[[9.02096,41.12766],[9.02053,41.12758],[9.02092,41.12779],[9.02096,41.12766]]],[[[9.44197,41.22724],[9.442,41.22745],[9.44239,41.22751],[9.44226,41.22725],[9.44197,41.22724]]],[[[9.44174,41.18036],[9.4415,41.18062],[9.44177,41.18074],[9.44174,41.18036]]],[[[9.44744,41.22251],[9.44724,41.22278],[9.44727,41.22293],[9.44755,41.22273],[9.44744,41.22251]]],[[[9.34436,41.25122],[9.34428,41.25174],[9.34434,41.25176],[9.34449,41.25161],[9.34436,41.25122]]],[[[9.56175,41.00544],[9.5615,41.00571],[9.56178,41.00562],[9.56168,41.00585],[9.56184,41.00592],[9.56187,41.0056],[9.56175,41.00544]]],[[[9.508,40.91384],[9.5075,40.91382],[9.50746,40.91387],[9.508,40.91384]]],[[[9.40885,41.18654],[9.40853,41.18651],[9.40867,41.18675],[9.40885,41.18654]]],[[[9.64512,40.88763],[9.64478,40.88756],[9.64479,40.88781],[9.64512,40.88763]]],[[[9.05652,41.13262],[9.05676,41.13254],[9.0565,41.13217],[9.0564,41.13221],[9.05652,41.13262]]],[[[9.16134,41.18971],[9.16115,41.18964],[9.16085,41.18956],[9.16105,41.18983],[9.16134,41.18971]]],[[[9.4436,41.2039],[9.4433,41.20409],[9.44368,41.20411],[9.4436,41.2039]]],[[[9.3761,41.2185],[9.37603,41.21809],[9.37593,41.2185],[9.3761,41.2185]]],[[[9.60628,40.91221],[9.60598,40.91202],[9.6059,40.91225],[9.60628,40.91221]]],[[[9.43621,41.18084],[9.43604,41.18105],[9.4364,41.1811],[9.43638,41.18097],[9.43621,41.18084]]],[[[9.44525,41.20673],[9.44505,41.20689],[9.44522,41.20704],[9.4454,41.20697],[9.44525,41.20673]]],[[[8.93743,41.05227],[8.93784,41.05226],[8.93743,41.05208],[8.93743,41.05227]]],[[[9.61685,40.92062],[9.61647,40.92067],[9.61694,40.92082],[9.61685,40.92062]]],[[[8.97917,41.08567],[8.97912,41.08592],[8.97944,41.08583],[8.97942,41.08572],[8.97917,41.08567]]],[[[9.4116,41.18678],[9.41131,41.18692],[9.41131,41.18706],[9.41157,41.18703],[9.4116,41.18678]]],[[[9.15792,41.18421],[9.15795,41.18395],[9.15771,41.18401],[9.15792,41.18421]]],[[[8.91162,41.0363],[8.91173,41.03603],[8.91147,41.03598],[8.91141,41.03609],[8.91162,41.0363]]],[[[8.99636,41.10627],[8.99619,41.10648],[8.99643,41.10675],[8.99644,41.10648],[8.99636,41.10627]]],[[[8.96171,41.07137],[8.9619,41.07165],[8.96227,41.07186],[8.96212,41.07166],[8.96171,41.07137]]],[[[8.94116,41.05431],[8.94125,41.0545],[8.94164,41.05436],[8.94159,41.05433],[8.94116,41.05431]]],[[[9.44178,41.19119],[9.44178,41.19148],[9.44207,41.19136],[9.44199,41.19129],[9.44178,41.19119]]],[[[9.5991,41.07734],[9.59883,41.07716],[9.59881,41.07743],[9.5991,41.07734]]],[[[9.06288,41.12817],[9.06303,41.12785],[9.06274,41.12807],[9.06288,41.12817]]],[[[9.4092,41.25159],[9.40888,41.25178],[9.40887,41.25187],[9.40914,41.25188],[9.4092,41.25159]]],[[[9.63243,40.8859],[9.63222,40.88565],[9.63205,40.88569],[9.63243,40.8859]]],[[[8.97286,41.08096],[8.97262,41.08104],[8.97291,41.08115],[8.97286,41.08096]]],[[[8.93922,41.05276],[8.93955,41.05304],[8.93972,41.05296],[8.93922,41.05276]]],[[[9.50436,41.15258],[9.50415,41.15241],[9.50398,41.15255],[9.50436,41.15258]]],[[[9.40335,41.27606],[9.40333,41.27624],[9.40351,41.27652],[9.40362,41.27642],[9.40335,41.27606]]],[[[8.93978,41.05328],[8.94013,41.05325],[8.93975,41.05318],[8.93978,41.05328]]],[[[9.1376,41.23878],[9.13744,41.23904],[9.13773,41.2389],[9.1376,41.23878]]],[[[8.90117,41.0344],[8.90152,41.03442],[8.90131,41.03421],[8.90117,41.0344]]],[[[8.87248,41.01562],[8.87214,41.01585],[8.87253,41.01566],[8.87248,41.01562]]],[[[9.33285,41.24293],[9.33265,41.243],[9.33274,41.24318],[9.33293,41.24319],[9.33285,41.24293]]],[[[8.99561,41.10618],[8.9953,41.10604],[8.99519,41.10614],[8.99561,41.10618]]],[[[9.5109,40.91426],[9.51087,40.91453],[9.51102,40.91458],[9.51114,40.9144],[9.5109,40.91426]]],[[[9.15365,41.19644],[9.15376,41.1967],[9.15393,41.19662],[9.15385,41.19641],[9.15365,41.19644]]],[[[8.96546,41.07669],[8.96576,41.07675],[8.9655,41.07642],[8.96546,41.07669]]],[[[9.02972,41.13126],[9.02949,41.1314],[9.02975,41.13144],[9.02972,41.13126]]],[[[9.14045,41.24266],[9.14066,41.24289],[9.14081,41.24275],[9.14045,41.24266]]],[[[9.5122,40.91493],[9.51206,40.91475],[9.51194,40.91505],[9.5122,40.91493]]],[[[9.08477,41.12905],[9.08495,41.12883],[9.08467,41.1289],[9.08477,41.12905]]],[[[9.64687,40.88789],[9.64657,40.88791],[9.64663,40.88811],[9.64687,40.88789]]],[[[9.44463,41.21406],[9.44458,41.21435],[9.4447,41.21458],[9.44482,41.21446],[9.44463,41.21406]]],[[[9.6345,40.92138],[9.63429,40.9214],[9.6343,40.92182],[9.6344,40.92179],[9.6345,40.92138]]],[[[9.10143,41.13442],[9.10114,41.1342],[9.10109,41.13428],[9.10126,41.13452],[9.10143,41.13442]]],[[[9.52507,40.9282],[9.52519,40.92843],[9.52541,40.92838],[9.52537,40.92824],[9.52507,40.9282]]],[[[9.35267,41.27605],[9.3523,41.27604],[9.3527,41.27617],[9.35267,41.27605]]],[[[8.95392,41.06537],[8.95404,41.06523],[8.95368,41.06503],[8.95392,41.06537]]],[[[9.60143,41.08008],[9.6011,41.08018],[9.60154,41.08018],[9.60143,41.08008]]],[[[9.39528,41.19661],[9.39497,41.19664],[9.39511,41.19682],[9.39528,41.19661]]],[[[9.33644,41.29473],[9.33635,41.29512],[9.33665,41.2951],[9.33659,41.29486],[9.33644,41.29473]]],[[[9.35023,41.30437],[9.35004,41.30451],[9.35011,41.30469],[9.35029,41.3046],[9.35023,41.30437]]],[[[9.33794,41.30871],[9.33783,41.30892],[9.33815,41.30894],[9.33815,41.30883],[9.33794,41.30871]]],[[[8.92727,41.04327],[8.92699,41.04341],[8.92735,41.04359],[8.9274,41.04355],[8.92727,41.04327]]],[[[9.51043,40.92095],[9.51006,40.92089],[9.51017,40.92107],[9.51043,40.92095]]],[[[9.65964,40.87678],[9.65943,40.87684],[9.65965,40.877],[9.65964,40.87678]]],[[[9.39686,41.18039],[9.3964,41.18042],[9.39703,41.18043],[9.39686,41.18039]]],[[[8.93756,41.05072],[8.93714,41.05063],[8.93759,41.05079],[8.93756,41.05072]]],[[[9.39528,41.24208],[9.39504,41.24219],[9.39531,41.24232],[9.39528,41.24208]]],[[[9.51626,41.1438],[9.51599,41.1437],[9.51573,41.14378],[9.51626,41.1438]]],[[[9.15408,41.19621],[9.15432,41.19598],[9.15415,41.19588],[9.15408,41.19621]]],[[[9.4798,41.20699],[9.47954,41.20709],[9.4794,41.20724],[9.47973,41.20725],[9.4798,41.20699]]],[[[9.57012,41.00891],[9.56999,41.00917],[9.57012,41.00924],[9.57034,41.00908],[9.57012,41.00891]]],[[[9.27464,41.2331],[9.27437,41.23304],[9.27456,41.23325],[9.27464,41.2331]]],[[[8.98001,41.09127],[8.98025,41.09132],[8.98022,41.0911],[8.98001,41.09127]]],[[[9.52664,41.17056],[9.52638,41.17061],[9.52632,41.17073],[9.52654,41.1708],[9.52664,41.17056]]],[[[9.52286,40.93114],[9.52259,40.93125],[9.52284,40.93131],[9.52286,40.93114]]],[[[9.40221,41.29826],[9.40197,41.29804],[9.40207,41.29844],[9.40221,41.29826]]],[[[9.61704,40.92045],[9.61716,40.92065],[9.61742,40.92064],[9.61739,40.9206],[9.61704,40.92045]]],[[[9.34042,41.29527],[9.33977,41.29505],[9.34043,41.29533],[9.34042,41.29527]]],[[[9.16173,41.18109],[9.16178,41.18082],[9.1616,41.18084],[9.16173,41.18109]]],[[[9.14318,41.24604],[9.14329,41.24625],[9.14348,41.24614],[9.14318,41.24604]]],[[[9.33435,41.30234],[9.33409,41.30228],[9.33413,41.30243],[9.33435,41.30234]]],[[[9.33761,41.23267],[9.33729,41.2326],[9.33741,41.2328],[9.33761,41.23267]]],[[[9.15432,41.19675],[9.1542,41.19663],[9.15388,41.1968],[9.15398,41.19688],[9.15432,41.19675]]],[[[9.33774,41.28583],[9.33773,41.28606],[9.33802,41.28591],[9.33801,41.28586],[9.33774,41.28583]]],[[[9.35195,41.27606],[9.35198,41.27629],[9.35225,41.27628],[9.35218,41.27617],[9.35195,41.27606]]],[[[9.05555,41.13243],[9.05587,41.13247],[9.05557,41.13233],[9.05555,41.13243]]],[[[9.59853,41.07355],[9.59856,41.07382],[9.59877,41.07381],[9.59881,41.07368],[9.59853,41.07355]]],[[[9.45526,41.18205],[9.45508,41.18213],[9.45531,41.18224],[9.45526,41.18205]]],[[[9.48745,41.18108],[9.48717,41.18099],[9.48728,41.18119],[9.48745,41.18108]]],[[[9.13825,41.23894],[9.13799,41.2389],[9.13803,41.23912],[9.13825,41.23894]]],[[[9.21046,41.24775],[9.21045,41.24803],[9.21058,41.24816],[9.21061,41.2479],[9.21046,41.24775]]],[[[8.88945,41.02697],[8.88914,41.02685],[8.88919,41.02708],[8.88945,41.02697]]],[[[9.33549,41.25046],[9.33518,41.25033],[9.33518,41.25042],[9.33549,41.25046]]],[[[9.44835,41.21913],[9.44828,41.21929],[9.44841,41.21952],[9.44855,41.21935],[9.44835,41.21913]]],[[[9.14531,41.23135],[9.14539,41.23108],[9.14519,41.23127],[9.14531,41.23135]]],[[[9.39623,41.2428],[9.39593,41.24275],[9.39596,41.24297],[9.39623,41.2428]]],[[[9.58404,41.07015],[9.58388,41.06991],[9.58374,41.0701],[9.58404,41.07015]]],[[[9.40162,41.29794],[9.40144,41.29816],[9.40146,41.29836],[9.40164,41.29812],[9.40162,41.29794]]]]}},{"type":"Feature","properties":{"nome":"Iglesiente","limiti_indicativi":true,"fonte":"GeoNue/Nordai — Esercitazione 3, regioni_storiciche"},"geometry":{"type":"MultiPolygon","coordinates":[[[[8.57006,39.56159],[8.57203,39.56239],[8.57392,39.56216],[8.57254,39.56134],[8.57217,39.55991],[8.57275,39.55956],[8.57663,39.56061],[8.57744,39.56017],[8.58033,39.56036],[8.58196,39.55965],[8.583,39.55962],[8.58315,39.55947],[8.58277,39.55911],[8.58343,39.55882],[8.58235,39.5581],[8.5822,39.55753],[8.58274,39.55729],[8.58286,39.55679],[8.58448,39.55718],[8.58652,39.55677],[8.58818,39.55684],[8.58929,39.55759],[8.59198,39.55843],[8.59464,39.55844],[8.59473,39.55719],[8.59689,39.55711],[8.59835,39.55622],[8.59867,39.55568],[8.59836,39.55505],[8.59564,39.55194],[8.59475,39.55179],[8.59757,39.54876],[8.59769,39.54696],[8.59919,39.54562],[8.59921,39.54484],[8.60129,39.54428],[8.60468,39.54201],[8.60593,39.54023],[8.60618,39.53731],[8.61127,39.53203],[8.6161,39.52995],[8.61545,39.52401],[8.62046,39.51416],[8.6155,39.50722],[8.59949,39.499],[8.59171,39.49621],[8.58888,39.49587],[8.57874,39.49247],[8.57625,39.49299],[8.57112,39.48995],[8.57003,39.49113],[8.56945,39.49102],[8.56906,39.48868],[8.56672,39.48666],[8.56517,39.48605],[8.5646,39.48497],[8.5648,39.482],[8.56257,39.48205],[8.56227,39.4781],[8.56099,39.47568],[8.56003,39.47503],[8.55983,39.47362],[8.55765,39.47262],[8.55664,39.47103],[8.55466,39.47015],[8.55497,39.46966],[8.55381,39.46639],[8.55165,39.46553],[8.55098,39.46464],[8.54892,39.46408],[8.54705,39.45837],[8.55913,39.45218],[8.56663,39.449],[8.5707,39.44809],[8.57263,39.44821],[8.57703,39.44684],[8.58131,39.44515],[8.58236,39.44418],[8.58167,39.43971],[8.58041,39.43729],[8.5842,39.43118],[8.58989,39.43188],[8.60109,39.42736],[8.60369,39.42501],[8.60519,39.42437],[8.60918,39.42363],[8.61195,39.42322],[8.61712,39.42564],[8.61702,39.41805],[8.62663,39.41281],[8.63606,39.38742],[8.63818,39.38435],[8.64069,39.38231],[8.64216,39.38186],[8.646,39.38142],[8.64888,39.37958],[8.65119,39.37916],[8.65401,39.37933],[8.66465,39.37823],[8.6714,39.3793],[8.67421,39.37888],[8.67666,39.37888],[8.6796,39.37785],[8.67827,39.37605],[8.67841,39.37529],[8.68229,39.37809],[8.69028,39.38087],[8.69157,39.38194],[8.69226,39.38209],[8.69402,39.38188],[8.6949,39.3812],[8.69676,39.37783],[8.69909,39.37494],[8.71114,39.36235],[8.7096,39.36133],[8.70832,39.35861],[8.70793,39.35688],[8.70852,39.35325],[8.70757,39.35091],[8.70622,39.34911],[8.7056,39.34888],[8.7043,39.34762],[8.70269,39.34542],[8.70334,39.34314],[8.70258,39.34116],[8.70206,39.33795],[8.70201,39.33705],[8.70265,39.33388],[8.70215,39.33327],[8.70234,39.33168],[8.7022,39.33017],[8.70115,39.32876],[8.70176,39.32674],[8.70176,39.32532],[8.70046,39.32475],[8.70005,39.32419],[8.69998,39.32296],[8.70062,39.32204],[8.69813,39.31973],[8.69373,39.31878],[8.69085,39.31864],[8.68741,39.31731],[8.6867,39.31676],[8.68451,39.31689],[8.67816,39.31479],[8.67097,39.31452],[8.66686,39.31351],[8.66551,39.3113],[8.66255,39.30816],[8.65867,39.30289],[8.65607,39.30156],[8.64996,39.30038],[8.64937,39.29839],[8.64726,39.29845],[8.6472,39.29873],[8.64641,39.29907],[8.64187,39.30061],[8.63613,39.29995],[8.63277,39.30014],[8.62902,39.29974],[8.62411,39.30045],[8.62384,39.30007],[8.62055,39.29955],[8.61844,39.29865],[8.61671,39.29834],[8.61664,39.29794],[8.61365,39.2971],[8.60914,39.29493],[8.60857,39.29392],[8.60578,39.29194],[8.60511,39.29178],[8.6017,39.28712],[8.60136,39.28636],[8.6015,39.28558],[8.59509,39.27692],[8.59523,39.27635],[8.5901,39.2785],[8.58563,39.27891],[8.5817,39.27736],[8.58198,39.2767],[8.58048,39.27598],[8.57846,39.27545],[8.57598,39.27563],[8.57545,39.27608],[8.57414,39.27639],[8.57185,39.27747],[8.57008,39.27786],[8.56814,39.27869],[8.56555,39.27901],[8.55947,39.28153],[8.55901,39.28145],[8.5582,39.28071],[8.55651,39.28144],[8.55578,39.28104],[8.55462,39.28098],[8.55383,39.2804],[8.55345,39.27952],[8.55258,39.27967],[8.5517,39.28105],[8.55075,39.28177],[8.55083,39.28303],[8.54963,39.28331],[8.54859,39.28306],[8.54813,39.28277],[8.54773,39.28138],[8.5483,39.28102],[8.54549,39.27965],[8.5454,39.27901],[8.54606,39.27806],[8.54572,39.27747],[8.54578,39.27632],[8.54436,39.27574],[8.54519,39.27446],[8.54491,39.27397],[8.54579,39.27301],[8.54632,39.2716],[8.54599,39.26981],[8.54305,39.26635],[8.5433,39.26502],[8.54396,39.26411],[8.54456,39.26253],[8.54385,39.26169],[8.54177,39.26361],[8.54094,39.2639],[8.53659,39.26313],[8.536,39.26291],[8.53722,39.26145],[8.53534,39.25941],[8.53309,39.25922],[8.53494,39.24966],[8.53382,39.25047],[8.53351,39.2515],[8.53066,39.253],[8.52778,39.25295],[8.52594,39.25365],[8.52444,39.25389],[8.52414,39.25452],[8.52333,39.2548],[8.51893,39.2552],[8.51753,39.25588],[8.51736,39.25565],[8.51749,39.2549],[8.51638,39.25451],[8.51508,39.25519],[8.51422,39.25523],[8.51293,39.25718],[8.51147,39.25777],[8.51087,39.25773],[8.50942,39.25655],[8.50627,39.25755],[8.50447,39.25714],[8.50276,39.25841],[8.50225,39.25929],[8.50147,39.25948],[8.5012,39.26026],[8.50078,39.26054],[8.49977,39.26034],[8.49858,39.261],[8.49743,39.26072],[8.4955,39.26151],[8.49383,39.26099],[8.49659,39.25773],[8.49261,39.25674],[8.49215,39.25593],[8.49156,39.25565],[8.49124,39.25594],[8.48963,39.25544],[8.48879,39.25543],[8.47566,39.25594],[8.46001,39.25537],[8.45945,39.25651],[8.45897,39.2555],[8.45903,39.25406],[8.4587,39.25397],[8.45903,39.25186],[8.45732,39.24879],[8.45752,39.24869],[8.45737,39.24553],[8.45871,39.24154],[8.45851,39.24144],[8.45921,39.23898],[8.45953,39.23898],[8.45971,39.23845],[8.46008,39.23695],[8.45982,39.23689],[8.46036,39.23486],[8.46066,39.23481],[8.4618,39.23348],[8.46169,39.23333],[8.46412,39.23165],[8.46468,39.23075],[8.46448,39.23064],[8.46491,39.22922],[8.46518,39.22908],[8.46563,39.22579],[8.46595,39.22551],[8.46628,39.22409],[8.46605,39.22398],[8.46638,39.22221],[8.46403,39.2208],[8.45557,39.21705],[8.43569,39.20956],[8.42436,39.21305],[8.4149,39.23166],[8.41121,39.23557],[8.41066,39.23583],[8.40765,39.23867],[8.40421,39.24218],[8.39375,39.24854],[8.39482,39.24901],[8.39522,39.24984],[8.39645,39.24973],[8.39821,39.251],[8.40014,39.25151],[8.40109,39.25208],[8.40123,39.25235],[8.40085,39.25318],[8.40108,39.25444],[8.40381,39.25616],[8.40385,39.25708],[8.40476,39.2582],[8.4055,39.25853],[8.40726,39.26058],[8.40989,39.26253],[8.41105,39.26427],[8.41341,39.26542],[8.41445,39.26543],[8.41523,39.266],[8.41749,39.26605],[8.41874,39.26665],[8.42014,39.2661],[8.42134,39.26633],[8.42416,39.2681],[8.42715,39.27159],[8.4294,39.27585],[8.42998,39.27868],[8.43109,39.27951],[8.43226,39.28169],[8.43299,39.2819],[8.43367,39.28251],[8.43476,39.28459],[8.43689,39.29005],[8.43639,39.29105],[8.43677,39.29112],[8.437,39.29195],[8.43578,39.29321],[8.43608,39.29419],[8.43539,39.29481],[8.43543,39.29538],[8.43474,39.29638],[8.43479,39.29695],[8.43404,39.29794],[8.43418,39.30103],[8.43467,39.30176],[8.43462,39.30251],[8.43512,39.30312],[8.43514,39.30359],[8.43422,39.30439],[8.43393,39.3052],[8.43309,39.30623],[8.43299,39.30686],[8.43348,39.30793],[8.43281,39.30809],[8.43287,39.3084],[8.43222,39.30891],[8.43161,39.31],[8.43187,39.31062],[8.4317,39.31094],[8.43229,39.31107],[8.4322,39.31142],[8.43069,39.31258],[8.43076,39.3134],[8.43009,39.31421],[8.42874,39.31467],[8.42877,39.31572],[8.428,39.31554],[8.42712,39.31594],[8.42685,39.3158],[8.4263,39.31629],[8.42609,39.31698],[8.42639,39.31717],[8.42619,39.31741],[8.42686,39.31802],[8.42664,39.31847],[8.42589,39.31848],[8.42573,39.31892],[8.42458,39.31948],[8.42472,39.32021],[8.42434,39.32065],[8.42297,39.32041],[8.42166,39.32119],[8.4213,39.32172],[8.42024,39.32094],[8.41959,39.32113],[8.41936,39.32174],[8.41871,39.32199],[8.41885,39.32264],[8.41826,39.32281],[8.41842,39.32369],[8.41803,39.32366],[8.418,39.32439],[8.41879,39.32447],[8.41876,39.32488],[8.41798,39.32542],[8.41728,39.32529],[8.417,39.32484],[8.41665,39.32494],[8.41679,39.32552],[8.41744,39.32557],[8.41803,39.32621],[8.41974,39.32643],[8.42035,39.32723],[8.42042,39.32755],[8.41993,39.32854],[8.42018,39.32897],[8.41981,39.32913],[8.42001,39.32975],[8.42086,39.33037],[8.4206,39.33064],[8.41986,39.33064],[8.42083,39.33176],[8.42041,39.33245],[8.41962,39.33298],[8.41932,39.33353],[8.41855,39.33337],[8.41773,39.33463],[8.41636,39.33545],[8.41627,39.33587],[8.41572,39.33625],[8.4142,39.33607],[8.41354,39.33651],[8.41215,39.33679],[8.40944,39.33673],[8.40796,39.33606],[8.40754,39.33639],[8.40741,39.3369],[8.40684,39.33662],[8.40563,39.33673],[8.40555,39.33713],[8.40351,39.33774],[8.40226,39.33779],[8.40076,39.33721],[8.39855,39.33786],[8.39833,39.33753],[8.39696,39.33763],[8.39651,39.33949],[8.39676,39.34009],[8.39532,39.3394],[8.39523,39.33978],[8.39482,39.34],[8.39566,39.34062],[8.39526,39.3411],[8.39546,39.34154],[8.3952,39.34188],[8.39535,39.34252],[8.39489,39.34268],[8.39452,39.34247],[8.39432,39.34298],[8.39347,39.34244],[8.3933,39.34295],[8.39282,39.34317],[8.39341,39.34454],[8.39305,39.34533],[8.39458,39.3459],[8.39437,39.3467],[8.3956,39.34765],[8.39563,39.34841],[8.3952,39.34889],[8.39487,39.3489],[8.39496,39.34928],[8.39378,39.35018],[8.39206,39.34941],[8.39169,39.34958],[8.39192,39.34985],[8.38996,39.34966],[8.38966,39.35018],[8.38976,39.35072],[8.38938,39.35129],[8.38939,39.35199],[8.3896,39.35209],[8.38876,39.35267],[8.38763,39.35227],[8.38474,39.35266],[8.38574,39.35298],[8.38521,39.35345],[8.38608,39.35315],[8.38727,39.35323],[8.38836,39.35344],[8.38845,39.35362],[8.38807,39.35383],[8.38893,39.35384],[8.38915,39.35456],[8.38901,39.35482],[8.38774,39.35535],[8.38671,39.35545],[8.38653,39.35574],[8.38687,39.35597],[8.38629,39.35621],[8.38642,39.35645],[8.38502,39.35666],[8.38574,39.3569],[8.3868,39.3565],[8.38621,39.35713],[8.38763,39.35714],[8.38795,39.35725],[8.38765,39.35752],[8.38779,39.35766],[8.38835,39.35758],[8.38827,39.35804],[8.38797,39.3582],[8.38802,39.35919],[8.38776,39.3593],[8.38815,39.35964],[8.38775,39.35969],[8.3877,39.36072],[8.3874,39.36141],[8.38759,39.36221],[8.38791,39.36231],[8.38802,39.36267],[8.38864,39.3631],[8.38948,39.36323],[8.3896,39.36383],[8.38997,39.36411],[8.38969,39.36511],[8.38749,39.36597],[8.38544,39.36537],[8.38542,39.3658],[8.38381,39.36585],[8.38321,39.3662],[8.38165,39.36597],[8.38094,39.36636],[8.38109,39.36679],[8.38058,39.36732],[8.37922,39.36727],[8.37892,39.3678],[8.37815,39.36796],[8.379,39.36846],[8.37785,39.36819],[8.37706,39.36859],[8.37662,39.36843],[8.3761,39.36878],[8.37608,39.36913],[8.37649,39.3692],[8.37593,39.36947],[8.37604,39.36971],[8.37547,39.37022],[8.37508,39.37114],[8.37591,39.3719],[8.37459,39.37152],[8.37466,39.37202],[8.37425,39.37217],[8.37434,39.37281],[8.37348,39.37282],[8.37382,39.37333],[8.37322,39.37375],[8.37331,39.37423],[8.37302,39.37461],[8.37364,39.37496],[8.37335,39.37531],[8.37454,39.37542],[8.3755,39.37646],[8.37545,39.37689],[8.37601,39.377],[8.37668,39.37581],[8.37706,39.37561],[8.37716,39.37446],[8.379,39.3738],[8.37969,39.37421],[8.3793,39.37496],[8.3796,39.37546],[8.3787,39.37555],[8.37898,39.37614],[8.37858,39.37657],[8.37917,39.3774],[8.37968,39.37738],[8.38074,39.37825],[8.38055,39.37858],[8.37989,39.37883],[8.38045,39.37942],[8.38031,39.37957],[8.38079,39.38054],[8.38002,39.38144],[8.37926,39.38192],[8.37836,39.38209],[8.37823,39.38245],[8.37941,39.3824],[8.37985,39.38283],[8.37935,39.38346],[8.3797,39.38367],[8.37957,39.38419],[8.38033,39.38445],[8.3805,39.38426],[8.38169,39.38443],[8.38152,39.38466],[8.3818,39.38482],[8.38262,39.3847],[8.3827,39.38497],[8.38237,39.38534],[8.38288,39.38525],[8.38303,39.38597],[8.38264,39.38615],[8.38223,39.386],[8.38198,39.38658],[8.38371,39.38671],[8.38357,39.38875],[8.38399,39.38935],[8.38492,39.38948],[8.38464,39.39058],[8.38588,39.39265],[8.38608,39.39351],[8.38585,39.39475],[8.38629,39.39449],[8.38664,39.39494],[8.38725,39.39475],[8.38747,39.39501],[8.38781,39.39464],[8.38805,39.39563],[8.38846,39.39546],[8.38861,39.39598],[8.38929,39.39504],[8.38985,39.39565],[8.39022,39.39553],[8.39035,39.39609],[8.39104,39.39567],[8.39202,39.39575],[8.39232,39.39592],[8.39226,39.39637],[8.39285,39.39759],[8.3934,39.39751],[8.3935,39.39809],[8.39434,39.39793],[8.39471,39.39838],[8.39548,39.39861],[8.39566,39.39905],[8.39455,39.39985],[8.39467,39.40021],[8.3954,39.40075],[8.39577,39.40062],[8.39638,39.40095],[8.39603,39.40178],[8.39644,39.40235],[8.3979,39.40367],[8.39822,39.4037],[8.39675,39.40206],[8.39717,39.40181],[8.39789,39.40253],[8.39721,39.40179],[8.39759,39.40156],[8.39847,39.40235],[8.39766,39.40152],[8.39817,39.40129],[8.39951,39.40224],[8.39855,39.4029],[8.39921,39.40278],[8.39992,39.40323],[8.39981,39.40354],[8.39843,39.4044],[8.39704,39.40439],[8.39722,39.40459],[8.39844,39.40465],[8.40043,39.40343],[8.4013,39.4038],[8.40259,39.40486],[8.40349,39.40619],[8.40314,39.40644],[8.40305,39.4074],[8.40332,39.40794],[8.40364,39.40757],[8.40376,39.40793],[8.40414,39.40807],[8.404,39.40892],[8.40432,39.40914],[8.40408,39.40998],[8.4047,39.41135],[8.40543,39.41148],[8.40555,39.41174],[8.40608,39.41167],[8.40608,39.41273],[8.40741,39.41321],[8.40714,39.4137],[8.4086,39.41474],[8.40936,39.41496],[8.40909,39.41523],[8.4098,39.41662],[8.40971,39.41708],[8.4106,39.41788],[8.41073,39.41886],[8.41159,39.42022],[8.41161,39.42147],[8.41198,39.42229],[8.41272,39.42718],[8.41268,39.43228],[8.41242,39.43496],[8.41183,39.43814],[8.41185,39.43935],[8.41098,39.4412],[8.40944,39.44115],[8.40706,39.4416],[8.40686,39.44185],[8.40777,39.44219],[8.40706,39.44246],[8.40588,39.44245],[8.40593,39.44275],[8.40641,39.44294],[8.40558,39.44372],[8.4042,39.44429],[8.40356,39.44413],[8.40242,39.44444],[8.40181,39.44497],[8.40132,39.44468],[8.40139,39.44485],[8.40105,39.44481],[8.40063,39.44514],[8.3995,39.44534],[8.39913,39.44517],[8.39888,39.44549],[8.39672,39.44627],[8.39398,39.44658],[8.39357,39.44629],[8.39338,39.4466],[8.39292,39.44648],[8.39164,39.4468],[8.39096,39.44642],[8.38999,39.44642],[8.38989,39.44719],[8.38962,39.44702],[8.38901,39.44722],[8.38886,39.44768],[8.38906,39.44848],[8.38965,39.4487],[8.38972,39.44958],[8.3904,39.45004],[8.3898,39.45076],[8.38987,39.45185],[8.38961,39.45227],[8.38694,39.45382],[8.38654,39.45364],[8.38601,39.45399],[8.38549,39.45382],[8.38465,39.45494],[8.38344,39.45507],[8.38262,39.45563],[8.38181,39.45584],[8.38045,39.45572],[8.37942,39.45619],[8.3792,39.45703],[8.37939,39.45679],[8.37985,39.45718],[8.38078,39.45662],[8.38138,39.45685],[8.38186,39.45662],[8.38263,39.45695],[8.38285,39.45748],[8.38323,39.45748],[8.38332,39.45764],[8.38293,39.45787],[8.38317,39.45858],[8.38299,39.45901],[8.38329,39.45905],[8.38381,39.45855],[8.38455,39.45937],[8.38425,39.45997],[8.3838,39.45998],[8.38348,39.46036],[8.38279,39.46176],[8.38302,39.46189],[8.38309,39.46261],[8.38347,39.46275],[8.38363,39.46249],[8.38459,39.46232],[8.38492,39.46271],[8.38557,39.46263],[8.38629,39.46339],[8.38635,39.46385],[8.38586,39.46471],[8.38533,39.46493],[8.3854,39.46538],[8.38507,39.46574],[8.38553,39.46696],[8.38561,39.46809],[8.38526,39.46874],[8.38455,39.46894],[8.38498,39.46951],[8.38465,39.47079],[8.38526,39.47138],[8.38615,39.47102],[8.38656,39.47211],[8.38742,39.47222],[8.38797,39.47386],[8.38731,39.47472],[8.38734,39.47571],[8.3877,39.47533],[8.38826,39.47564],[8.3885,39.47639],[8.38881,39.47651],[8.3888,39.47696],[8.38891,39.47681],[8.38903,39.47707],[8.38959,39.47716],[8.38962,39.47749],[8.39002,39.47764],[8.39011,39.47824],[8.39114,39.47874],[8.3925,39.47855],[8.39265,39.47868],[8.39225,39.47903],[8.39257,39.47916],[8.39263,39.47953],[8.39266,39.47934],[8.39291,39.47962],[8.39356,39.47941],[8.3945,39.48013],[8.39695,39.48124],[8.39721,39.48166],[8.39666,39.48284],[8.39683,39.48334],[8.39625,39.48358],[8.39684,39.48395],[8.39718,39.48369],[8.39779,39.48398],[8.39681,39.48498],[8.39669,39.48545],[8.39732,39.48586],[8.39766,39.48552],[8.39956,39.48548],[8.39979,39.48569],[8.39958,39.48592],[8.40016,39.48582],[8.39984,39.48607],[8.40147,39.4863],[8.40091,39.48654],[8.40119,39.4868],[8.40378,39.48669],[8.40539,39.4883],[8.40673,39.48923],[8.40721,39.49022],[8.40688,39.49078],[8.40718,39.49052],[8.40769,39.49076],[8.40931,39.49233],[8.41568,39.49976],[8.41744,39.50223],[8.41993,39.50445],[8.42018,39.50588],[8.42252,39.50804],[8.42583,39.51219],[8.4272,39.51325],[8.42755,39.51412],[8.42924,39.5165],[8.42942,39.5177],[8.43053,39.51868],[8.43069,39.5194],[8.43145,39.51946],[8.43269,39.52088],[8.43502,39.52255],[8.43892,39.52801],[8.43905,39.52949],[8.43971,39.52972],[8.44061,39.53058],[8.44225,39.53264],[8.44251,39.53352],[8.44475,39.53573],[8.44567,39.53772],[8.44755,39.54035],[8.4474,39.54073],[8.45126,39.54559],[8.45269,39.54935],[8.45376,39.55128],[8.45376,39.5527],[8.45318,39.5543],[8.45275,39.55458],[8.45307,39.55477],[8.45239,39.55538],[8.45315,39.55641],[8.45416,39.55644],[8.4542,39.55702],[8.45395,39.5574],[8.45463,39.55832],[8.45435,39.5591],[8.45634,39.56046],[8.45579,39.56151],[8.45578,39.56242],[8.45519,39.56299],[8.45623,39.56455],[8.45798,39.56612],[8.45813,39.56718],[8.45938,39.56809],[8.46026,39.56928],[8.46006,39.57137],[8.46107,39.57316],[8.46083,39.57416],[8.46219,39.57435],[8.4631,39.57483],[8.46464,39.57717],[8.46498,39.57851],[8.46434,39.58017],[8.46364,39.58082],[8.46327,39.58229],[8.46333,39.58351],[8.46393,39.58468],[8.46387,39.58591],[8.4634,39.58727],[8.46381,39.58794],[8.46342,39.58845],[8.46398,39.58843],[8.46389,39.58894],[8.46477,39.58903],[8.46554,39.5897],[8.4653,39.58982],[8.46579,39.58978],[8.46623,39.59027],[8.4651,39.59129],[8.46468,39.5922],[8.46603,39.59315],[8.46617,39.59292],[8.46652,39.59297],[8.46761,39.59355],[8.46792,39.59387],[8.46795,39.5947],[8.46919,39.59481],[8.47004,39.59691],[8.4698,39.59728],[8.46999,39.59735],[8.46986,39.59784],[8.46949,39.59806],[8.47005,39.59783],[8.47052,39.59838],[8.47095,39.60172],[8.4701,39.60232],[8.46995,39.60286],[8.47002,39.60358],[8.47054,39.60412],[8.47047,39.60436],[8.4689,39.60497],[8.46826,39.60605],[8.46857,39.60679],[8.46803,39.60743],[8.46691,39.60715],[8.46675,39.60749],[8.46449,39.60774],[8.46555,39.60841],[8.46551,39.6092],[8.46595,39.60953],[8.46587,39.61006],[8.46625,39.61057],[8.46629,39.61214],[8.46698,39.613],[8.46657,39.61353],[8.466,39.6155],[8.46547,39.61631],[8.46451,39.61706],[8.46331,39.61684],[8.46323,39.6172],[8.46283,39.61732],[8.4617,39.61665],[8.46034,39.61644],[8.45959,39.61674],[8.45978,39.6176],[8.4591,39.61763],[8.45902,39.61794],[8.46008,39.61843],[8.46042,39.61907],[8.46019,39.61976],[8.45938,39.62031],[8.45689,39.62073],[8.45519,39.62022],[8.45394,39.62017],[8.45351,39.62048],[8.45335,39.62116],[8.45281,39.62073],[8.45258,39.62087],[8.45316,39.62146],[8.45279,39.62167],[8.45185,39.6236],[8.45206,39.62388],[8.45175,39.62442],[8.45217,39.62501],[8.45158,39.62512],[8.45172,39.62622],[8.45222,39.6261],[8.4515,39.62729],[8.45185,39.62897],[8.45119,39.62965],[8.45069,39.6298],[8.45064,39.63019],[8.45034,39.63018],[8.45046,39.63043],[8.45128,39.63053],[8.45148,39.63108],[8.45127,39.63148],[8.45031,39.63147],[8.45031,39.63184],[8.45073,39.63193],[8.45074,39.63214],[8.45004,39.63373],[8.44949,39.63425],[8.44833,39.63447],[8.44827,39.63475],[8.44866,39.63513],[8.44815,39.63541],[8.44948,39.63572],[8.45034,39.6364],[8.4503,39.63759],[8.44988,39.63769],[8.44995,39.63817],[8.45076,39.63849],[8.45208,39.63974],[8.45192,39.64012],[8.45316,39.6404],[8.45392,39.6424],[8.45361,39.64324],[8.45153,39.64429],[8.45077,39.6443],[8.45068,39.64425],[8.45014,39.64502],[8.45021,39.64654],[8.4511,39.64703],[8.45125,39.64787],[8.45201,39.64882],[8.45198,39.65024],[8.45126,39.6511],[8.45187,39.65153],[8.45169,39.65293],[8.45141,39.65324],[8.45095,39.65326],[8.45097,39.65347],[8.45138,39.65379],[8.45156,39.65353],[8.45207,39.65357],[8.4524,39.65388],[8.45249,39.65445],[8.45174,39.65553],[8.45109,39.65583],[8.45106,39.65622],[8.45066,39.65645],[8.45016,39.65623],[8.4504,39.65657],[8.45005,39.65646],[8.4498,39.65722],[8.45113,39.6578],[8.45279,39.65812],[8.4531,39.65853],[8.45382,39.65874],[8.454,39.65919],[8.45364,39.66031],[8.45368,39.6611],[8.4531,39.66213],[8.45498,39.66251],[8.45671,39.66381],[8.4569,39.66419],[8.45658,39.66479],[8.45679,39.66559],[8.45908,39.66736],[8.4591,39.66845],[8.45858,39.66917],[8.4561,39.67049],[8.45534,39.67054],[8.45413,39.67017],[8.45248,39.67098],[8.45308,39.67161],[8.45287,39.67217],[8.45245,39.67217],[8.45256,39.67264],[8.45219,39.67264],[8.45225,39.67314],[8.45085,39.67432],[8.45097,39.6748],[8.45057,39.67532],[8.44933,39.67541],[8.44803,39.67483],[8.44771,39.6749],[8.4472,39.67556],[8.44654,39.67558],[8.44569,39.67596],[8.44583,39.67616],[8.44545,39.67616],[8.44543,39.67647],[8.44575,39.67651],[8.44554,39.6766],[8.44562,39.6769],[8.44639,39.67691],[8.44668,39.67722],[8.44613,39.67737],[8.44691,39.67801],[8.44494,39.67814],[8.4446,39.67828],[8.44469,39.67854],[8.44549,39.67883],[8.44522,39.67935],[8.44636,39.67978],[8.44657,39.68027],[8.44758,39.68087],[8.44775,39.68124],[8.4467,39.68183],[8.44408,39.68268],[8.44358,39.68323],[8.44288,39.68314],[8.44267,39.68334],[8.44346,39.68347],[8.44434,39.68405],[8.443,39.68475],[8.44266,39.6854],[8.44366,39.68546],[8.44395,39.68591],[8.44433,39.68545],[8.44527,39.68526],[8.44599,39.6854],[8.44637,39.68515],[8.44702,39.68557],[8.44795,39.6857],[8.44867,39.68623],[8.4498,39.68812],[8.45168,39.69178],[8.45308,39.69593],[8.45413,39.69814],[8.45419,39.69845],[8.45373,39.69901],[8.45377,39.7002],[8.45348,39.70047],[8.4541,39.70131],[8.45385,39.70177],[8.45414,39.70261],[8.45398,39.7035],[8.45463,39.70398],[8.45452,39.70431],[8.45534,39.70519],[8.45473,39.70706],[8.45487,39.70759],[8.45465,39.70769],[8.45501,39.70805],[8.45456,39.70818],[8.45541,39.709],[8.4557,39.70897],[8.45507,39.70989],[8.4555,39.71065],[8.45523,39.71117],[8.45473,39.71099],[8.45393,39.71125],[8.45295,39.71202],[8.45345,39.71268],[8.45319,39.71323],[8.45172,39.7133],[8.45121,39.71289],[8.44962,39.71261],[8.44941,39.71296],[8.44903,39.71281],[8.44929,39.71336],[8.44891,39.71356],[8.44839,39.71343],[8.44657,39.7137],[8.44524,39.71215],[8.44472,39.71242],[8.44496,39.71282],[8.44469,39.71303],[8.44478,39.71342],[8.44602,39.71396],[8.4458,39.71425],[8.44521,39.71432],[8.44533,39.71461],[8.44575,39.71453],[8.44529,39.71493],[8.44633,39.71459],[8.44674,39.71417],[8.44708,39.71434],[8.44756,39.71566],[8.44761,39.71688],[8.44716,39.71705],[8.44717,39.7174],[8.44631,39.71797],[8.44638,39.71816],[8.44671,39.71812],[8.44674,39.71871],[8.44783,39.71992],[8.44996,39.72137],[8.4502,39.72289],[8.44993,39.72338],[8.44948,39.72345],[8.45,39.72393],[8.45026,39.72473],[8.44944,39.72551],[8.44931,39.72594],[8.44832,39.72628],[8.44951,39.72644],[8.45005,39.72681],[8.45032,39.72739],[8.44982,39.72836],[8.45005,39.72839],[8.45002,39.72881],[8.44972,39.72913],[8.44876,39.72915],[8.44701,39.73003],[8.44686,39.73023],[8.44722,39.73047],[8.44695,39.73064],[8.44578,39.73065],[8.44531,39.73117],[8.44534,39.73155],[8.44504,39.73166],[8.44509,39.73197],[8.44552,39.73178],[8.44597,39.73196],[8.44557,39.73217],[8.44612,39.73251],[8.4449,39.73279],[8.44482,39.73319],[8.4457,39.73363],[8.44558,39.73418],[8.44651,39.73406],[8.44591,39.73463],[8.44658,39.73487],[8.44635,39.73519],[8.44729,39.73523],[8.44711,39.73557],[8.44653,39.73569],[8.44655,39.73592],[8.44684,39.73607],[8.44742,39.73582],[8.44777,39.73635],[8.44781,39.737],[8.44715,39.7374],[8.447,39.7378],[8.44758,39.73768],[8.44791,39.73846],[8.44872,39.73887],[8.44832,39.73948],[8.44766,39.73987],[8.44922,39.74028],[8.44876,39.74152],[8.44768,39.74173],[8.44864,39.742],[8.44836,39.74273],[8.44694,39.74306],[8.44825,39.74376],[8.44652,39.7471],[8.44524,39.74855],[8.44538,39.74988],[8.44461,39.75122],[8.44455,39.75228],[8.44404,39.75314],[8.44451,39.7555],[8.44497,39.75634],[8.44467,39.75687],[8.44498,39.75734],[8.4448,39.75773],[8.44432,39.75758],[8.44443,39.75805],[8.44345,39.75819],[8.44499,39.75929],[8.44648,39.75896],[8.44659,39.75937],[8.44588,39.75976],[8.44608,39.76015],[8.44681,39.76019],[8.44812,39.76143],[8.4495,39.76145],[8.45017,39.76199],[8.45103,39.76445],[8.45066,39.76483],[8.45071,39.76685],[8.45001,39.76702],[8.45031,39.7675],[8.4501,39.76806],[8.45124,39.76917],[8.45114,39.76976],[8.45225,39.76937],[8.45458,39.76992],[8.4575,39.76978],[8.45892,39.76927],[8.46107,39.7673],[8.46178,39.76553],[8.46156,39.76537],[8.46134,39.76561],[8.46106,39.76532],[8.46114,39.7646],[8.46447,39.76293],[8.46858,39.75833],[8.46907,39.75705],[8.46901,39.75548],[8.46996,39.75387],[8.46988,39.75336],[8.47096,39.7522],[8.47152,39.74983],[8.47208,39.7488],[8.47381,39.74735],[8.47652,39.74687],[8.47667,39.74636],[8.47627,39.74547],[8.47637,39.74469],[8.47922,39.74147],[8.47986,39.73984],[8.48165,39.73764],[8.48433,39.73602],[8.48578,39.73436],[8.48676,39.73213],[8.48838,39.73161],[8.48958,39.73158],[8.48853,39.73115],[8.48797,39.73046],[8.48821,39.72943],[8.48915,39.728],[8.49181,39.72515],[8.49261,39.72463],[8.49347,39.72326],[8.49451,39.72249],[8.4977,39.72177],[8.49847,39.72112],[8.49744,39.72083],[8.49685,39.71929],[8.49728,39.7188],[8.49854,39.71945],[8.49857,39.71915],[8.49743,39.71875],[8.49847,39.71836],[8.49887,39.71755],[8.49746,39.71701],[8.49491,39.71684],[8.4941,39.71621],[8.49343,39.71606],[8.49157,39.71626],[8.49071,39.71586],[8.49049,39.71555],[8.4906,39.71511],[8.49339,39.71386],[8.4957,39.71315],[8.49669,39.71396],[8.49931,39.71378],[8.49996,39.71411],[8.49961,39.71374],[8.50128,39.71303],[8.50122,39.71277],[8.50135,39.71328],[8.5022,39.7143],[8.50256,39.71415],[8.50185,39.71307],[8.5023,39.7129],[8.50247,39.71254],[8.50273,39.71114],[8.50202,39.71076],[8.50097,39.7108],[8.50041,39.70986],[8.50021,39.70859],[8.50024,39.70829],[8.50098,39.708],[8.50214,39.70694],[8.50263,39.70601],[8.50381,39.70591],[8.50487,39.70627],[8.50539,39.70556],[8.50594,39.70554],[8.50672,39.70596],[8.50642,39.70689],[8.50756,39.70688],[8.50915,39.70611],[8.51033,39.70437],[8.51097,39.70405],[8.51251,39.7042],[8.51406,39.70502],[8.51385,39.7037],[8.51452,39.70213],[8.51535,39.70139],[8.51566,39.69979],[8.51652,39.6998],[8.51782,39.70039],[8.51861,39.70021],[8.51966,39.70041],[8.52086,39.7009],[8.52024,39.69915],[8.51836,39.69668],[8.51806,39.69515],[8.51872,39.69413],[8.51831,39.69391],[8.51885,39.69401],[8.5199,39.6933],[8.52029,39.69359],[8.52087,39.69337],[8.52051,39.6931],[8.52078,39.69288],[8.5215,39.69304],[8.52242,39.6914],[8.52205,39.68991],[8.51814,39.68295],[8.51763,39.6832],[8.51557,39.67829],[8.51559,39.67782],[8.51606,39.67812],[8.51686,39.67369],[8.51881,39.66636],[8.51839,39.66609],[8.51862,39.66529],[8.51847,39.65835],[8.52564,39.65503],[8.52991,39.65389],[8.53021,39.65345],[8.53097,39.65334],[8.53153,39.65251],[8.5328,39.64897],[8.53139,39.64899],[8.52713,39.63294],[8.53205,39.60939],[8.54701,39.59679],[8.55709,39.59464],[8.56778,39.59104],[8.56873,39.57418],[8.56999,39.57145],[8.57292,39.56913],[8.57248,39.56591],[8.57006,39.56159]]],[[[8.3985,39.33328],[8.39813,39.33384],[8.39872,39.33428],[8.39827,39.33462],[8.39848,39.33479],[8.39896,39.33471],[8.39925,39.33426],[8.4,39.33425],[8.40112,39.33464],[8.40174,39.33416],[8.40158,39.33366],[8.40051,39.33334],[8.40042,39.33284],[8.39943,39.33337],[8.3985,39.33328]]],[[[8.38461,39.46544],[8.38413,39.46545],[8.38384,39.46575],[8.38411,39.46676],[8.38484,39.46634],[8.38497,39.4658],[8.38461,39.46544]]],[[[8.42634,39.31233],[8.42742,39.31215],[8.42748,39.31199],[8.42678,39.31195],[8.42634,39.31233]]],[[[8.45472,39.56312],[8.45451,39.56365],[8.45462,39.56428],[8.45482,39.56391],[8.45472,39.56312]]],[[[8.44905,39.72174],[8.44881,39.72191],[8.44909,39.72218],[8.44954,39.72212],[8.44905,39.72174]]],[[[8.50029,39.71433],[8.50021,39.7144],[8.50194,39.7156],[8.50029,39.71433]]],[[[8.42407,39.31612],[8.42431,39.31633],[8.42475,39.31615],[8.42443,39.31596],[8.42407,39.31612]]],[[[8.44636,39.71728],[8.44597,39.71742],[8.44589,39.71769],[8.44624,39.71771],[8.44648,39.71748],[8.44636,39.71728]]],[[[8.44488,39.67769],[8.44496,39.67804],[8.4454,39.67792],[8.44528,39.67768],[8.44488,39.67769]]],[[[8.44831,39.73903],[8.44769,39.73922],[8.44838,39.73912],[8.44831,39.73903]]],[[[8.44997,39.64457],[8.45029,39.64426],[8.45004,39.64397],[8.45006,39.64416],[8.44997,39.64457]]],[[[8.38695,39.45302],[8.3869,39.45348],[8.38708,39.45357],[8.38713,39.45322],[8.38695,39.45302]]],[[[8.45063,39.64385],[8.45054,39.64428],[8.45066,39.64409],[8.45098,39.64426],[8.45063,39.64385]]],[[[8.44888,39.72402],[8.44857,39.72408],[8.44853,39.72414],[8.44897,39.72428],[8.44888,39.72402]]],[[[8.44475,39.71436],[8.44468,39.71464],[8.44512,39.71451],[8.44508,39.71442],[8.44475,39.71436]]],[[[8.39509,39.34188],[8.39497,39.34163],[8.39465,39.3416],[8.3949,39.34192],[8.39509,39.34188]]],[[[8.45113,39.65572],[8.45082,39.65558],[8.45092,39.65587],[8.45113,39.65572]]],[[[8.45097,39.6255],[8.451,39.62577],[8.45135,39.62553],[8.45129,39.62543],[8.45097,39.6255]]],[[[8.45125,39.64372],[8.4514,39.64403],[8.45161,39.64408],[8.45125,39.64372]]],[[[8.37992,39.45572],[8.37958,39.45583],[8.37952,39.45591],[8.37983,39.45595],[8.37992,39.45572]]],[[[8.38777,39.39555],[8.38797,39.39552],[8.38788,39.39525],[8.38778,39.39529],[8.38777,39.39555]]],[[[8.38845,39.47638],[8.38828,39.47643],[8.38826,39.47668],[8.38837,39.47672],[8.38845,39.47638]]],[[[8.45487,39.5629],[8.45456,39.56292],[8.45495,39.563],[8.45487,39.5629]]],[[[8.46263,39.58857],[8.46246,39.58868],[8.46256,39.5889],[8.46269,39.58881],[8.46263,39.58857]]],[[[8.44446,39.71445],[8.44415,39.71441],[8.4442,39.71454],[8.44446,39.71445]]]]}},{"type":"Feature","properties":{"nome":"Sulcis","limiti_indicativi":true,"fonte":"GeoNue/Nordai — Esercitazione 3, regioni_storiciche"},"geometry":{"type":"MultiPolygon","coordinates":[[[[8.57291,39.03548],[8.57176,39.03663],[8.57202,39.03695],[8.57166,39.03688],[8.57156,39.03778],[8.56808,39.04278],[8.56504,39.04539],[8.5628,39.04642],[8.56019,39.04691],[8.55506,39.0468],[8.55326,39.04628],[8.5517,39.04524],[8.54947,39.04431],[8.54854,39.04447],[8.54633,39.04589],[8.54372,39.04666],[8.54254,39.04779],[8.54176,39.04811],[8.53863,39.05062],[8.53841,39.05029],[8.53454,39.05326],[8.53462,39.05354],[8.53412,39.0541],[8.53377,39.05526],[8.53562,39.05523],[8.53529,39.05548],[8.53551,39.05638],[8.53654,39.05781],[8.53641,39.05814],[8.53432,39.05921],[8.53128,39.05948],[8.52953,39.05914],[8.52724,39.05913],[8.52561,39.0597],[8.52477,39.06031],[8.52063,39.06094],[8.51834,39.06176],[8.51471,39.06134],[8.51398,39.06173],[8.51174,39.0622],[8.51043,39.06198],[8.50846,39.06209],[8.50796,39.06235],[8.50561,39.06233],[8.50401,39.06148],[8.50291,39.06138],[8.50161,39.06179],[8.5002,39.06282],[8.49973,39.06264],[8.49925,39.0628],[8.49919,39.06316],[8.4988,39.06335],[8.49397,39.06261],[8.48968,39.06117],[8.48524,39.06096],[8.47967,39.05979],[8.47471,39.05781],[8.47173,39.05805],[8.47021,39.05743],[8.47172,39.0547],[8.46997,39.05415],[8.4701,39.0539],[8.46956,39.05372],[8.46714,39.05701],[8.46614,39.05659],[8.46634,39.05592],[8.46657,39.05596],[8.46635,39.05588],[8.46669,39.05577],[8.46692,39.05508],[8.46769,39.05424],[8.46741,39.05373],[8.46751,39.05342],[8.46802,39.05338],[8.46674,39.05315],[8.4665,39.05171],[8.47397,39.05144],[8.46744,39.05158],[8.46716,39.05107],[8.46789,39.05092],[8.4676,39.0507],[8.46746,39.04997],[8.46783,39.05034],[8.46904,39.05056],[8.4686,39.04965],[8.46887,39.04956],[8.46824,39.04873],[8.46851,39.04884],[8.46787,39.04715],[8.46691,39.0466],[8.46605,39.04476],[8.4654,39.04399],[8.4645,39.04127],[8.46348,39.04004],[8.46318,39.03924],[8.46184,39.03733],[8.46044,39.03609],[8.46009,39.03469],[8.45903,39.03342],[8.45816,39.03146],[8.45445,39.02702],[8.45316,39.02496],[8.45286,39.02394],[8.45297,39.02262],[8.45212,39.02017],[8.45078,39.01762],[8.45047,39.01524],[8.45089,39.01415],[8.45078,39.01192],[8.45053,39.01112],[8.4498,39.01062],[8.44912,39.00925],[8.44967,39.00866],[8.45037,39.00674],[8.45035,39.00484],[8.44972,39.00418],[8.45059,39.00288],[8.45025,39.00197],[8.44898,39.00075],[8.44885,38.99984],[8.44921,38.99911],[8.44914,38.998],[8.4495,38.99767],[8.45012,38.99784],[8.45083,38.99755],[8.4513,38.99703],[8.4512,38.99648],[8.45163,38.99597],[8.45166,38.99548],[8.4509,38.99489],[8.45116,38.99416],[8.45101,38.99354],[8.45019,38.99276],[8.45052,38.99207],[8.45109,38.99162],[8.45154,38.99035],[8.4512,38.9902],[8.45145,38.98955],[8.45084,38.98904],[8.45016,38.98887],[8.4501,38.98826],[8.4498,38.98827],[8.45001,38.98795],[8.44974,38.98783],[8.44956,38.98715],[8.44836,38.987],[8.44836,38.98652],[8.44873,38.9862],[8.44837,38.9861],[8.44891,38.98555],[8.44845,38.98557],[8.44866,38.98526],[8.44818,38.98512],[8.44841,38.9848],[8.44812,38.98481],[8.44832,38.98461],[8.4479,38.98465],[8.44785,38.98413],[8.44722,38.98409],[8.44721,38.98311],[8.44685,38.98319],[8.446,38.9827],[8.44475,38.98253],[8.44408,38.9821],[8.4424,38.9806],[8.44242,38.98012],[8.44213,38.98016],[8.4413,38.97928],[8.44055,38.97807],[8.44183,38.97642],[8.44167,38.9748],[8.44185,38.97448],[8.44206,38.97457],[8.44194,38.97414],[8.44302,38.97245],[8.44355,38.97077],[8.44385,38.9706],[8.44384,38.97031],[8.44489,38.96983],[8.44488,38.96905],[8.44428,38.96869],[8.4436,38.96888],[8.44368,38.96813],[8.44313,38.96775],[8.44106,38.96839],[8.43884,38.96777],[8.43795,38.96724],[8.43714,38.96664],[8.43665,38.96582],[8.43735,38.96432],[8.43706,38.96315],[8.43646,38.96279],[8.43519,38.96291],[8.43458,38.96271],[8.43482,38.96238],[8.43445,38.96266],[8.43379,38.96162],[8.43061,38.96039],[8.43035,38.96006],[8.43048,38.95971],[8.42935,38.9601],[8.42888,38.96057],[8.42807,38.96041],[8.42797,38.96061],[8.42824,38.96077],[8.42761,38.96078],[8.42696,38.96139],[8.42555,38.96026],[8.42425,38.9603],[8.42382,38.95996],[8.42253,38.95986],[8.42206,38.95928],[8.42157,38.95963],[8.42149,38.96041],[8.42093,38.96087],[8.42021,38.96107],[8.41876,38.96089],[8.41621,38.9596],[8.41582,38.95862],[8.41633,38.95828],[8.41574,38.9582],[8.41592,38.95791],[8.41569,38.95778],[8.41596,38.95755],[8.41529,38.95698],[8.41538,38.95603],[8.41479,38.95556],[8.41487,38.95533],[8.41431,38.95546],[8.41426,38.95525],[8.41398,38.9553],[8.41402,38.95554],[8.41338,38.95547],[8.41341,38.95575],[8.41242,38.95569],[8.41214,38.95595],[8.41217,38.95633],[8.41186,38.95647],[8.41147,38.95628],[8.41049,38.95659],[8.40982,38.95623],[8.41002,38.95669],[8.40943,38.95689],[8.40909,38.95768],[8.40824,38.95724],[8.40826,38.95766],[8.40795,38.95758],[8.4077,38.95807],[8.40696,38.9583],[8.40682,38.95884],[8.40706,38.95902],[8.40681,38.95944],[8.40648,38.9595],[8.40642,38.96003],[8.40609,38.96006],[8.40614,38.96047],[8.40475,38.96116],[8.40431,38.9611],[8.4043,38.9616],[8.4033,38.96231],[8.40365,38.9631],[8.40404,38.96317],[8.4036,38.964],[8.40288,38.96443],[8.40314,38.96536],[8.40238,38.96597],[8.4029,38.9666],[8.40301,38.96736],[8.40378,38.96768],[8.4039,38.96798],[8.40366,38.96899],[8.40406,38.96972],[8.40344,38.97033],[8.40384,38.97091],[8.40378,38.97205],[8.40326,38.97247],[8.40381,38.97331],[8.40365,38.97402],[8.40298,38.97428],[8.40262,38.97391],[8.40175,38.974],[8.40139,38.97482],[8.40039,38.97528],[8.39903,38.97481],[8.39811,38.9751],[8.39785,38.97497],[8.39673,38.97602],[8.39773,38.97607],[8.3963,38.97677],[8.39627,38.97693],[8.39685,38.97676],[8.39654,38.97705],[8.39712,38.97698],[8.39627,38.97748],[8.39604,38.97808],[8.3969,38.97815],[8.39632,38.97856],[8.3967,38.97868],[8.3957,38.97938],[8.39598,38.97953],[8.39549,38.97962],[8.3961,38.97976],[8.39546,38.98],[8.39568,38.98005],[8.3961,38.97995],[8.39615,38.97997],[8.39528,38.98032],[8.39522,38.9805],[8.39553,38.9806],[8.39475,38.98124],[8.39512,38.9813],[8.39494,38.98152],[8.39572,38.98167],[8.39461,38.98214],[8.39507,38.98217],[8.39456,38.98248],[8.39515,38.98245],[8.39412,38.98309],[8.39523,38.98303],[8.39377,38.98354],[8.39419,38.98395],[8.39403,38.98428],[8.39433,38.98435],[8.39396,38.98443],[8.39388,38.98459],[8.39421,38.98467],[8.39373,38.98497],[8.39443,38.98508],[8.3937,38.98524],[8.39366,38.98544],[8.39399,38.9855],[8.39363,38.98575],[8.3946,38.98593],[8.3941,38.98624],[8.3945,38.98634],[8.39405,38.9864],[8.39452,38.9866],[8.39378,38.98702],[8.39398,38.98735],[8.39454,38.98729],[8.39406,38.98754],[8.39407,38.98794],[8.39444,38.98812],[8.39417,38.98815],[8.39411,38.98863],[8.39444,38.98869],[8.39391,38.98886],[8.39476,38.9893],[8.39348,38.98976],[8.39299,38.99025],[8.39237,38.99028],[8.39222,38.99061],[8.39141,38.99061],[8.39154,38.99072],[8.39115,38.99096],[8.39144,38.99138],[8.39096,38.99152],[8.39135,38.99177],[8.3912,38.99195],[8.38992,38.99226],[8.38864,38.99183],[8.38821,38.99225],[8.38792,38.99273],[8.38826,38.99289],[8.38819,38.99309],[8.3878,38.99343],[8.3882,38.99356],[8.38793,38.994],[8.38819,38.9941],[8.38751,38.99459],[8.38755,38.99481],[8.38807,38.99481],[8.38813,38.99523],[8.38726,38.99537],[8.38722,38.99648],[8.38695,38.99621],[8.38647,38.99695],[8.38642,38.9967],[8.38618,38.99678],[8.38613,38.99726],[8.38659,38.9976],[8.38638,38.99774],[8.38644,38.99807],[8.3859,38.99792],[8.38549,38.99842],[8.38622,38.9984],[8.38626,38.99864],[8.38519,38.99892],[8.38407,39.00046],[8.38406,39.00077],[8.38438,39.00081],[8.38445,39.00125],[8.38492,39.00155],[8.3849,39.00218],[8.38589,39.00274],[8.38507,39.00284],[8.38412,39.0026],[8.38265,39.00293],[8.38261,39.00328],[8.38283,39.00339],[8.38441,39.00316],[8.38364,39.00439],[8.38304,39.00474],[8.38331,39.00561],[8.38373,39.00594],[8.38214,39.00596],[8.38183,39.00636],[8.38225,39.00636],[8.38206,39.00658],[8.38244,39.00646],[8.38242,39.00623],[8.38386,39.00595],[8.38388,39.00626],[8.38457,39.00626],[8.38469,39.00672],[8.38393,39.00702],[8.38443,39.00708],[8.38567,39.00838],[8.38509,39.00872],[8.38456,39.00839],[8.38373,39.00868],[8.38192,39.00811],[8.38121,39.00817],[8.38004,39.00919],[8.38025,39.00937],[8.37997,39.00977],[8.38023,39.00971],[8.38018,39.01008],[8.38074,39.0102],[8.38046,39.01042],[8.38105,39.01078],[8.3804,39.01097],[8.38089,39.01138],[8.3807,39.01152],[8.38016,39.0113],[8.37974,39.01158],[8.37932,39.01122],[8.3781,39.01086],[8.37767,39.01115],[8.37748,39.01094],[8.37731,39.01145],[8.37639,39.01138],[8.37592,39.01182],[8.37583,39.01159],[8.3756,39.01166],[8.37537,39.01214],[8.37663,39.01226],[8.37566,39.01252],[8.37537,39.01291],[8.37573,39.01355],[8.37545,39.01341],[8.37532,39.0137],[8.37515,39.01361],[8.37553,39.01456],[8.37607,39.01478],[8.37586,39.01497],[8.37503,39.01477],[8.3748,39.01501],[8.37501,39.01506],[8.37488,39.01551],[8.37427,39.01527],[8.37395,39.01613],[8.37347,39.01595],[8.37278,39.0173],[8.37247,39.01729],[8.37314,39.01845],[8.37233,39.01784],[8.3723,39.01807],[8.37151,39.01855],[8.37111,39.01862],[8.37122,39.01937],[8.3708,39.01933],[8.37145,39.02044],[8.37182,39.02049],[8.37144,39.02065],[8.37165,39.02082],[8.37132,39.02082],[8.37132,39.0211],[8.3732,39.02185],[8.37423,39.02291],[8.37345,39.02326],[8.37241,39.02232],[8.37119,39.02215],[8.37069,39.02177],[8.37045,39.02181],[8.37058,39.02225],[8.37011,39.02214],[8.37025,39.02233],[8.36968,39.02264],[8.36984,39.02289],[8.36947,39.02317],[8.36971,39.02349],[8.36884,39.02416],[8.36852,39.02399],[8.36825,39.02483],[8.36769,39.02496],[8.3682,39.02541],[8.36761,39.02558],[8.36804,39.02554],[8.36784,39.02579],[8.36802,39.02602],[8.36731,39.02608],[8.36788,39.02616],[8.36791,39.02627],[8.3672,39.02654],[8.36695,39.02632],[8.36698,39.02688],[8.36594,39.02726],[8.36619,39.02738],[8.36604,39.02764],[8.36633,39.02758],[8.36642,39.02781],[8.36599,39.02832],[8.36628,39.02851],[8.3662,39.02872],[8.36515,39.02929],[8.36494,39.02954],[8.36509,39.02983],[8.36453,39.02989],[8.36486,39.0301],[8.36465,39.03037],[8.36479,39.03052],[8.36446,39.03058],[8.36493,39.03074],[8.36433,39.03078],[8.36385,39.03168],[8.36429,39.03178],[8.36382,39.03203],[8.36462,39.03216],[8.36413,39.03263],[8.36448,39.03277],[8.36402,39.03311],[8.36434,39.03327],[8.36386,39.03337],[8.36362,39.03379],[8.36395,39.0338],[8.36373,39.03397],[8.36407,39.03422],[8.36377,39.03434],[8.36428,39.03505],[8.36389,39.03508],[8.36414,39.03531],[8.36387,39.03544],[8.36321,39.03541],[8.3637,39.03562],[8.36334,39.03588],[8.3637,39.03597],[8.3633,39.03611],[8.36357,39.03619],[8.36348,39.03643],[8.36288,39.03663],[8.36322,39.03687],[8.36267,39.03711],[8.36242,39.03685],[8.36188,39.03692],[8.36194,39.03707],[8.36074,39.03735],[8.3604,39.03769],[8.36089,39.03799],[8.36049,39.03828],[8.36045,39.03877],[8.36049,39.03903],[8.36079,39.03894],[8.36071,39.04018],[8.36108,39.04082],[8.36079,39.04129],[8.36105,39.04141],[8.36096,39.04165],[8.3614,39.04164],[8.36135,39.04199],[8.36187,39.04218],[8.36151,39.04243],[8.36163,39.04284],[8.36116,39.04284],[8.36078,39.04389],[8.36055,39.04357],[8.36033,39.04387],[8.36085,39.04489],[8.36035,39.04483],[8.36046,39.04562],[8.35995,39.04547],[8.36004,39.0461],[8.35984,39.04605],[8.35971,39.04645],[8.36021,39.04757],[8.36069,39.04794],[8.36047,39.04899],[8.36018,39.04906],[8.36002,39.04963],[8.36061,39.05034],[8.36064,39.0509],[8.361,39.05083],[8.36082,39.05118],[8.36121,39.05191],[8.3611,39.05241],[8.36058,39.05254],[8.36038,39.05314],[8.35899,39.054],[8.35918,39.05483],[8.35868,39.05524],[8.35818,39.05679],[8.35788,39.05696],[8.35777,39.05837],[8.35821,39.05966],[8.35735,39.06136],[8.35751,39.06219],[8.35707,39.06295],[8.3571,39.06414],[8.35597,39.06632],[8.35531,39.06706],[8.35417,39.07027],[8.35397,39.07043],[8.35347,39.07014],[8.35231,39.07066],[8.35268,39.07133],[8.35226,39.07167],[8.35267,39.07281],[8.35231,39.07333],[8.35124,39.07369],[8.35069,39.07429],[8.3508,39.07479],[8.35037,39.07565],[8.34966,39.07594],[8.34953,39.07619],[8.34981,39.07617],[8.34983,39.07667],[8.35054,39.0767],[8.35079,39.07727],[8.35035,39.07748],[8.34958,39.07893],[8.34879,39.0792],[8.35007,39.07979],[8.34958,39.08077],[8.34969,39.08104],[8.34912,39.08114],[8.34994,39.08169],[8.34934,39.08278],[8.34945,39.08308],[8.35008,39.08313],[8.35072,39.08265],[8.35105,39.08161],[8.35186,39.08081],[8.35293,39.08064],[8.35354,39.08084],[8.35449,39.08135],[8.35621,39.08321],[8.35708,39.08364],[8.35815,39.0848],[8.3586,39.08581],[8.35861,39.08657],[8.35806,39.08755],[8.35689,39.08757],[8.35673,39.08835],[8.3555,39.08899],[8.35514,39.08957],[8.35519,39.0899],[8.35567,39.09011],[8.35548,39.0905],[8.35427,39.09096],[8.35378,39.09085],[8.35286,39.09112],[8.35297,39.09199],[8.35277,39.09277],[8.35358,39.09325],[8.3536,39.09364],[8.35419,39.09385],[8.35405,39.09461],[8.35308,39.09493],[8.35328,39.09511],[8.35294,39.09533],[8.35291,39.09581],[8.35206,39.09636],[8.35062,39.09635],[8.35096,39.09687],[8.3506,39.09713],[8.35088,39.09723],[8.35087,39.09759],[8.35167,39.09814],[8.35192,39.09889],[8.35236,39.09894],[8.35291,39.09952],[8.3545,39.0992],[8.35445,39.09786],[8.35556,39.09693],[8.35689,39.09696],[8.35901,39.09743],[8.36127,39.0986],[8.36201,39.09943],[8.36175,39.10035],[8.36196,39.1008],[8.36166,39.10126],[8.36132,39.10134],[8.36039,39.10326],[8.36057,39.10368],[8.36037,39.10525],[8.36106,39.10605],[8.36115,39.10667],[8.36093,39.10785],[8.36017,39.10862],[8.36047,39.10925],[8.36029,39.10966],[8.36062,39.10982],[8.36191,39.10946],[8.36258,39.10834],[8.3629,39.10823],[8.36514,39.10873],[8.3656,39.10899],[8.3657,39.10951],[8.36533,39.11052],[8.3654,39.11114],[8.36677,39.11163],[8.36699,39.11228],[8.36688,39.11292],[8.3676,39.11345],[8.36822,39.11319],[8.36958,39.1139],[8.37,39.11496],[8.37028,39.11511],[8.36985,39.11395],[8.3683,39.11306],[8.36878,39.11234],[8.36952,39.11196],[8.37068,39.11204],[8.3713,39.11243],[8.37149,39.11296],[8.37109,39.1142],[8.37201,39.11414],[8.37172,39.11373],[8.37352,39.11419],[8.3753,39.11364],[8.37358,39.11399],[8.37215,39.11366],[8.37214,39.11285],[8.37192,39.11281],[8.37226,39.11228],[8.37377,39.11279],[8.37316,39.11251],[8.37332,39.11229],[8.37312,39.1122],[8.37452,39.11028],[8.37333,39.11133],[8.37476,39.10945],[8.37648,39.11008],[8.37494,39.10918],[8.37734,39.10441],[8.37782,39.10193],[8.3786,39.10086],[8.38039,39.09964],[8.38184,39.09971],[8.38207,39.09953],[8.38255,39.09992],[8.38377,39.10013],[8.38493,39.09936],[8.38601,39.09937],[8.3864,39.09914],[8.38693,39.09944],[8.38805,39.09934],[8.3902,39.10022],[8.39515,39.10138],[8.40183,39.10434],[8.40395,39.10455],[8.40628,39.104],[8.4076,39.10312],[8.40968,39.10278],[8.40955,39.10258],[8.40774,39.10277],[8.40633,39.10355],[8.40611,39.10341],[8.40611,39.10363],[8.40573,39.10346],[8.40574,39.10389],[8.40532,39.10392],[8.40546,39.10337],[8.40597,39.10285],[8.40602,39.10232],[8.40668,39.10197],[8.4103,39.10205],[8.41371,39.1035],[8.42297,39.10855],[8.42333,39.10822],[8.42487,39.10873],[8.42627,39.10873],[8.427,39.10824],[8.42735,39.10732],[8.42732,39.1068],[8.42712,39.10696],[8.42705,39.1049],[8.42822,39.10386],[8.42875,39.10384],[8.42907,39.10336],[8.429,39.10264],[8.42948,39.10203],[8.42878,39.10165],[8.42869,39.10088],[8.42926,39.10032],[8.4293,39.09954],[8.43034,39.09965],[8.43036,39.10048],[8.43097,39.0999],[8.4307,39.09748],[8.43098,39.09665],[8.4317,39.09583],[8.43246,39.09578],[8.43272,39.09537],[8.43351,39.09514],[8.43428,39.09527],[8.43721,39.09478],[8.43785,39.09409],[8.43902,39.09395],[8.44007,39.09296],[8.44154,39.09229],[8.44306,39.09204],[8.44339,39.09161],[8.44436,39.09126],[8.4446,39.09067],[8.44516,39.09055],[8.44532,39.09002],[8.44586,39.08978],[8.44638,39.08906],[8.44764,39.08854],[8.44845,39.08863],[8.4489,39.08826],[8.45089,39.08759],[8.45156,39.0876],[8.45304,39.08619],[8.45441,39.08555],[8.45642,39.08382],[8.45741,39.08076],[8.45717,39.08093],[8.4573,39.08059],[8.45696,39.08031],[8.45691,39.07863],[8.45646,39.07703],[8.45667,39.07532],[8.45731,39.07389],[8.45769,39.07401],[8.45729,39.0738],[8.4575,39.07352],[8.45801,39.07369],[8.45748,39.07343],[8.45769,39.07315],[8.45819,39.07334],[8.45767,39.07307],[8.45787,39.07278],[8.45849,39.07303],[8.45789,39.07266],[8.45878,39.07167],[8.45932,39.0689],[8.45903,39.06787],[8.45957,39.06771],[8.45902,39.06785],[8.45885,39.06746],[8.4594,39.06731],[8.45884,39.06743],[8.45842,39.06617],[8.45918,39.06563],[8.45966,39.06565],[8.45977,39.06462],[8.46076,39.06469],[8.46073,39.0649],[8.46016,39.06486],[8.46073,39.06493],[8.4607,39.06515],[8.46013,39.06511],[8.46075,39.06524],[8.46093,39.06431],[8.46063,39.06419],[8.46075,39.06381],[8.46201,39.06249],[8.46433,39.05884],[8.46461,39.05797],[8.46502,39.05757],[8.46574,39.05739],[8.46678,39.05801],[8.46665,39.05876],[8.46693,39.05812],[8.46715,39.05809],[8.46952,39.0586],[8.4706,39.05953],[8.47131,39.05954],[8.47282,39.05897],[8.47372,39.05947],[8.47376,39.06057],[8.47391,39.05923],[8.47423,39.05908],[8.47535,39.05943],[8.47799,39.06101],[8.47805,39.06126],[8.47759,39.06156],[8.47849,39.06204],[8.47847,39.06368],[8.47818,39.06436],[8.4775,39.06941],[8.47902,39.07158],[8.47796,39.07086],[8.47751,39.07094],[8.47914,39.07174],[8.4799,39.07249],[8.48719,39.08262],[8.48848,39.08461],[8.48798,39.08483],[8.48858,39.0849],[8.4882,39.0854],[8.48814,39.08496],[8.48735,39.08487],[8.48751,39.08499],[8.48674,39.08511],[8.48635,39.08469],[8.48502,39.0846],[8.48773,39.08871],[8.48714,39.08913],[8.48416,39.08517],[8.4836,39.0843],[8.4836,39.08384],[8.48253,39.08349],[8.48042,39.08328],[8.48323,39.08432],[8.48451,39.086],[8.48553,39.0882],[8.48355,39.08984],[8.4821,39.09069],[8.47918,39.09341],[8.47925,39.09318],[8.47803,39.0936],[8.47819,39.09372],[8.47797,39.09437],[8.4775,39.09507],[8.47804,39.09466],[8.47739,39.09579],[8.47794,39.09674],[8.47712,39.09932],[8.47684,39.10169],[8.47534,39.10377],[8.47298,39.10468],[8.47338,39.10607],[8.47274,39.10714],[8.47273,39.10806],[8.47375,39.10976],[8.47329,39.11181],[8.47081,39.11262],[8.47021,39.11371],[8.46965,39.11397],[8.46999,39.11522],[8.46855,39.11585],[8.46861,39.11776],[8.46778,39.119],[8.46546,39.11929],[8.46505,39.11955],[8.4652,39.11995],[8.46499,39.1201],[8.46445,39.12007],[8.46437,39.11936],[8.46432,39.11982],[8.46368,39.12041],[8.4625,39.12099],[8.46187,39.12106],[8.46163,39.12005],[8.46165,39.12036],[8.46133,39.12016],[8.46084,39.12065],[8.46018,39.12061],[8.45883,39.12106],[8.45829,39.12089],[8.45858,39.12057],[8.45792,39.11989],[8.45702,39.1196],[8.45489,39.11812],[8.45387,39.11811],[8.45274,39.11756],[8.45215,39.11775],[8.44877,39.11716],[8.44559,39.1174],[8.44216,39.11654],[8.43891,39.11422],[8.43697,39.11141],[8.43661,39.11168],[8.43769,39.11432],[8.4399,39.11687],[8.44012,39.11749],[8.43929,39.11831],[8.43918,39.11879],[8.43714,39.12049],[8.43686,39.12138],[8.43574,39.12256],[8.43527,39.12462],[8.43678,39.12686],[8.43677,39.12788],[8.43595,39.12888],[8.43463,39.12918],[8.43314,39.13026],[8.43565,39.13295],[8.4368,39.1353],[8.43893,39.1382],[8.43876,39.13891],[8.43915,39.13991],[8.43857,39.14128],[8.43762,39.14221],[8.4354,39.14269],[8.43542,39.14353],[8.43711,39.14526],[8.43789,39.1471],[8.43754,39.14858],[8.43799,39.15098],[8.43737,39.15203],[8.43682,39.15245],[8.43798,39.15433],[8.43806,39.15568],[8.43721,39.15591],[8.43683,39.15654],[8.43617,39.15652],[8.43582,39.15683],[8.43549,39.15779],[8.43456,39.15798],[8.434,39.15945],[8.43219,39.16016],[8.42962,39.16059],[8.42966,39.16148],[8.42863,39.16335],[8.42727,39.16398],[8.42693,39.16455],[8.4264,39.16462],[8.42583,39.16561],[8.42496,39.16604],[8.42404,39.16611],[8.42272,39.16696],[8.42182,39.16703],[8.42107,39.16744],[8.41988,39.16834],[8.41921,39.16995],[8.41736,39.17151],[8.41658,39.17142],[8.41484,39.1723],[8.41428,39.17229],[8.41341,39.17285],[8.41324,39.17332],[8.41234,39.17358],[8.41241,39.17372],[8.41238,39.17394],[8.41213,39.17333],[8.41194,39.17351],[8.4114,39.17338],[8.41179,39.17328],[8.41177,39.17202],[8.41236,39.17063],[8.41154,39.1701],[8.41099,39.16937],[8.41201,39.16633],[8.41132,39.16614],[8.41041,39.16616],[8.40969,39.16648],[8.40935,39.1663],[8.40882,39.16506],[8.40907,39.16425],[8.40891,39.16379],[8.40745,39.1657],[8.40703,39.16601],[8.40701,39.16572],[8.40729,39.16486],[8.40814,39.16393],[8.40808,39.16337],[8.40738,39.16327],[8.40732,39.16285],[8.40762,39.16266],[8.40743,39.16302],[8.40765,39.16322],[8.40848,39.16252],[8.40955,39.16238],[8.40963,39.16211],[8.40866,39.16209],[8.40981,39.16166],[8.41116,39.16033],[8.41059,39.16002],[8.41084,39.15965],[8.41105,39.16009],[8.41165,39.15929],[8.41206,39.15844],[8.41189,39.15791],[8.41283,39.15595],[8.41381,39.15532],[8.41483,39.15508],[8.41377,39.15516],[8.41509,39.15372],[8.41501,39.15348],[8.4131,39.15416],[8.41278,39.15404],[8.41373,39.15275],[8.41386,39.15232],[8.41364,39.15184],[8.41429,39.1508],[8.41561,39.15124],[8.4146,39.1505],[8.41581,39.15079],[8.41425,39.15022],[8.41319,39.15078],[8.41097,39.154],[8.40944,39.15497],[8.40879,39.15575],[8.40693,39.15903],[8.40656,39.16366],[8.40684,39.16756],[8.40594,39.16963],[8.40505,39.16989],[8.40459,39.16964],[8.40223,39.17842],[8.40159,39.17895],[8.40106,39.18056],[8.40018,39.18419],[8.39967,39.18899],[8.39154,39.19226],[8.39163,39.19273],[8.39187,39.19279],[8.39203,39.1926],[8.39179,39.19235],[8.39318,39.19178],[8.39334,39.19232],[8.39376,39.19215],[8.39331,39.19173],[8.39857,39.18964],[8.40056,39.19119],[8.40104,39.19195],[8.40115,39.19284],[8.40184,39.19361],[8.40096,39.193],[8.40168,39.1937],[8.40133,39.19381],[8.40035,39.19315],[8.40049,39.19338],[8.40013,39.19356],[8.39974,39.19487],[8.39929,39.19486],[8.39698,39.19842],[8.39715,39.19861],[8.39695,39.19892],[8.39445,39.19954],[8.39413,39.19992],[8.3922,39.20009],[8.39123,39.19922],[8.39105,39.19858],[8.39163,39.19846],[8.39079,39.19597],[8.39056,39.196],[8.39026,39.19511],[8.38975,39.19499],[8.38962,39.19435],[8.3865,39.19311],[8.38642,39.19343],[8.38888,39.19431],[8.38933,39.1947],[8.39045,39.19769],[8.39011,39.19806],[8.3882,39.19906],[8.38711,39.19926],[8.38675,39.19989],[8.38575,39.20065],[8.38291,39.2],[8.38246,39.20044],[8.38082,39.20033],[8.38082,39.20051],[8.38201,39.20059],[8.38177,39.20095],[8.38199,39.20097],[8.38176,39.20102],[8.38183,39.20168],[8.38037,39.20158],[8.38035,39.20175],[8.38175,39.20189],[8.3817,39.2024],[8.37962,39.2033],[8.37859,39.20259],[8.37986,39.20175],[8.38008,39.20005],[8.38091,39.19967],[8.37989,39.19979],[8.3796,39.2016],[8.37832,39.20254],[8.37805,39.20321],[8.37685,39.20346],[8.37635,39.20322],[8.37553,39.20351],[8.37548,39.20508],[8.37603,39.2068],[8.37517,39.2088],[8.37404,39.20948],[8.37247,39.20955],[8.3721,39.20945],[8.37172,39.20845],[8.37129,39.20846],[8.37128,39.20913],[8.37039,39.21072],[8.37016,39.21072],[8.37043,39.21123],[8.37011,39.21134],[8.37016,39.21163],[8.36961,39.21177],[8.36946,39.21218],[8.3691,39.21221],[8.36886,39.21318],[8.36808,39.21385],[8.36841,39.21537],[8.36831,39.21593],[8.36949,39.21803],[8.36884,39.2207],[8.36897,39.22115],[8.36959,39.2217],[8.36902,39.22304],[8.3691,39.224],[8.36871,39.22515],[8.36802,39.22549],[8.36766,39.22623],[8.36768,39.22682],[8.36672,39.22771],[8.36699,39.22841],[8.36759,39.2285],[8.36821,39.22931],[8.36906,39.22951],[8.36954,39.23039],[8.37187,39.23135],[8.37273,39.23197],[8.3728,39.23231],[8.3736,39.23239],[8.37421,39.23303],[8.37429,39.2335],[8.37617,39.23534],[8.38148,39.23937],[8.38294,39.24006],[8.38454,39.24038],[8.385,39.24124],[8.38484,39.24142],[8.3876,39.24275],[8.38828,39.24362],[8.38991,39.24463],[8.38999,39.24522],[8.3908,39.24582],[8.3908,39.24629],[8.39126,39.24686],[8.39216,39.24732],[8.39273,39.24803],[8.39383,39.24853],[8.40421,39.24218],[8.40765,39.23867],[8.41066,39.23583],[8.41121,39.23557],[8.4149,39.23166],[8.42426,39.21311],[8.43569,39.20956],[8.45557,39.21705],[8.46403,39.2208],[8.46638,39.22221],[8.46605,39.22398],[8.46628,39.22409],[8.46595,39.22551],[8.46563,39.22579],[8.46518,39.22908],[8.46491,39.22922],[8.46448,39.23064],[8.46468,39.23075],[8.46412,39.23165],[8.46169,39.23333],[8.4618,39.23348],[8.46066,39.23481],[8.46036,39.23486],[8.45982,39.23689],[8.46008,39.23695],[8.45971,39.23845],[8.45953,39.23898],[8.45921,39.23898],[8.45851,39.24144],[8.45871,39.24154],[8.45737,39.24553],[8.45752,39.24869],[8.45732,39.24879],[8.45903,39.25186],[8.4587,39.25397],[8.45903,39.25406],[8.45897,39.2555],[8.45945,39.25651],[8.46001,39.25537],[8.47566,39.25594],[8.48879,39.25543],[8.48963,39.25544],[8.49124,39.25594],[8.49156,39.25565],[8.49215,39.25593],[8.49261,39.25674],[8.49659,39.25773],[8.49383,39.26099],[8.4955,39.26151],[8.49743,39.26072],[8.49858,39.261],[8.49977,39.26034],[8.50078,39.26054],[8.5012,39.26026],[8.50147,39.25948],[8.50225,39.25929],[8.50276,39.25841],[8.50447,39.25714],[8.50627,39.25755],[8.50942,39.25655],[8.51087,39.25773],[8.51147,39.25777],[8.51293,39.25718],[8.51422,39.25523],[8.51508,39.25519],[8.51638,39.25451],[8.51749,39.2549],[8.51736,39.25565],[8.51753,39.25588],[8.51893,39.2552],[8.52333,39.2548],[8.52414,39.25452],[8.52444,39.25389],[8.52594,39.25365],[8.52778,39.25295],[8.53066,39.253],[8.53351,39.2515],[8.53382,39.25047],[8.53494,39.24966],[8.53309,39.25922],[8.53534,39.25941],[8.53722,39.26145],[8.536,39.26291],[8.53659,39.26313],[8.54094,39.2639],[8.54177,39.26361],[8.54385,39.26169],[8.54456,39.26253],[8.54396,39.26411],[8.5433,39.26502],[8.54305,39.26635],[8.54599,39.26981],[8.54632,39.2716],[8.54579,39.27301],[8.54491,39.27397],[8.54519,39.27446],[8.54436,39.27574],[8.54578,39.27632],[8.54572,39.27747],[8.54606,39.27806],[8.5454,39.27901],[8.54549,39.27965],[8.5483,39.28102],[8.54773,39.28138],[8.54813,39.28277],[8.54963,39.28331],[8.55083,39.28303],[8.55075,39.28177],[8.5517,39.28105],[8.55258,39.27967],[8.55345,39.27952],[8.55383,39.2804],[8.55462,39.28098],[8.55578,39.28104],[8.55651,39.28144],[8.5582,39.28071],[8.55901,39.28145],[8.55947,39.28153],[8.56555,39.27901],[8.56814,39.27869],[8.57008,39.27786],[8.57185,39.27747],[8.57414,39.27639],[8.57545,39.27608],[8.57598,39.27563],[8.57846,39.27545],[8.58048,39.27598],[8.58198,39.2767],[8.5817,39.27736],[8.58563,39.27891],[8.5901,39.2785],[8.59523,39.27635],[8.59528,39.27615],[8.59397,39.2756],[8.59498,39.27046],[8.59546,39.26996],[8.59533,39.26915],[8.59602,39.26811],[8.59659,39.26592],[8.59664,39.26441],[8.59859,39.25974],[8.59913,39.25791],[8.59889,39.25771],[8.59953,39.25624],[8.60089,39.25115],[8.60122,39.25088],[8.60206,39.24874],[8.60136,39.24823],[8.60389,39.24314],[8.60423,39.23782],[8.60393,39.23756],[8.60353,39.23597],[8.60268,39.23158],[8.60323,39.22928],[8.60295,39.22914],[8.60319,39.22907],[8.60772,39.22898],[8.61219,39.22936],[8.61638,39.23002],[8.61841,39.23068],[8.62667,39.22975],[8.63172,39.23026],[8.64015,39.23188],[8.63902,39.22913],[8.63998,39.22803],[8.63923,39.22616],[8.63898,39.22096],[8.63927,39.22052],[8.64352,39.21902],[8.65331,39.21838],[8.66767,39.21887],[8.67017,39.21976],[8.67096,39.21965],[8.67996,39.21611],[8.68922,39.21599],[8.70281,39.21857],[8.7054,39.21811],[8.7072,39.21751],[8.71091,39.21702],[8.71849,39.21908],[8.72259,39.21966],[8.73154,39.22144],[8.73873,39.2245],[8.74825,39.23209],[8.75541,39.20912],[8.7573,39.20394],[8.75808,39.20083],[8.76336,39.19016],[8.76431,39.18914],[8.76484,39.18903],[8.76602,39.18803],[8.7668,39.18691],[8.76581,39.18601],[8.7659,39.1856],[8.76666,39.18523],[8.76858,39.18307],[8.77195,39.18041],[8.77211,39.18013],[8.7713,39.1794],[8.77146,39.17898],[8.77382,39.17844],[8.77448,39.17742],[8.77516,39.17801],[8.77567,39.17786],[8.77665,39.17824],[8.77707,39.17702],[8.77885,39.17695],[8.77888,39.17635],[8.7793,39.17584],[8.78091,39.17509],[8.78137,39.17512],[8.78188,39.17542],[8.78196,39.17579],[8.78237,39.17582],[8.78303,39.17503],[8.7844,39.17486],[8.78822,39.17317],[8.8147,39.16412],[8.8259,39.14907],[8.82653,39.1486],[8.82617,39.14785],[8.82641,39.14592],[8.82455,39.14445],[8.82158,39.14051],[8.82213,39.13943],[8.82116,39.13631],[8.82121,39.13346],[8.8202,39.13086],[8.82022,39.12999],[8.8206,39.12985],[8.8208,39.12937],[8.82061,39.12897],[8.82295,39.12689],[8.82258,39.12538],[8.82125,39.12279],[8.82244,39.12323],[8.82251,39.12305],[8.82243,39.1202],[8.82277,39.1177],[8.8231,39.1172],[8.826,39.11573],[8.82778,39.11421],[8.82955,39.11321],[8.83133,39.11157],[8.83329,39.11139],[8.83629,39.11046],[8.83904,39.1102],[8.84184,39.10815],[8.84215,39.10751],[8.84207,39.10445],[8.84307,39.10465],[8.8452,39.1024],[8.84643,39.10055],[8.84876,39.09899],[8.84867,39.09764],[8.84735,39.09616],[8.8483,39.09465],[8.84869,39.09251],[8.85012,39.08838],[8.85322,39.08406],[8.84547,39.06925],[8.83179,39.0473],[8.85035,39.02246],[8.85486,39.01769],[8.85609,39.0159],[8.85696,39.01536],[8.86183,39.01003],[8.86518,39.00589],[8.86681,39.00334],[8.86849,39.00161],[8.86892,39.0005],[8.87008,38.99901],[8.87715,38.99071],[8.8779,38.98905],[8.87966,38.98676],[8.8832,38.98311],[8.88878,38.97315],[8.89608,38.96927],[8.90149,38.96494],[8.91074,38.95641],[8.91156,38.9537],[8.91164,38.94985],[8.91119,38.94124],[8.90969,38.93661],[8.90523,38.92703],[8.9044,38.92497],[8.90414,38.92364],[8.90614,38.91803],[8.91078,38.9155],[8.91005,38.91476],[8.90988,38.91385],[8.90933,38.91383],[8.9096,38.91374],[8.90958,38.91329],[8.90829,38.91296],[8.90847,38.91276],[8.90809,38.91236],[8.90818,38.91194],[8.90755,38.91214],[8.9076,38.9119],[8.90718,38.91142],[8.90723,38.9109],[8.90693,38.91122],[8.90675,38.9105],[8.90714,38.91012],[8.90688,38.90932],[8.90641,38.90872],[8.90621,38.90879],[8.90641,38.90803],[8.90606,38.90781],[8.90615,38.90814],[8.90545,38.90783],[8.90549,38.90762],[8.90522,38.9077],[8.90442,38.9069],[8.90327,38.90693],[8.90323,38.9065],[8.90405,38.9057],[8.90387,38.90568],[8.90402,38.90526],[8.90309,38.90518],[8.9029,38.90542],[8.9027,38.90526],[8.90202,38.9058],[8.90166,38.90559],[8.90188,38.90503],[8.90156,38.90502],[8.90191,38.90446],[8.90104,38.90455],[8.9011,38.90433],[8.90052,38.90425],[8.90041,38.90399],[8.89938,38.90428],[8.89896,38.9039],[8.89828,38.90396],[8.89821,38.90355],[8.89857,38.90341],[8.89835,38.90321],[8.89857,38.90238],[8.89817,38.90223],[8.89879,38.90193],[8.89822,38.90178],[8.89749,38.90198],[8.89713,38.90151],[8.89702,38.90178],[8.89673,38.90179],[8.89592,38.90097],[8.89474,38.90116],[8.89431,38.90077],[8.89344,38.901],[8.89322,38.90049],[8.89437,38.89983],[8.89449,38.89959],[8.89418,38.89978],[8.89437,38.89938],[8.894,38.89909],[8.89325,38.89915],[8.8933,38.89888],[8.89295,38.89884],[8.89304,38.89854],[8.89244,38.89898],[8.89159,38.89911],[8.8903,38.89882],[8.89018,38.89859],[8.89074,38.89837],[8.8913,38.89769],[8.89093,38.89701],[8.89013,38.89732],[8.89024,38.89774],[8.8899,38.89842],[8.8893,38.89851],[8.88851,38.89787],[8.88751,38.89784],[8.88759,38.89725],[8.88693,38.89765],[8.88628,38.89738],[8.88588,38.89642],[8.88617,38.89613],[8.88654,38.89632],[8.88682,38.89569],[8.88596,38.89539],[8.88587,38.89492],[8.8855,38.89468],[8.88432,38.89463],[8.88331,38.89539],[8.8833,38.89598],[8.88243,38.89608],[8.88027,38.8954],[8.87701,38.89346],[8.87641,38.89253],[8.87692,38.8916],[8.87586,38.89153],[8.87594,38.89129],[8.87499,38.89144],[8.87436,38.89065],[8.87479,38.89028],[8.87466,38.89011],[8.8738,38.89028],[8.8725,38.88987],[8.87069,38.88845],[8.87006,38.88735],[8.87094,38.88636],[8.86981,38.88653],[8.86978,38.88682],[8.86898,38.88724],[8.86729,38.8868],[8.86518,38.8854],[8.86326,38.88309],[8.86132,38.88259],[8.86021,38.88202],[8.85906,38.88088],[8.85839,38.87964],[8.85872,38.87871],[8.8601,38.87785],[8.86,38.87766],[8.85892,38.87726],[8.85824,38.87751],[8.85798,38.87713],[8.85663,38.87694],[8.85603,38.87757],[8.85619,38.87692],[8.85566,38.87664],[8.85498,38.87685],[8.85503,38.87846],[8.85401,38.87863],[8.8537,38.87818],[8.85346,38.87821],[8.85363,38.87785],[8.85329,38.87771],[8.85328,38.8774],[8.85258,38.87757],[8.85215,38.87672],[8.85123,38.87685],[8.85083,38.8766],[8.85087,38.87728],[8.8499,38.87727],[8.84975,38.87759],[8.84943,38.87712],[8.8486,38.8771],[8.84802,38.87766],[8.84804,38.87712],[8.84778,38.87687],[8.84683,38.87678],[8.84641,38.87714],[8.84644,38.87681],[8.84614,38.87676],[8.8455,38.87713],[8.84555,38.87691],[8.84523,38.87696],[8.84593,38.87642],[8.8454,38.87607],[8.84474,38.87625],[8.84428,38.87589],[8.84392,38.87614],[8.84378,38.87591],[8.84316,38.87593],[8.84343,38.8762],[8.84274,38.87608],[8.84259,38.8763],[8.84274,38.87708],[8.84217,38.87647],[8.84128,38.87708],[8.84108,38.87752],[8.84145,38.87784],[8.84122,38.87782],[8.84149,38.87837],[8.84116,38.87846],[8.84094,38.87987],[8.84036,38.87996],[8.83995,38.87951],[8.83937,38.87998],[8.83923,38.88047],[8.83876,38.88063],[8.83725,38.8795],[8.83734,38.87831],[8.83684,38.87822],[8.83689,38.87805],[8.83649,38.87815],[8.83656,38.87836],[8.8357,38.87835],[8.83589,38.87821],[8.83556,38.87829],[8.83556,38.87783],[8.83513,38.87779],[8.83452,38.87828],[8.8346,38.87802],[8.83432,38.87806],[8.83488,38.87775],[8.83494,38.87736],[8.83411,38.87726],[8.83431,38.87742],[8.83344,38.87748],[8.83339,38.8777],[8.83261,38.87739],[8.83272,38.87808],[8.83386,38.87833],[8.83361,38.87884],[8.83385,38.87912],[8.83383,38.87955],[8.83287,38.87977],[8.83243,38.88037],[8.83183,38.88021],[8.83193,38.87982],[8.83161,38.8797],[8.83129,38.87981],[8.83154,38.88005],[8.8314,38.88015],[8.82991,38.88036],[8.83036,38.88077],[8.82899,38.8808],[8.82926,38.88118],[8.82904,38.8813],[8.82938,38.88166],[8.82901,38.88302],[8.82966,38.8837],[8.82961,38.88394],[8.82851,38.88382],[8.82798,38.88415],[8.82721,38.88392],[8.82687,38.88401],[8.82702,38.88423],[8.82672,38.88418],[8.82714,38.88486],[8.82661,38.8848],[8.82704,38.88496],[8.82668,38.88509],[8.82735,38.88552],[8.82685,38.88615],[8.82715,38.88594],[8.82703,38.88625],[8.82736,38.88654],[8.82721,38.88672],[8.8267,38.88661],[8.82714,38.887],[8.82661,38.88724],[8.82802,38.88772],[8.82795,38.88838],[8.82939,38.88868],[8.82936,38.88921],[8.82793,38.88933],[8.82763,38.88979],[8.82787,38.8902],[8.82758,38.89031],[8.82772,38.89054],[8.82716,38.89081],[8.82627,38.89084],[8.8259,38.89051],[8.82539,38.89052],[8.82515,38.89026],[8.82532,38.88986],[8.82411,38.88934],[8.82452,38.8897],[8.82305,38.89012],[8.82263,38.89055],[8.82148,38.89032],[8.82086,38.89053],[8.8204,38.8911],[8.82122,38.89191],[8.82192,38.89187],[8.82228,38.89243],[8.82197,38.89314],[8.82032,38.89362],[8.81967,38.89458],[8.81912,38.89448],[8.81666,38.89517],[8.81328,38.89454],[8.81177,38.89509],[8.81077,38.89518],[8.80933,38.89412],[8.80938,38.89321],[8.80869,38.89191],[8.80803,38.89172],[8.80747,38.89191],[8.8075,38.89286],[8.80683,38.89302],[8.80609,38.89367],[8.80648,38.89515],[8.80616,38.89586],[8.80691,38.89648],[8.80671,38.8978],[8.80702,38.8985],[8.80687,38.89903],[8.80596,38.89965],[8.8056,38.90173],[8.80611,38.90312],[8.80563,38.90274],[8.80553,38.90295],[8.80545,38.9026],[8.80541,38.9029],[8.80533,38.90254],[8.80501,38.90261],[8.80526,38.9029],[8.80487,38.9028],[8.80498,38.90316],[8.80532,38.90302],[8.80539,38.90304],[8.80501,38.90324],[8.80522,38.90324],[8.80503,38.90403],[8.80427,38.90449],[8.80432,38.90428],[8.80415,38.90447],[8.80394,38.90451],[8.80405,38.90429],[8.80324,38.90485],[8.80335,38.90461],[8.80315,38.90466],[8.80374,38.90398],[8.80379,38.90156],[8.80329,38.90113],[8.80165,38.90088],[8.80226,38.90017],[8.80265,38.89873],[8.80197,38.89856],[8.80145,38.89808],[8.79968,38.89757],[8.79941,38.89694],[8.79977,38.89624],[8.79883,38.89491],[8.79884,38.89328],[8.79927,38.89264],[8.79971,38.89238],[8.80075,38.89274],[8.8008,38.89163],[8.80184,38.8915],[8.80257,38.89077],[8.80159,38.88984],[8.80106,38.88992],[8.8007,38.88953],[8.80099,38.88902],[8.80159,38.88882],[8.80185,38.88834],[8.80225,38.88817],[8.80154,38.88815],[8.80152,38.88749],[8.80195,38.88713],[8.80143,38.88661],[8.80248,38.88608],[8.80271,38.88569],[8.80252,38.88552],[8.80276,38.88535],[8.80236,38.88551],[8.8026,38.88524],[8.80241,38.88512],[8.80328,38.88459],[8.80258,38.88436],[8.80245,38.88408],[8.8016,38.88395],[8.80156,38.88417],[8.80099,38.88437],[8.80059,38.88414],[8.80001,38.88575],[8.79879,38.8859],[8.79911,38.88702],[8.79886,38.88731],[8.79933,38.88785],[8.79884,38.88796],[8.79892,38.88847],[8.79861,38.88839],[8.79872,38.8889],[8.79801,38.88897],[8.79775,38.88847],[8.79697,38.88823],[8.79704,38.8884],[8.79633,38.88887],[8.79658,38.88914],[8.7973,38.88923],[8.79683,38.88944],[8.79734,38.88957],[8.79696,38.88979],[8.79739,38.8898],[8.79738,38.8902],[8.79816,38.89106],[8.79749,38.89085],[8.79751,38.89122],[8.79682,38.89072],[8.79662,38.89121],[8.79691,38.89218],[8.79663,38.89225],[8.79641,38.89185],[8.7961,38.89184],[8.7962,38.89287],[8.79595,38.89321],[8.79549,38.89322],[8.79449,38.8924],[8.79434,38.89316],[8.79392,38.89372],[8.79433,38.89483],[8.79342,38.89511],[8.79231,38.89468],[8.79158,38.89583],[8.7908,38.89575],[8.79011,38.89607],[8.78994,38.89591],[8.78988,38.89635],[8.78927,38.89614],[8.78937,38.89592],[8.78898,38.89561],[8.78851,38.89635],[8.78828,38.89618],[8.78759,38.89636],[8.78719,38.89704],[8.78685,38.89685],[8.787,38.89766],[8.78646,38.89831],[8.7855,38.8979],[8.78551,38.89827],[8.78528,38.89822],[8.7852,38.89866],[8.78489,38.89876],[8.78368,38.89828],[8.78323,38.89862],[8.7834,38.89831],[8.78329,38.89824],[8.78311,38.89868],[8.7832,38.89898],[8.78296,38.89917],[8.78321,38.8992],[8.78278,38.89949],[8.78325,38.89963],[8.78316,38.89991],[8.78153,38.90065],[8.78159,38.90134],[8.78206,38.90163],[8.78112,38.90271],[8.78114,38.90252],[8.78068,38.90305],[8.78061,38.90285],[8.78017,38.90299],[8.77918,38.90373],[8.77814,38.90413],[8.77735,38.90385],[8.77694,38.9045],[8.77707,38.90472],[8.77755,38.90498],[8.77814,38.90474],[8.77909,38.90527],[8.77896,38.90556],[8.7783,38.90573],[8.7782,38.90634],[8.77878,38.90656],[8.77923,38.90637],[8.77965,38.9067],[8.77963,38.90697],[8.77908,38.9073],[8.77892,38.90716],[8.77819,38.90761],[8.77792,38.90752],[8.7777,38.90816],[8.77805,38.90842],[8.77774,38.90838],[8.77782,38.90869],[8.77906,38.90897],[8.77968,38.90955],[8.78054,38.90972],[8.78074,38.91063],[8.78139,38.91068],[8.7818,38.91157],[8.78172,38.91185],[8.78135,38.91187],[8.78148,38.91209],[8.78096,38.91263],[8.78048,38.91278],[8.78007,38.91245],[8.78052,38.91295],[8.78026,38.91319],[8.77936,38.91275],[8.77971,38.91306],[8.77958,38.91319],[8.77881,38.91251],[8.77866,38.91283],[8.7784,38.91261],[8.77831,38.91294],[8.77795,38.91277],[8.77822,38.91301],[8.77788,38.913],[8.77776,38.91336],[8.77837,38.91397],[8.77773,38.91451],[8.77679,38.91495],[8.77677,38.91476],[8.77619,38.91571],[8.77488,38.91545],[8.77499,38.91486],[8.77473,38.91486],[8.77487,38.91458],[8.77462,38.91462],[8.77463,38.9143],[8.77426,38.91447],[8.7742,38.91425],[8.77391,38.91461],[8.77338,38.91443],[8.77247,38.91468],[8.77142,38.91425],[8.77123,38.91497],[8.77071,38.9155],[8.76984,38.91556],[8.7696,38.91533],[8.76925,38.91572],[8.76802,38.91608],[8.76609,38.91582],[8.76479,38.91632],[8.76462,38.91618],[8.76461,38.91649],[8.76373,38.91651],[8.76364,38.91688],[8.76301,38.91711],[8.76138,38.91677],[8.76103,38.91696],[8.76133,38.91744],[8.76115,38.91771],[8.7603,38.91813],[8.75951,38.91798],[8.75933,38.91876],[8.75891,38.91936],[8.75855,38.91936],[8.75871,38.91952],[8.75835,38.91985],[8.7578,38.91988],[8.75768,38.91957],[8.75729,38.91976],[8.75758,38.91991],[8.75733,38.9201],[8.75547,38.92022],[8.75543,38.92069],[8.75379,38.9211],[8.75336,38.92171],[8.75106,38.92215],[8.7508,38.92291],[8.74965,38.92345],[8.74933,38.9232],[8.74897,38.92383],[8.7482,38.92363],[8.74787,38.92422],[8.74715,38.92441],[8.74652,38.92525],[8.74299,38.92646],[8.74195,38.92665],[8.74128,38.92638],[8.74056,38.92651],[8.73961,38.92745],[8.73928,38.92746],[8.73916,38.92782],[8.73808,38.92828],[8.73727,38.92815],[8.73566,38.9294],[8.73463,38.92966],[8.73458,38.92995],[8.73398,38.9301],[8.73386,38.93037],[8.73263,38.93053],[8.7321,38.93095],[8.73115,38.93093],[8.73087,38.93172],[8.72997,38.93233],[8.72972,38.933],[8.72801,38.93448],[8.72712,38.93581],[8.72562,38.93657],[8.72478,38.93731],[8.72373,38.9377],[8.72062,38.9377],[8.72065,38.93727],[8.72011,38.93646],[8.72071,38.93603],[8.72167,38.93431],[8.72327,38.93292],[8.72303,38.93242],[8.72355,38.93173],[8.72316,38.93163],[8.72345,38.93154],[8.72316,38.9314],[8.72229,38.93142],[8.72257,38.93153],[8.72234,38.93158],[8.72157,38.93124],[8.72055,38.93136],[8.71912,38.93039],[8.71911,38.9301],[8.71851,38.93002],[8.71836,38.92971],[8.71793,38.92959],[8.71761,38.92893],[8.71642,38.92842],[8.71626,38.92732],[8.71646,38.92668],[8.71774,38.92602],[8.71991,38.92634],[8.72116,38.92736],[8.72141,38.92725],[8.7199,38.92611],[8.71738,38.92558],[8.71726,38.92523],[8.71753,38.92485],[8.71736,38.92452],[8.71774,38.92442],[8.7175,38.92426],[8.71778,38.92399],[8.71763,38.92365],[8.718,38.92284],[8.71692,38.92321],[8.71683,38.92353],[8.71506,38.92489],[8.71376,38.92502],[8.71346,38.92465],[8.71285,38.92487],[8.71194,38.92463],[8.71043,38.92373],[8.70922,38.92225],[8.70992,38.92105],[8.71012,38.92055],[8.70989,38.92028],[8.71017,38.92003],[8.70937,38.92018],[8.70912,38.92002],[8.70945,38.91994],[8.70914,38.9198],[8.70892,38.92003],[8.70889,38.91982],[8.70842,38.91999],[8.70818,38.91946],[8.70709,38.91923],[8.70713,38.91943],[8.70672,38.91959],[8.70689,38.91974],[8.70635,38.91985],[8.70665,38.92087],[8.7064,38.92116],[8.70575,38.92129],[8.70479,38.92032],[8.70363,38.92081],[8.70366,38.92017],[8.70343,38.92042],[8.70335,38.92018],[8.70356,38.91963],[8.70328,38.91926],[8.70203,38.9186],[8.70047,38.91822],[8.70056,38.91782],[8.7017,38.9174],[8.70196,38.91697],[8.70166,38.91646],[8.70121,38.91674],[8.70128,38.91642],[8.70092,38.91611],[8.69986,38.91605],[8.69936,38.91664],[8.69924,38.9165],[8.6992,38.91693],[8.69858,38.91692],[8.69803,38.91771],[8.69747,38.91765],[8.69677,38.91831],[8.69579,38.91867],[8.69472,38.91892],[8.69372,38.91871],[8.69178,38.91742],[8.69116,38.91661],[8.69061,38.9164],[8.68999,38.9167],[8.68936,38.91638],[8.68909,38.91605],[8.68929,38.91584],[8.6886,38.91537],[8.68876,38.91506],[8.68844,38.91477],[8.68916,38.91442],[8.68772,38.91482],[8.68755,38.91465],[8.68754,38.91489],[8.6868,38.91459],[8.68639,38.91415],[8.68671,38.91365],[8.6864,38.91301],[8.68657,38.91277],[8.68589,38.91227],[8.68534,38.91223],[8.68539,38.91196],[8.68443,38.91221],[8.6838,38.91142],[8.68403,38.91108],[8.6828,38.91078],[8.68215,38.90967],[8.68162,38.9096],[8.68119,38.90923],[8.68033,38.9091],[8.67951,38.9095],[8.67919,38.90902],[8.67888,38.90912],[8.67823,38.90879],[8.67737,38.90916],[8.67744,38.9088],[8.67683,38.90848],[8.67634,38.90865],[8.67516,38.90847],[8.67478,38.90862],[8.67471,38.90894],[8.67428,38.90905],[8.67398,38.90883],[8.67389,38.90904],[8.6736,38.9088],[8.6732,38.90895],[8.67278,38.90832],[8.673,38.90832],[8.67201,38.908],[8.67155,38.90818],[8.6712,38.90874],[8.67022,38.90894],[8.66888,38.90999],[8.6666,38.91298],[8.66498,38.91291],[8.66403,38.91239],[8.66518,38.91029],[8.66386,38.90865],[8.66382,38.90796],[8.66568,38.90679],[8.66718,38.90633],[8.66807,38.90573],[8.66777,38.90553],[8.66787,38.9049],[8.66734,38.90473],[8.66775,38.90445],[8.66758,38.90421],[8.66784,38.90427],[8.6673,38.90388],[8.66844,38.90354],[8.66854,38.90303],[8.66827,38.90255],[8.66886,38.90233],[8.66897,38.90206],[8.66828,38.9014],[8.66812,38.90082],[8.66894,38.90075],[8.66892,38.90051],[8.67049,38.89946],[8.67077,38.89852],[8.67047,38.8977],[8.67063,38.8974],[8.66871,38.89554],[8.66751,38.89486],[8.66658,38.89475],[8.66647,38.89446],[8.666,38.89449],[8.66552,38.89406],[8.66489,38.89393],[8.66336,38.89489],[8.66221,38.89491],[8.66211,38.89532],[8.66179,38.89548],[8.66029,38.89466],[8.65932,38.89478],[8.65839,38.89576],[8.65815,38.89744],[8.65726,38.89819],[8.65544,38.89825],[8.65442,38.89802],[8.6527,38.89729],[8.65165,38.89648],[8.65143,38.89598],[8.65098,38.89593],[8.65082,38.89558],[8.6496,38.89494],[8.6495,38.89459],[8.64989,38.89426],[8.64945,38.89417],[8.64919,38.89363],[8.65027,38.89217],[8.6509,38.89195],[8.64826,38.89039],[8.64831,38.88993],[8.64881,38.88968],[8.64824,38.88896],[8.6483,38.88722],[8.64907,38.88582],[8.65222,38.8861],[8.65255,38.88565],[8.65234,38.88396],[8.65356,38.88301],[8.65531,38.88286],[8.65766,38.88363],[8.65918,38.8826],[8.6593,38.88225],[8.65859,38.88188],[8.65762,38.88214],[8.657,38.88192],[8.65704,38.88165],[8.65837,38.88079],[8.65818,38.88031],[8.65839,38.88017],[8.65804,38.87989],[8.65704,38.88018],[8.65663,38.87989],[8.65658,38.87914],[8.65727,38.87851],[8.65724,38.87814],[8.65683,38.8778],[8.65603,38.87791],[8.6554,38.87725],[8.65624,38.87678],[8.6561,38.87612],[8.65681,38.87556],[8.65712,38.87494],[8.65694,38.87406],[8.65621,38.87399],[8.65668,38.87353],[8.65664,38.87287],[8.65714,38.87256],[8.65681,38.87162],[8.65705,38.87102],[8.65673,38.87088],[8.65692,38.87065],[8.6588,38.87038],[8.6594,38.8692],[8.65827,38.8693],[8.65695,38.86873],[8.65614,38.86876],[8.65508,38.86811],[8.65459,38.86845],[8.65241,38.86823],[8.65225,38.86799],[8.65167,38.86817],[8.65115,38.86734],[8.65052,38.86705],[8.64979,38.86713],[8.64911,38.86802],[8.64809,38.86762],[8.64681,38.86784],[8.64688,38.86722],[8.64584,38.86767],[8.64569,38.86746],[8.64517,38.8682],[8.64421,38.86835],[8.64389,38.86769],[8.64406,38.86684],[8.64438,38.86589],[8.64552,38.86445],[8.6455,38.86406],[8.64351,38.86419],[8.64207,38.8649],[8.64145,38.86462],[8.64099,38.86492],[8.64004,38.8649],[8.63905,38.86556],[8.63931,38.86586],[8.63914,38.86607],[8.63821,38.86606],[8.63823,38.86646],[8.6379,38.86685],[8.63657,38.86737],[8.63659,38.86808],[8.63701,38.86879],[8.63818,38.8693],[8.63894,38.86914],[8.63897,38.86959],[8.63934,38.86988],[8.64205,38.87014],[8.64231,38.87067],[8.643,38.87104],[8.64289,38.87165],[8.64428,38.87193],[8.64449,38.8723],[8.64621,38.87297],[8.6486,38.87515],[8.64862,38.87561],[8.64834,38.87568],[8.64859,38.87628],[8.6481,38.87656],[8.64586,38.87616],[8.64502,38.87641],[8.64484,38.87672],[8.64368,38.87689],[8.64325,38.87753],[8.64292,38.87731],[8.6423,38.87748],[8.6422,38.87798],[8.64255,38.87813],[8.64232,38.87846],[8.6425,38.87872],[8.64192,38.87885],[8.6417,38.87935],[8.641,38.87962],[8.64062,38.88019],[8.64115,38.88125],[8.64079,38.88161],[8.64186,38.88237],[8.64166,38.8824],[8.64181,38.88263],[8.64133,38.88257],[8.64087,38.88293],[8.64302,38.88479],[8.64268,38.8851],[8.64322,38.88602],[8.64294,38.88614],[8.64348,38.88634],[8.64347,38.88661],[8.64378,38.88658],[8.64411,38.88702],[8.64445,38.88699],[8.64418,38.88711],[8.64441,38.8874],[8.64406,38.88797],[8.64498,38.88823],[8.64518,38.88898],[8.64547,38.8891],[8.64526,38.88944],[8.64603,38.89028],[8.64594,38.89052],[8.64783,38.89205],[8.64765,38.89306],[8.64645,38.89431],[8.64345,38.89557],[8.64247,38.89565],[8.64123,38.89526],[8.64098,38.89484],[8.64024,38.89503],[8.63996,38.89567],[8.63949,38.89587],[8.63592,38.89599],[8.63355,38.89487],[8.63228,38.89537],[8.63155,38.89527],[8.6299,38.89402],[8.62934,38.89413],[8.62807,38.89306],[8.62737,38.89346],[8.627,38.89333],[8.62717,38.89291],[8.62666,38.89341],[8.62659,38.89308],[8.62625,38.89305],[8.62635,38.89286],[8.62554,38.89262],[8.62509,38.89331],[8.62469,38.89325],[8.62385,38.89231],[8.62402,38.89206],[8.62353,38.89221],[8.62316,38.89157],[8.62249,38.89151],[8.62276,38.89101],[8.62164,38.89106],[8.62185,38.89061],[8.62143,38.89037],[8.62129,38.8907],[8.62073,38.89046],[8.62022,38.89079],[8.61939,38.89074],[8.61932,38.89112],[8.61829,38.89174],[8.61756,38.89132],[8.61716,38.89155],[8.61692,38.8912],[8.61667,38.89133],[8.61566,38.89083],[8.61555,38.89049],[8.61422,38.89052],[8.61358,38.89173],[8.61298,38.89191],[8.61276,38.89131],[8.61162,38.89141],[8.61134,38.89178],[8.61137,38.89147],[8.61053,38.89169],[8.61027,38.8915],[8.61038,38.89116],[8.60984,38.89135],[8.60984,38.89115],[8.6089,38.89196],[8.60854,38.89185],[8.60869,38.89167],[8.60789,38.89211],[8.60814,38.89185],[8.60796,38.89182],[8.60671,38.89292],[8.6074,38.89275],[8.60729,38.89315],[8.60775,38.89324],[8.60759,38.89355],[8.60799,38.89352],[8.6079,38.89397],[8.60827,38.89411],[8.60818,38.89464],[8.60862,38.89463],[8.60899,38.89513],[8.60782,38.89638],[8.60661,38.89653],[8.60584,38.89709],[8.60675,38.89699],[8.6066,38.89753],[8.60691,38.89742],[8.60747,38.89774],[8.60687,38.89828],[8.60737,38.89815],[8.60675,38.8987],[8.60688,38.89955],[8.60608,38.90039],[8.60625,38.90131],[8.60677,38.9014],[8.608,38.90086],[8.60753,38.90126],[8.60754,38.90155],[8.60823,38.90176],[8.60734,38.9022],[8.60648,38.9032],[8.60717,38.9032],[8.60693,38.90359],[8.60728,38.90383],[8.60697,38.90458],[8.60722,38.90448],[8.60716,38.90475],[8.6079,38.90459],[8.60681,38.90561],[8.60744,38.90548],[8.60753,38.9062],[8.60805,38.90611],[8.60912,38.90648],[8.60931,38.90712],[8.6095,38.90692],[8.60971,38.90708],[8.60963,38.90745],[8.61015,38.90736],[8.61111,38.90824],[8.61121,38.9089],[8.61039,38.90969],[8.61067,38.90984],[8.61103,38.90948],[8.61169,38.90967],[8.61149,38.91022],[8.61176,38.91045],[8.61133,38.91077],[8.6117,38.91073],[8.61163,38.91102],[8.61195,38.91108],[8.61234,38.91091],[8.61284,38.91125],[8.61269,38.91146],[8.61303,38.9115],[8.61272,38.91188],[8.61337,38.91264],[8.61289,38.91315],[8.61367,38.91299],[8.61317,38.91334],[8.61331,38.91365],[8.61402,38.9135],[8.61366,38.91386],[8.61482,38.91401],[8.61439,38.91476],[8.61486,38.91516],[8.61581,38.91537],[8.61779,38.91538],[8.61931,38.91646],[8.61953,38.9163],[8.61977,38.91662],[8.62064,38.9166],[8.62079,38.91692],[8.62042,38.91743],[8.62107,38.91771],[8.62167,38.91944],[8.62164,38.91975],[8.62105,38.91995],[8.61986,38.92134],[8.61883,38.92165],[8.61912,38.92165],[8.61879,38.92193],[8.61913,38.92187],[8.61884,38.92237],[8.61948,38.92228],[8.61912,38.92257],[8.61942,38.92252],[8.61925,38.92268],[8.61956,38.92281],[8.61888,38.9232],[8.61935,38.92314],[8.61879,38.92359],[8.61926,38.92356],[8.61901,38.92373],[8.61924,38.92375],[8.61918,38.92395],[8.61992,38.92416],[8.62019,38.92491],[8.61999,38.92541],[8.61911,38.92611],[8.61822,38.92615],[8.61817,38.92661],[8.61852,38.92646],[8.61865,38.92687],[8.61794,38.92776],[8.61815,38.92814],[8.61915,38.92874],[8.61948,38.92909],[8.61931,38.92929],[8.61981,38.92944],[8.62012,38.92996],[8.62031,38.93124],[8.62048,38.93119],[8.62071,38.9317],[8.6204,38.93213],[8.62094,38.93186],[8.62267,38.93269],[8.6227,38.93328],[8.62248,38.93348],[8.62273,38.93358],[8.62263,38.93434],[8.62223,38.93446],[8.62247,38.93478],[8.62201,38.93543],[8.62355,38.93734],[8.62292,38.93935],[8.62208,38.94021],[8.62246,38.9406],[8.62229,38.94092],[8.62252,38.9411],[8.62212,38.9423],[8.61885,38.94901],[8.61461,38.95551],[8.61121,38.95906],[8.60988,38.96026],[8.60802,38.96139],[8.604,38.96295],[8.60256,38.96299],[8.60209,38.96234],[8.60184,38.96235],[8.60227,38.96193],[8.6016,38.96204],[8.60141,38.96269],[8.60106,38.96289],[8.59704,38.96214],[8.5959,38.96142],[8.59657,38.9604],[8.59573,38.96132],[8.59534,38.96116],[8.59659,38.95871],[8.59631,38.95868],[8.59608,38.95788],[8.5955,38.95721],[8.59538,38.95737],[8.59493,38.95654],[8.59412,38.95707],[8.59402,38.95777],[8.59349,38.9576],[8.59315,38.95771],[8.59334,38.95785],[8.59312,38.95801],[8.59263,38.95809],[8.59172,38.95778],[8.59151,38.95719],[8.59127,38.95737],[8.59094,38.95712],[8.59054,38.9572],[8.59036,38.95683],[8.58994,38.95711],[8.58903,38.95683],[8.58828,38.95644],[8.58843,38.95603],[8.58825,38.95563],[8.58798,38.95592],[8.58779,38.95563],[8.58706,38.95545],[8.58677,38.9557],[8.58656,38.9568],[8.58649,38.95647],[8.58592,38.95711],[8.58611,38.95753],[8.58579,38.9576],[8.58535,38.95825],[8.58487,38.95975],[8.58557,38.96109],[8.58529,38.96124],[8.58537,38.96143],[8.58623,38.96157],[8.58713,38.96234],[8.58871,38.96258],[8.58875,38.96321],[8.5892,38.96376],[8.58913,38.96418],[8.58815,38.96492],[8.58772,38.96496],[8.58771,38.96577],[8.58713,38.96678],[8.58473,38.96905],[8.58403,38.97016],[8.58411,38.97037],[8.5838,38.97032],[8.58394,38.97056],[8.58218,38.97153],[8.58097,38.97135],[8.58124,38.97323],[8.5809,38.97354],[8.58076,38.97335],[8.58068,38.97358],[8.58006,38.97361],[8.57876,38.97477],[8.57831,38.97461],[8.57825,38.97504],[8.57791,38.97476],[8.57762,38.97483],[8.5774,38.97546],[8.57642,38.97584],[8.57652,38.97616],[8.57537,38.97632],[8.57515,38.97685],[8.57484,38.97671],[8.57494,38.97708],[8.5739,38.9773],[8.57351,38.97788],[8.57355,38.97846],[8.57289,38.97861],[8.57301,38.97932],[8.57363,38.98],[8.575,38.98048],[8.576,38.98022],[8.57663,38.98052],[8.57673,38.98091],[8.57603,38.98155],[8.57611,38.98235],[8.57674,38.98238],[8.57677,38.98284],[8.57634,38.98306],[8.57542,38.98291],[8.57573,38.9843],[8.57501,38.98477],[8.57385,38.98475],[8.57356,38.98444],[8.57343,38.98482],[8.57304,38.98479],[8.5722,38.98434],[8.57196,38.98444],[8.57197,38.98488],[8.57151,38.98499],[8.57153,38.98568],[8.57195,38.9863],[8.57172,38.98656],[8.5719,38.98717],[8.57167,38.98742],[8.57191,38.98795],[8.57165,38.98806],[8.57204,38.98847],[8.57167,38.98862],[8.5718,38.98916],[8.57156,38.98912],[8.57223,38.98936],[8.57211,38.98949],[8.57253,38.9901],[8.57246,38.99056],[8.57154,38.99172],[8.57053,38.99232],[8.56941,38.99233],[8.56867,38.99269],[8.56821,38.9932],[8.56843,38.99341],[8.5682,38.99388],[8.56787,38.99401],[8.56779,38.9944],[8.56727,38.99447],[8.56747,38.99473],[8.5669,38.99518],[8.56695,38.99547],[8.56623,38.99659],[8.56632,38.99685],[8.566,38.99705],[8.56633,38.99733],[8.56588,38.99785],[8.56566,38.99859],[8.56582,38.99887],[8.56495,38.99971],[8.56518,39.00086],[8.56483,39.00115],[8.56584,39.00316],[8.56514,39.00412],[8.56578,39.00481],[8.56574,39.00522],[8.56619,39.0058],[8.5666,39.00906],[8.56659,39.00952],[8.56638,39.00957],[8.56673,39.01023],[8.56677,39.01106],[8.56653,39.01205],[8.57019,39.0138],[8.57106,39.0147],[8.57226,39.01447],[8.57402,39.01585],[8.57515,39.01749],[8.57592,39.01977],[8.57647,39.02308],[8.57581,39.02594],[8.57532,39.03057],[8.57488,39.03205],[8.57291,39.03548]]],[[[8.24579,39.12481],[8.25069,39.12668],[8.25094,39.12755],[8.25153,39.12803],[8.25138,39.1282],[8.25213,39.12874],[8.25184,39.12939],[8.25138,39.12932],[8.2513,39.12983],[8.25078,39.12988],[8.25148,39.13036],[8.25122,39.13094],[8.25009,39.13117],[8.24973,39.13089],[8.24947,39.13106],[8.24949,39.1316],[8.25024,39.13182],[8.25007,39.13312],[8.24937,39.13398],[8.24768,39.13441],[8.24635,39.13591],[8.24506,39.13621],[8.24451,39.13661],[8.24413,39.1365],[8.24427,39.13672],[8.24373,39.13747],[8.24302,39.13765],[8.24251,39.13833],[8.24209,39.13822],[8.24223,39.13852],[8.24183,39.13867],[8.24139,39.13827],[8.24158,39.13934],[8.24103,39.13939],[8.24093,39.13918],[8.24084,39.13941],[8.2402,39.13929],[8.23998,39.13946],[8.23997,39.1391],[8.23974,39.13958],[8.23994,39.13977],[8.23969,39.13967],[8.23953,39.13984],[8.24004,39.14012],[8.24006,39.14049],[8.23945,39.14147],[8.23862,39.14159],[8.2383,39.14129],[8.23841,39.14163],[8.23762,39.14163],[8.23767,39.14197],[8.23716,39.14239],[8.23642,39.14262],[8.23639,39.14236],[8.23613,39.14279],[8.23499,39.14316],[8.23384,39.14329],[8.23264,39.14285],[8.23173,39.14227],[8.23104,39.14126],[8.22951,39.14226],[8.22914,39.14206],[8.22876,39.14238],[8.22551,39.14138],[8.22563,39.14115],[8.22529,39.1409],[8.22504,39.14113],[8.2248,39.1406],[8.22396,39.14074],[8.22399,39.14118],[8.22384,39.14104],[8.22366,39.14123],[8.22389,39.14138],[8.22385,39.14177],[8.22349,39.14216],[8.22387,39.14213],[8.2233,39.14252],[8.22382,39.14237],[8.22385,39.14261],[8.22332,39.14281],[8.22383,39.14306],[8.22384,39.14333],[8.22323,39.14423],[8.22263,39.14437],[8.22269,39.14464],[8.22175,39.14528],[8.22122,39.14519],[8.221,39.14552],[8.22056,39.14551],[8.2202,39.14594],[8.22031,39.14632],[8.21985,39.14652],[8.21983,39.14696],[8.21948,39.14717],[8.21982,39.14709],[8.21942,39.14753],[8.21962,39.14784],[8.22023,39.14805],[8.22062,39.14763],[8.22087,39.14773],[8.22108,39.14717],[8.22153,39.14725],[8.2219,39.14756],[8.22181,39.14782],[8.22223,39.14777],[8.22201,39.14803],[8.22246,39.14807],[8.22227,39.14841],[8.22257,39.14838],[8.22206,39.14915],[8.22243,39.14918],[8.22207,39.14987],[8.22344,39.14938],[8.22204,39.15045],[8.22174,39.15108],[8.22191,39.15172],[8.2221,39.15151],[8.22234,39.15188],[8.22323,39.15231],[8.2231,39.15263],[8.22363,39.15222],[8.22486,39.15307],[8.22455,39.15341],[8.22507,39.15436],[8.22484,39.15462],[8.22527,39.1548],[8.2253,39.15509],[8.22471,39.15608],[8.22482,39.15631],[8.22396,39.15698],[8.22476,39.15679],[8.22454,39.15714],[8.22498,39.15713],[8.2249,39.15733],[8.22638,39.15731],[8.22714,39.15695],[8.22752,39.15636],[8.22775,39.15644],[8.22702,39.15846],[8.22574,39.15919],[8.22486,39.15927],[8.22369,39.16012],[8.22374,39.16038],[8.22503,39.16019],[8.22506,39.16043],[8.22631,39.16012],[8.22658,39.16053],[8.22597,39.16166],[8.22639,39.16154],[8.22677,39.1619],[8.22738,39.16189],[8.22836,39.16262],[8.22927,39.16258],[8.22982,39.16299],[8.23024,39.16344],[8.22999,39.16373],[8.23036,39.16459],[8.22984,39.1651],[8.22968,39.16557],[8.22984,39.16563],[8.2307,39.16553],[8.23156,39.1658],[8.23201,39.16527],[8.23249,39.16548],[8.23297,39.16488],[8.23345,39.16515],[8.23334,39.16546],[8.23403,39.16495],[8.23512,39.16547],[8.23466,39.16622],[8.23608,39.16548],[8.23622,39.16649],[8.2373,39.16602],[8.23744,39.16659],[8.23709,39.16683],[8.23762,39.16682],[8.23895,39.16622],[8.23875,39.16551],[8.23917,39.16556],[8.23966,39.16499],[8.24214,39.16515],[8.24213,39.16431],[8.24146,39.1636],[8.24159,39.16343],[8.2429,39.16466],[8.24366,39.16576],[8.2451,39.16653],[8.24496,39.16739],[8.24453,39.16762],[8.24455,39.16816],[8.24521,39.168],[8.24539,39.16768],[8.24676,39.16741],[8.24697,39.16768],[8.24672,39.16868],[8.2477,39.16943],[8.24786,39.16987],[8.24866,39.16968],[8.24879,39.17007],[8.24925,39.17033],[8.25113,39.17063],[8.25214,39.17027],[8.25228,39.17049],[8.2528,39.17042],[8.25309,39.16999],[8.25498,39.16897],[8.25618,39.16905],[8.25615,39.16924],[8.25681,39.16964],[8.25653,39.17016],[8.25759,39.17033],[8.25774,39.17085],[8.25852,39.17074],[8.25859,39.17104],[8.25952,39.17099],[8.25973,39.17187],[8.26027,39.17177],[8.26033,39.17212],[8.26065,39.17218],[8.26036,39.17264],[8.26114,39.17244],[8.26119,39.17283],[8.26173,39.17293],[8.26142,39.17337],[8.26223,39.17293],[8.26284,39.17307],[8.26289,39.17359],[8.26325,39.17364],[8.26265,39.17406],[8.26345,39.17406],[8.26385,39.17457],[8.26382,39.17516],[8.26459,39.17475],[8.26464,39.17537],[8.26516,39.17533],[8.26488,39.17623],[8.26629,39.1761],[8.26611,39.17646],[8.26637,39.17642],[8.26632,39.17665],[8.26516,39.17773],[8.26721,39.17757],[8.26698,39.17788],[8.26754,39.17831],[8.26676,39.17869],[8.26751,39.17869],[8.26768,39.17913],[8.26655,39.18002],[8.2672,39.1803],[8.26671,39.18089],[8.26706,39.1812],[8.26679,39.18143],[8.26786,39.18138],[8.26751,39.1817],[8.26948,39.18107],[8.26954,39.18148],[8.27139,39.17998],[8.27202,39.17978],[8.27203,39.18027],[8.27296,39.18009],[8.27373,39.17919],[8.27435,39.17925],[8.27471,39.17894],[8.27527,39.17926],[8.27599,39.17885],[8.27712,39.17894],[8.27792,39.17849],[8.2782,39.1789],[8.27901,39.17904],[8.27913,39.17933],[8.28066,39.17804],[8.27999,39.17923],[8.28012,39.1796],[8.28202,39.18023],[8.28187,39.18071],[8.28271,39.18132],[8.28314,39.18126],[8.2839,39.1819],[8.28449,39.18179],[8.28472,39.18143],[8.28522,39.18192],[8.28588,39.18142],[8.28597,39.18176],[8.28626,39.18154],[8.28683,39.18171],[8.2869,39.18194],[8.28753,39.18182],[8.28739,39.18214],[8.28786,39.18202],[8.28803,39.18244],[8.2885,39.18187],[8.28863,39.1821],[8.2889,39.18192],[8.28939,39.18036],[8.28982,39.18013],[8.29203,39.1801],[8.29234,39.17982],[8.29289,39.17993],[8.29302,39.18019],[8.29362,39.17963],[8.29601,39.17922],[8.29744,39.18036],[8.29812,39.18197],[8.29846,39.18188],[8.29841,39.18239],[8.29907,39.18226],[8.30044,39.18282],[8.30041,39.18238],[8.30063,39.18237],[8.30032,39.18205],[8.30035,39.18118],[8.30098,39.18071],[8.30073,39.18133],[8.30102,39.18215],[8.302,39.18299],[8.30272,39.18271],[8.30297,39.18399],[8.304,39.18453],[8.30446,39.18579],[8.30494,39.18614],[8.30467,39.18638],[8.30504,39.1868],[8.30547,39.18693],[8.30556,39.18661],[8.30584,39.18689],[8.30619,39.18675],[8.30601,39.18714],[8.30644,39.18736],[8.30674,39.18715],[8.30708,39.18733],[8.30701,39.18712],[8.30735,39.187],[8.30858,39.18745],[8.30897,39.18714],[8.30913,39.1873],[8.30894,39.1875],[8.30918,39.1874],[8.3091,39.18761],[8.30957,39.18769],[8.30996,39.18644],[8.30965,39.18608],[8.3097,39.18653],[8.30941,39.18616],[8.30876,39.18628],[8.30903,39.18562],[8.30882,39.18478],[8.30899,39.18421],[8.30859,39.18429],[8.30844,39.18367],[8.30876,39.18346],[8.30846,39.18328],[8.30872,39.18278],[8.30866,39.18213],[8.30797,39.18071],[8.30825,39.18007],[8.30823,39.17812],[8.30752,39.17576],[8.3079,39.17449],[8.30797,39.17168],[8.30855,39.17106],[8.30851,39.17009],[8.30878,39.16945],[8.30894,39.16802],[8.30863,39.16693],[8.30869,39.16607],[8.30811,39.16519],[8.30652,39.16382],[8.30653,39.16176],[8.30601,39.16088],[8.30603,39.16016],[8.30729,39.15787],[8.30731,39.1565],[8.30784,39.15536],[8.30909,39.15432],[8.31039,39.15382],[8.31121,39.15077],[8.31086,39.15033],[8.312,39.14822],[8.31181,39.14817],[8.31073,39.14982],[8.31072,39.14954],[8.31021,39.14943],[8.30951,39.14864],[8.30983,39.14817],[8.30973,39.14796],[8.31119,39.14752],[8.31139,39.14765],[8.31145,39.14741],[8.31189,39.14728],[8.31197,39.14794],[8.31219,39.1472],[8.31685,39.14577],[8.31657,39.14561],[8.30928,39.14791],[8.30786,39.14551],[8.309,39.14521],[8.30892,39.14493],[8.30771,39.14505],[8.3076,39.14452],[8.3085,39.14427],[8.30753,39.14416],[8.30746,39.14368],[8.30799,39.14366],[8.30745,39.14346],[8.30776,39.14241],[8.30896,39.14275],[8.30783,39.14227],[8.3088,39.1413],[8.30923,39.1414],[8.30876,39.14115],[8.30926,39.14131],[8.30909,39.14113],[8.30946,39.14053],[8.31123,39.13953],[8.31246,39.13939],[8.31278,39.13968],[8.31352,39.13972],[8.31519,39.141],[8.31603,39.14236],[8.31528,39.14094],[8.31368,39.1397],[8.31372,39.13819],[8.31339,39.13796],[8.31317,39.13698],[8.31353,39.13641],[8.31338,39.1358],[8.31239,39.13579],[8.31111,39.13446],[8.30965,39.13356],[8.30869,39.13238],[8.30776,39.13055],[8.30787,39.1292],[8.3094,39.1266],[8.30938,39.12414],[8.30965,39.12292],[8.3093,39.12279],[8.30884,39.12142],[8.30886,39.11879],[8.30968,39.11807],[8.31043,39.11685],[8.31048,39.11635],[8.31028,39.11598],[8.30946,39.11571],[8.30894,39.11459],[8.30935,39.11432],[8.3092,39.11398],[8.30951,39.11354],[8.31025,39.11321],[8.31016,39.11236],[8.30963,39.11092],[8.30876,39.11018],[8.30885,39.10888],[8.30777,39.10774],[8.30788,39.10736],[8.3074,39.10747],[8.3077,39.10717],[8.30748,39.10681],[8.30867,39.10593],[8.30853,39.1049],[8.30837,39.10463],[8.30787,39.10473],[8.30757,39.10439],[8.30743,39.10458],[8.30705,39.10421],[8.30641,39.10411],[8.30622,39.10324],[8.30655,39.10241],[8.30599,39.10125],[8.30602,39.10076],[8.30578,39.10076],[8.30603,39.10026],[8.30589,39.10002],[8.30498,39.10173],[8.30404,39.10171],[8.3039,39.10196],[8.30322,39.10191],[8.30212,39.1012],[8.30158,39.10011],[8.30104,39.10023],[8.30091,39.10052],[8.3008,39.10032],[8.29983,39.10102],[8.29847,39.10062],[8.29838,39.10022],[8.29778,39.10028],[8.29699,39.09921],[8.29705,39.09845],[8.29668,39.09807],[8.29776,39.09637],[8.29767,39.09576],[8.29723,39.09592],[8.29709,39.09519],[8.29666,39.09559],[8.2965,39.09542],[8.29637,39.09592],[8.2961,39.09572],[8.29576,39.09618],[8.29482,39.09588],[8.29451,39.09546],[8.2952,39.09474],[8.29466,39.09476],[8.29485,39.09416],[8.29437,39.09398],[8.2947,39.09379],[8.29427,39.09387],[8.2941,39.09345],[8.29328,39.09349],[8.29339,39.09374],[8.29196,39.09377],[8.28964,39.09568],[8.28862,39.09564],[8.28855,39.09596],[8.28593,39.09699],[8.28518,39.09684],[8.28443,39.0963],[8.284,39.09648],[8.28345,39.09621],[8.28327,39.0964],[8.2825,39.0962],[8.28228,39.09641],[8.28181,39.09619],[8.28036,39.09632],[8.27975,39.0958],[8.27915,39.09579],[8.27886,39.0947],[8.27784,39.09406],[8.27717,39.09426],[8.27713,39.09474],[8.27689,39.09453],[8.27687,39.09514],[8.27658,39.09494],[8.27589,39.095],[8.27572,39.09461],[8.27552,39.09477],[8.27565,39.09525],[8.2754,39.0954],[8.27512,39.09517],[8.27493,39.09429],[8.27455,39.09418],[8.27405,39.09527],[8.27396,39.09489],[8.27349,39.09484],[8.27319,39.09537],[8.27355,39.09552],[8.27261,39.0957],[8.27303,39.09608],[8.27266,39.0962],[8.27341,39.09705],[8.27308,39.09728],[8.27344,39.09761],[8.27365,39.09838],[8.27332,39.09927],[8.27355,39.09949],[8.27322,39.09992],[8.27192,39.1],[8.27028,39.09956],[8.26871,39.09947],[8.2679,39.09883],[8.26764,39.09907],[8.26721,39.09878],[8.26696,39.09958],[8.26731,39.10003],[8.2669,39.10137],[8.26586,39.10144],[8.2652,39.10107],[8.26468,39.10127],[8.26454,39.10109],[8.26392,39.10148],[8.2637,39.10093],[8.26292,39.10172],[8.26318,39.10183],[8.2629,39.10196],[8.26274,39.10313],[8.26242,39.10342],[8.26169,39.10286],[8.26177,39.10315],[8.26128,39.10328],[8.26107,39.10277],[8.26101,39.10312],[8.2608,39.10285],[8.26026,39.10293],[8.25996,39.10335],[8.2579,39.1039],[8.25568,39.10409],[8.25506,39.10377],[8.25427,39.1039],[8.2543,39.10409],[8.25401,39.10413],[8.25417,39.10436],[8.25373,39.10445],[8.25409,39.10467],[8.25324,39.10508],[8.25381,39.10574],[8.25344,39.10619],[8.25239,39.1066],[8.25164,39.10653],[8.25157,39.10684],[8.25102,39.10698],[8.25015,39.10681],[8.24987,39.10698],[8.24991,39.10733],[8.24888,39.10811],[8.24909,39.10824],[8.24869,39.10837],[8.24871,39.1086],[8.24791,39.10842],[8.24786,39.10867],[8.24747,39.1086],[8.24738,39.11003],[8.24763,39.11017],[8.24708,39.11081],[8.24733,39.11078],[8.24751,39.11111],[8.24813,39.11112],[8.24987,39.11212],[8.25019,39.11285],[8.2511,39.11375],[8.25323,39.11538],[8.25488,39.1151],[8.25534,39.11475],[8.25557,39.11479],[8.25553,39.11513],[8.25606,39.11507],[8.25589,39.11572],[8.2569,39.11572],[8.2571,39.11682],[8.25581,39.11917],[8.2551,39.11994],[8.25417,39.12015],[8.25131,39.1196],[8.25073,39.12014],[8.24998,39.1204],[8.2492,39.12116],[8.24904,39.1217],[8.24874,39.12161],[8.24866,39.12199],[8.24659,39.12266],[8.24593,39.12253],[8.24509,39.12282],[8.2454,39.12308],[8.24495,39.12319],[8.24535,39.12394],[8.2451,39.12396],[8.24542,39.12421],[8.24522,39.12425],[8.24605,39.12455],[8.24579,39.12481]]],[[[8.32251,39.19055],[8.32223,39.19017],[8.32261,39.1897],[8.32225,39.18996],[8.32077,39.18928],[8.32047,39.18891],[8.32,39.189],[8.31914,39.18957],[8.31886,39.18947],[8.31838,39.1902],[8.31714,39.18994],[8.31743,39.19176],[8.31715,39.19215],[8.31897,39.19322],[8.31903,39.1934],[8.31876,39.19329],[8.31871,39.19348],[8.31898,39.19365],[8.31873,39.19368],[8.31915,39.19387],[8.31887,39.19439],[8.31998,39.19536],[8.32011,39.19492],[8.32082,39.19454],[8.32119,39.19361],[8.32159,39.19369],[8.32184,39.19336],[8.32208,39.19353],[8.32241,39.19292],[8.32283,39.19305],[8.32279,39.19267],[8.32245,39.19244],[8.32391,39.19206],[8.32459,39.19151],[8.32496,39.19187],[8.3251,39.19128],[8.32475,39.19067],[8.32496,39.19002],[8.32418,39.18938],[8.32478,39.19008],[8.32442,39.19104],[8.32353,39.19066],[8.32353,39.19017],[8.32419,39.19005],[8.32332,39.1901],[8.32343,39.19093],[8.32322,39.19089],[8.32326,39.19065],[8.32251,39.19055]]],[[[8.4085,38.8591],[8.40772,38.86069],[8.40821,38.86204],[8.40826,38.86319],[8.4091,38.86338],[8.41077,38.86304],[8.41209,38.86208],[8.41236,38.86127],[8.4118,38.86022],[8.41075,38.8596],[8.4085,38.8591]]],[[[8.71534,38.91233],[8.71461,38.91303],[8.71444,38.91349],[8.71459,38.91369],[8.71425,38.91393],[8.71501,38.91459],[8.71509,38.91491],[8.71477,38.91521],[8.71535,38.91601],[8.71797,38.91631],[8.71911,38.91565],[8.71927,38.91525],[8.71878,38.91522],[8.71844,38.91465],[8.71762,38.91513],[8.71782,38.91458],[8.71759,38.91422],[8.71724,38.91432],[8.7175,38.91386],[8.71703,38.91285],[8.71621,38.91218],[8.71554,38.91284],[8.71534,38.91233]]],[[[8.4496,38.93438],[8.44805,38.935],[8.44797,38.93568],[8.44958,38.93949],[8.45017,38.93868],[8.45059,38.93851],[8.45119,38.9373],[8.45111,38.93661],[8.45146,38.9363],[8.44998,38.93447],[8.4496,38.93438]]],[[[8.81222,38.88957],[8.81183,38.88968],[8.81204,38.88981],[8.81181,38.88991],[8.81233,38.89039],[8.81239,38.89232],[8.81294,38.89287],[8.81363,38.89306],[8.8143,38.89234],[8.81411,38.89233],[8.81376,38.89078],[8.81311,38.8907],[8.81347,38.89031],[8.81329,38.88986],[8.81259,38.88996],[8.81222,38.88957]]],[[[8.31852,39.18554],[8.31769,39.18639],[8.31792,39.18667],[8.31875,39.18654],[8.31986,39.18549],[8.31952,39.18513],[8.31831,39.18525],[8.31852,39.18554]]],[[[8.35645,39.22724],[8.35696,39.22645],[8.35697,39.22597],[8.35617,39.226],[8.35589,39.22631],[8.35607,39.22653],[8.35588,39.22701],[8.35645,39.22724]]],[[[8.82736,38.88139],[8.82663,38.88167],[8.82629,38.88153],[8.82622,38.88192],[8.82734,38.88217],[8.82807,38.8817],[8.82736,38.88139]]],[[[8.24263,39.16707],[8.24343,39.16659],[8.2426,39.16606],[8.24158,39.1665],[8.2422,39.16649],[8.2421,39.16675],[8.24262,39.16682],[8.24263,39.16707]]],[[[8.7659,38.91413],[8.76497,38.91405],[8.76517,38.91434],[8.76491,38.91451],[8.76587,38.91499],[8.76605,38.91475],[8.7659,38.91413]]],[[[8.41193,39.16022],[8.41151,39.16036],[8.41057,39.16141],[8.41112,39.16099],[8.41228,39.16105],[8.41177,39.16074],[8.41193,39.16022]]],[[[8.86526,38.88156],[8.86479,38.88174],[8.86471,38.88257],[8.86537,38.88224],[8.86526,38.88156]]],[[[8.82463,38.881],[8.82485,38.88126],[8.82445,38.88118],[8.82507,38.88157],[8.82498,38.88186],[8.82554,38.88153],[8.82552,38.88113],[8.82463,38.881]]],[[[8.36823,39.19989],[8.36874,39.19987],[8.36891,39.20012],[8.36949,39.20017],[8.36946,39.19959],[8.36916,39.19942],[8.36823,39.19989]]],[[[8.60585,38.89623],[8.60556,38.89643],[8.60546,38.89701],[8.60661,38.89639],[8.60597,38.89655],[8.60585,38.89623]]],[[[8.26234,39.1753],[8.26211,39.1757],[8.26249,39.17584],[8.26325,39.17484],[8.26234,39.1753]]],[[[8.35576,39.22775],[8.35591,39.22725],[8.35547,39.22736],[8.35511,39.2279],[8.35576,39.22775]]],[[[8.20806,39.14749],[8.20807,39.147],[8.2077,39.14699],[8.20741,39.14757],[8.20806,39.14749]]],[[[8.8556,38.87591],[8.85514,38.87649],[8.85617,38.87649],[8.8557,38.87623],[8.8556,38.87591]]],[[[8.45012,38.94102],[8.45003,38.94145],[8.45062,38.94189],[8.45047,38.94124],[8.45012,38.94102]]],[[[8.86433,38.88182],[8.86409,38.88222],[8.8644,38.88273],[8.86455,38.88207],[8.86433,38.88182]]],[[[8.22409,39.13948],[8.22408,39.1392],[8.2236,39.13912],[8.22344,39.13974],[8.22409,39.13948]]],[[[8.7074,38.91878],[8.70709,38.91911],[8.70762,38.9193],[8.70764,38.91888],[8.7074,38.91878]]],[[[8.34883,39.07571],[8.34851,39.07594],[8.34919,39.07612],[8.34948,39.07588],[8.34919,39.07599],[8.34883,39.07571]]],[[[8.21787,39.14633],[8.21859,39.14589],[8.21773,39.14625],[8.21787,39.14633]]],[[[8.34585,39.0762],[8.34537,39.07636],[8.34503,39.0768],[8.34562,39.07656],[8.34585,39.0762]]],[[[8.83521,38.8762],[8.83478,38.87615],[8.83438,38.8761],[8.83515,38.87648],[8.83521,38.8762]]],[[[8.22002,39.14577],[8.21985,39.14564],[8.21952,39.14605],[8.21986,39.14614],[8.22002,39.14577]]],[[[8.85024,38.87673],[8.84999,38.87699],[8.85054,38.87712],[8.85059,38.87679],[8.85024,38.87673]]],[[[8.8113,38.88854],[8.81107,38.88879],[8.81073,38.88881],[8.81147,38.88897],[8.8113,38.88854]]],[[[8.24467,39.16878],[8.24482,39.16827],[8.24448,39.1685],[8.24467,39.16878]]],[[[8.82868,38.88099],[8.82845,38.88111],[8.82851,38.88137],[8.82893,38.88131],[8.82868,38.88099]]],[[[8.64009,38.87959],[8.63938,38.87977],[8.64021,38.87976],[8.64009,38.87959]]],[[[8.85795,38.87685],[8.85711,38.8768],[8.85799,38.87689],[8.85795,38.87685]]],[[[8.31996,39.19602],[8.31968,39.19593],[8.31944,39.19634],[8.31988,39.19623],[8.31996,39.19602]]],[[[8.82708,38.88105],[8.82757,38.88143],[8.82791,38.88131],[8.82764,38.88129],[8.82708,38.88105]]],[[[8.28278,39.09445],[8.28256,39.09524],[8.28292,39.09442],[8.28278,39.09445]]],[[[8.83488,38.87686],[8.835,38.87721],[8.83536,38.87716],[8.83529,38.87703],[8.83488,38.87686]]],[[[8.35534,39.22804],[8.35515,39.22818],[8.35525,39.2285],[8.35543,39.22843],[8.35534,39.22804]]],[[[8.36857,39.20049],[8.3686,39.20013],[8.36841,39.20038],[8.36857,39.20049]]],[[[8.40979,39.16261],[8.4094,39.16264],[8.40977,39.16279],[8.40979,39.16261]]],[[[8.37199,39.01808],[8.37171,39.01805],[8.37147,39.01841],[8.37199,39.01808]]],[[[8.26623,39.18116],[8.26639,39.18123],[8.26668,39.18102],[8.26641,39.18097],[8.26623,39.18116]]],[[[8.60733,38.905],[8.607,38.90498],[8.60682,38.90519],[8.60733,38.905]]],[[[8.83356,38.87891],[8.83346,38.87922],[8.83377,38.87926],[8.83373,38.87913],[8.83356,38.87891]]],[[[8.61818,38.92604],[8.61792,38.92603],[8.61779,38.92622],[8.61818,38.92604]]],[[[8.22627,39.16203],[8.22603,39.16232],[8.22652,39.16219],[8.22627,39.16203]]],[[[8.89119,38.89848],[8.89088,38.89869],[8.89087,38.89883],[8.89119,38.89869],[8.89119,38.89848]]],[[[8.25123,39.12962],[8.25085,39.12955],[8.25061,39.12965],[8.25123,39.12962]]],[[[8.38057,39.00706],[8.37999,39.00698],[8.37998,39.00706],[8.38057,39.00706]]],[[[8.37968,39.0071],[8.37924,39.00729],[8.37921,39.00742],[8.37933,39.00747],[8.37968,39.0071]]],[[[8.61402,38.91506],[8.61392,38.91526],[8.61394,38.91535],[8.61427,38.91519],[8.61402,38.91506]]],[[[8.45005,38.94043],[8.44983,38.94034],[8.44986,38.94069],[8.45005,38.94043]]],[[[8.61647,38.92745],[8.61618,38.92749],[8.61611,38.9276],[8.61646,38.92764],[8.61647,38.92745]]],[[[8.619,38.92555],[8.61871,38.92577],[8.61865,38.92593],[8.61887,38.92588],[8.619,38.92555]]],[[[8.82812,38.88141],[8.82789,38.88153],[8.82823,38.88153],[8.82812,38.88141]]],[[[8.60508,38.89609],[8.60488,38.89621],[8.60491,38.89633],[8.60528,38.8963],[8.60508,38.89609]]],[[[8.82677,38.88578],[8.82653,38.8858],[8.82643,38.88587],[8.82672,38.88601],[8.82677,38.88578]]]]}},{"type":"Feature","properties":{"nome":"Campidano di Oristano","limiti_indicativi":true,"fonte":"GeoNue/Nordai — Esercitazione 3, regioni_storiciche"},"geometry":{"type":"MultiPolygon","coordinates":[[[[8.71182,40.02114],[8.71258,40.02137],[8.71387,40.02087],[8.71486,40.02003],[8.71658,40.01787],[8.71992,40.0176],[8.72729,40.0142],[8.72812,40.01345],[8.73554,40.0118],[8.74236,40.01287],[8.74458,40.01446],[8.74882,40.0165],[8.75242,40.01711],[8.75949,40.01728],[8.75977,40.01647],[8.75973,40.0154],[8.75916,40.015],[8.75829,40.01509],[8.75718,40.01389],[8.75626,40.01385],[8.75426,40.01449],[8.75297,40.01448],[8.75159,40.01325],[8.75136,40.01156],[8.75067,40.01057],[8.74846,40.0104],[8.7472,40.01104],[8.74652,40.01086],[8.74401,40.01113],[8.73828,40.00824],[8.73779,40.0068],[8.73643,40.00532],[8.73616,40.00403],[8.73644,40.00268],[8.7359,40.00167],[8.73662,39.99982],[8.73722,39.99914],[8.73666,39.99897],[8.73856,39.99808],[8.73892,39.99758],[8.73881,39.99726],[8.73952,39.99647],[8.73917,39.99552],[8.74049,39.99504],[8.74058,39.99457],[8.74104,39.9944],[8.74225,39.99312],[8.74266,39.9932],[8.74278,39.99284],[8.74261,39.99218],[8.74123,39.99081],[8.7413,39.99003],[8.74188,39.98956],[8.74174,39.98933],[8.74205,39.98873],[8.74184,39.98829],[8.7433,39.9874],[8.74202,39.98274],[8.74076,39.98022],[8.73765,39.97759],[8.73732,39.97655],[8.7384,39.9724],[8.74096,39.96822],[8.74179,39.96771],[8.74355,39.9674],[8.74973,39.96813],[8.75054,39.96888],[8.75165,39.96924],[8.75215,39.97065],[8.75267,39.97114],[8.75285,39.97207],[8.75435,39.97253],[8.75557,39.97249],[8.75672,39.97299],[8.75717,39.97289],[8.75756,39.97331],[8.75769,39.97403],[8.75887,39.9742],[8.75911,39.97455],[8.75865,39.97538],[8.75986,39.97631],[8.76027,39.97738],[8.75988,39.97799],[8.76087,39.97888],[8.76248,39.979],[8.76389,39.9796],[8.76477,39.98011],[8.76521,39.98086],[8.76589,39.98104],[8.7659,39.98131],[8.76876,39.98112],[8.76929,39.98156],[8.76972,39.98312],[8.77125,39.98455],[8.77142,39.98598],[8.7718,39.98645],[8.77377,39.98743],[8.77576,39.98802],[8.77697,39.98807],[8.7776,39.98736],[8.77972,39.9889],[8.78063,39.98876],[8.78124,39.98912],[8.78284,39.98873],[8.78394,39.98611],[8.78546,39.98125],[8.78667,39.98002],[8.78748,39.97805],[8.78881,39.97616],[8.78888,39.97549],[8.78936,39.97484],[8.78908,39.97278],[8.78875,39.97205],[8.78861,39.96949],[8.78877,39.96798],[8.79034,39.96616],[8.7902,39.96409],[8.79491,39.96194],[8.79941,39.95606],[8.80071,39.95503],[8.80225,39.9546],[8.8025,39.95378],[8.80427,39.95175],[8.80554,39.95083],[8.81288,39.94215],[8.8202,39.93916],[8.82212,39.93791],[8.82242,39.93501],[8.82433,39.93261],[8.82705,39.92998],[8.83651,39.92345],[8.84057,39.91707],[8.84242,39.91467],[8.84218,39.91008],[8.8436,39.90541],[8.84272,39.90164],[8.84458,39.90015],[8.84624,39.89983],[8.84647,39.89931],[8.84308,39.89939],[8.84092,39.89288],[8.83865,39.88148],[8.83991,39.8763],[8.83447,39.85876],[8.82705,39.8569],[8.81191,39.85258],[8.80585,39.84718],[8.79305,39.84655],[8.78921,39.84361],[8.78788,39.84311],[8.78628,39.84305],[8.78575,39.8426],[8.78523,39.84189],[8.78556,39.84093],[8.78494,39.83785],[8.7846,39.8378],[8.78411,39.83462],[8.77309,39.83522],[8.76124,39.83396],[8.7593,39.83344],[8.75526,39.82711],[8.7558,39.82144],[8.74609,39.80681],[8.74421,39.80201],[8.74125,39.79845],[8.7421,39.79729],[8.74051,39.79328],[8.74272,39.78933],[8.74138,39.78617],[8.7394,39.78486],[8.73757,39.78467],[8.73982,39.78106],[8.73868,39.78],[8.73429,39.7792],[8.73267,39.78023],[8.72997,39.77983],[8.72843,39.77828],[8.72617,39.77804],[8.72314,39.77614],[8.71789,39.77627],[8.71186,39.77365],[8.70905,39.77399],[8.7061,39.77351],[8.70412,39.77417],[8.69817,39.7724],[8.6979,39.77054],[8.69424,39.7683],[8.69228,39.76567],[8.69359,39.76409],[8.69012,39.76206],[8.69085,39.75824],[8.69051,39.75625],[8.69126,39.75464],[8.69079,39.75286],[8.69117,39.75062],[8.68978,39.74899],[8.68902,39.74636],[8.68907,39.74562],[8.68607,39.74248],[8.68014,39.74106],[8.67788,39.73932],[8.67396,39.73838],[8.67114,39.73655],[8.67019,39.73569],[8.66953,39.73372],[8.67009,39.7324],[8.66643,39.73056],[8.66697,39.73002],[8.66579,39.72951],[8.66623,39.72912],[8.66569,39.72854],[8.66049,39.72489],[8.6598,39.72411],[8.65862,39.72217],[8.65967,39.72169],[8.65981,39.72122],[8.65984,39.72094],[8.65899,39.71971],[8.66182,39.71749],[8.66159,39.71691],[8.66024,39.7157],[8.65976,39.71576],[8.65922,39.7153],[8.65969,39.71458],[8.65915,39.71393],[8.66001,39.71313],[8.65968,39.71303],[8.66019,39.71116],[8.65719,39.70788],[8.65736,39.70766],[8.65584,39.70623],[8.65594,39.70437],[8.65157,39.69901],[8.64709,39.69583],[8.64503,39.6953],[8.64371,39.69612],[8.64012,39.69478],[8.63966,39.69523],[8.63815,39.69464],[8.63753,39.69509],[8.63636,39.69378],[8.63344,39.69429],[8.6313,39.69268],[8.63016,39.69348],[8.62936,39.69248],[8.62759,39.69324],[8.6263,39.69136],[8.62509,39.69105],[8.62378,39.69202],[8.62367,39.6916],[8.62184,39.69138],[8.6207,39.69236],[8.61882,39.69227],[8.61765,39.69128],[8.61629,39.69147],[8.61414,39.68975],[8.60829,39.69023],[8.60644,39.68999],[8.60457,39.68919],[8.60319,39.68983],[8.60324,39.69087],[8.60242,39.69119],[8.60017,39.691],[8.59933,39.69121],[8.59819,39.69022],[8.59716,39.68985],[8.59244,39.69063],[8.59263,39.69088],[8.5887,39.69155],[8.58522,39.68977],[8.58352,39.68955],[8.58104,39.687],[8.577,39.68763],[8.57439,39.68549],[8.57183,39.68484],[8.56889,39.68738],[8.5656,39.68949],[8.56302,39.69164],[8.56047,39.69222],[8.55916,39.69281],[8.56009,39.69268],[8.56039,39.69313],[8.55684,39.69431],[8.55642,39.69473],[8.55477,39.69533],[8.55536,39.69602],[8.55648,39.69546],[8.55852,39.69526],[8.55886,39.69544],[8.55832,39.69679],[8.55971,39.7004],[8.55999,39.70266],[8.5595,39.70371],[8.55839,39.70394],[8.55727,39.70359],[8.55616,39.70371],[8.55598,39.70294],[8.55506,39.70237],[8.55541,39.70332],[8.55437,39.7039],[8.555,39.70458],[8.55546,39.70604],[8.55616,39.70645],[8.55611,39.70722],[8.55548,39.70778],[8.55272,39.70904],[8.55151,39.70922],[8.55098,39.70914],[8.55093,39.70893],[8.54798,39.71006],[8.54636,39.71035],[8.54318,39.7101],[8.54192,39.70953],[8.53953,39.70774],[8.53919,39.70735],[8.53978,39.707],[8.53913,39.70731],[8.53882,39.70701],[8.53942,39.70668],[8.53892,39.7069],[8.53849,39.70659],[8.53606,39.70355],[8.53501,39.70275],[8.53473,39.70214],[8.53501,39.70206],[8.53438,39.70183],[8.53396,39.70218],[8.53458,39.70223],[8.53485,39.70289],[8.53585,39.70348],[8.53653,39.70435],[8.53505,39.70392],[8.53346,39.70387],[8.53134,39.70501],[8.52958,39.70979],[8.5289,39.71051],[8.52585,39.71718],[8.52472,39.71884],[8.52144,39.72115],[8.52004,39.7211],[8.51883,39.72138],[8.51146,39.7201],[8.50671,39.71984],[8.50453,39.72126],[8.50602,39.72286],[8.50767,39.72196],[8.50806,39.72417],[8.50796,39.72532],[8.50676,39.72609],[8.5051,39.72646],[8.5048,39.7276],[8.50397,39.72875],[8.50501,39.72965],[8.5077,39.73083],[8.50939,39.73205],[8.51014,39.73227],[8.51022,39.73275],[8.51883,39.74257],[8.51945,39.74353],[8.51947,39.74421],[8.52067,39.74519],[8.52114,39.74612],[8.52197,39.74611],[8.52227,39.74713],[8.52321,39.74768],[8.52476,39.74927],[8.52478,39.74958],[8.53003,39.75567],[8.53462,39.76242],[8.53945,39.76784],[8.54232,39.77267],[8.54234,39.77348],[8.54076,39.77424],[8.5389,39.77346],[8.53353,39.76915],[8.53329,39.76928],[8.53333,39.7691],[8.53364,39.76916],[8.53173,39.76689],[8.53042,39.76468],[8.52845,39.76299],[8.5256,39.7615],[8.52322,39.75989],[8.52097,39.75775],[8.52125,39.75743],[8.52038,39.75749],[8.51931,39.75657],[8.51869,39.75642],[8.51811,39.7552],[8.51728,39.75451],[8.51741,39.75401],[8.51693,39.75407],[8.5164,39.75358],[8.51642,39.75298],[8.51605,39.75225],[8.51448,39.75267],[8.51375,39.75211],[8.51369,39.75172],[8.51224,39.75191],[8.51027,39.75313],[8.50912,39.75325],[8.5096,39.75375],[8.51032,39.75387],[8.51241,39.75263],[8.51241,39.75292],[8.51359,39.75376],[8.51491,39.75624],[8.52025,39.75976],[8.52203,39.7614],[8.52291,39.76264],[8.52476,39.76393],[8.53098,39.7696],[8.53138,39.77066],[8.53113,39.77111],[8.53069,39.7711],[8.53105,39.7715],[8.53074,39.77183],[8.5299,39.7711],[8.5303,39.77176],[8.53111,39.77202],[8.53224,39.77149],[8.53305,39.77207],[8.53408,39.77359],[8.53562,39.77716],[8.5369,39.7789],[8.54103,39.78617],[8.54172,39.78802],[8.54341,39.7907],[8.54477,39.79344],[8.54646,39.80053],[8.54725,39.80288],[8.54804,39.8087],[8.54886,39.81257],[8.55035,39.81853],[8.55188,39.82331],[8.55213,39.82656],[8.55206,39.82683],[8.5512,39.82693],[8.55101,39.82889],[8.55064,39.82971],[8.55109,39.82894],[8.55125,39.82728],[8.55151,39.82718],[8.55243,39.82706],[8.55313,39.82824],[8.55293,39.82839],[8.55307,39.82872],[8.55342,39.8287],[8.55342,39.82915],[8.5529,39.82928],[8.55279,39.82991],[8.55156,39.82986],[8.55278,39.82995],[8.55422,39.83398],[8.55479,39.83761],[8.55481,39.84039],[8.55559,39.84811],[8.55546,39.85161],[8.55347,39.85906],[8.55255,39.86086],[8.54526,39.86009],[8.53698,39.86546],[8.53735,39.86557],[8.54536,39.86034],[8.55276,39.86113],[8.55243,39.8622],[8.55288,39.86225],[8.55295,39.8619],[8.55614,39.86225],[8.56173,39.85964],[8.56484,39.85981],[8.56558,39.86006],[8.56514,39.86312],[8.57052,39.86384],[8.57079,39.86404],[8.57051,39.86401],[8.5702,39.86554],[8.56408,39.86485],[8.56311,39.86493],[8.56209,39.8646],[8.55219,39.8635],[8.55034,39.8672],[8.54712,39.86603],[8.54673,39.86663],[8.54297,39.86524],[8.54294,39.86547],[8.54424,39.8661],[8.54002,39.86881],[8.53976,39.86975],[8.54564,39.87615],[8.54414,39.87843],[8.54205,39.88031],[8.53957,39.87939],[8.5422,39.88058],[8.54178,39.88107],[8.53928,39.88001],[8.54152,39.88131],[8.53996,39.8842],[8.54004,39.88453],[8.54059,39.88472],[8.5405,39.88522],[8.54019,39.88525],[8.53966,39.88594],[8.53987,39.88693],[8.53974,39.88791],[8.53917,39.88957],[8.53822,39.891],[8.53506,39.89433],[8.53379,39.89341],[8.53358,39.89367],[8.53503,39.89436],[8.52863,39.8999],[8.52495,39.90211],[8.51608,39.90583],[8.50986,39.90757],[8.50662,39.90788],[8.50203,39.90704],[8.49638,39.90644],[8.49352,39.90579],[8.4927,39.90426],[8.49253,39.90431],[8.49281,39.90491],[8.49255,39.90498],[8.49265,39.9052],[8.49216,39.9051],[8.49188,39.90451],[8.4921,39.90512],[8.49162,39.90526],[8.49132,39.90467],[8.49156,39.90528],[8.49108,39.9054],[8.49031,39.90383],[8.49078,39.90368],[8.49112,39.90425],[8.49083,39.90367],[8.49133,39.90352],[8.49167,39.90408],[8.49138,39.90351],[8.49215,39.90328],[8.49253,39.90386],[8.49173,39.90224],[8.49213,39.90322],[8.49029,39.90376],[8.48956,39.90234],[8.49328,39.90125],[8.49467,39.90116],[8.49325,39.90121],[8.48934,39.9023],[8.48753,39.90136],[8.4892,39.90237],[8.48764,39.90428],[8.48701,39.90358],[8.48738,39.90421],[8.4862,39.9039],[8.48387,39.90377],[8.48261,39.90401],[8.48151,39.90472],[8.47929,39.90474],[8.47403,39.90365],[8.47208,39.90392],[8.47087,39.90368],[8.46994,39.90194],[8.47064,39.90167],[8.47058,39.90094],[8.46313,39.89691],[8.45978,39.89555],[8.45897,39.89495],[8.45852,39.89407],[8.45664,39.89278],[8.45603,39.89151],[8.45494,39.89103],[8.45031,39.88697],[8.44603,39.8843],[8.44352,39.88192],[8.44153,39.87907],[8.44216,39.87762],[8.44207,39.87631],[8.44255,39.87502],[8.44253,39.87424],[8.44218,39.87346],[8.44141,39.87291],[8.43988,39.87101],[8.44014,39.86986],[8.43964,39.86774],[8.44044,39.86603],[8.44033,39.86518],[8.43856,39.86357],[8.43795,39.86089],[8.4373,39.86067],[8.43672,39.85996],[8.43714,39.8591],[8.4365,39.85842],[8.43519,39.85828],[8.4346,39.85864],[8.434,39.85952],[8.43273,39.86024],[8.43206,39.86169],[8.43263,39.86498],[8.43398,39.86563],[8.43567,39.8657],[8.4362,39.86609],[8.43655,39.86693],[8.43802,39.86719],[8.43848,39.86845],[8.43894,39.87115],[8.43835,39.87212],[8.43696,39.87294],[8.43709,39.87381],[8.43792,39.87408],[8.43847,39.8748],[8.43868,39.87625],[8.43706,39.87907],[8.43625,39.88224],[8.43571,39.88309],[8.43509,39.88344],[8.43503,39.88405],[8.43402,39.88439],[8.43147,39.88825],[8.43082,39.88833],[8.4297,39.88901],[8.425,39.89331],[8.41986,39.89644],[8.41802,39.89664],[8.41735,39.89705],[8.41664,39.89699],[8.41572,39.89729],[8.41519,39.8979],[8.41336,39.89888],[8.41215,39.89988],[8.41142,39.90007],[8.41144,39.90052],[8.41082,39.90093],[8.40882,39.90116],[8.40812,39.90046],[8.40663,39.90003],[8.40457,39.89901],[8.40425,39.8986],[8.40308,39.89893],[8.40194,39.89854],[8.40107,39.89951],[8.40115,39.89982],[8.40063,39.89995],[8.39864,39.90411],[8.39912,39.90484],[8.39923,39.90552],[8.3988,39.90763],[8.39764,39.90851],[8.39698,39.90828],[8.39581,39.9091],[8.39627,39.90923],[8.39683,39.90898],[8.39698,39.90926],[8.39655,39.90987],[8.39752,39.90953],[8.39874,39.91023],[8.39945,39.91087],[8.40004,39.9124],[8.40034,39.91523],[8.39955,39.91701],[8.3993,39.91865],[8.39873,39.91986],[8.39993,39.92636],[8.39986,39.92775],[8.401,39.9301],[8.40167,39.93265],[8.40159,39.9334],[8.40065,39.93455],[8.40098,39.93531],[8.40084,39.9373],[8.40179,39.94011],[8.40179,39.94075],[8.40134,39.94138],[8.40191,39.94274],[8.40247,39.94289],[8.40286,39.9438],[8.40274,39.94458],[8.40171,39.94506],[8.40146,39.94573],[8.40187,39.94629],[8.40183,39.9477],[8.40068,39.94826],[8.40017,39.94896],[8.39971,39.949],[8.39993,39.94945],[8.40028,39.94934],[8.40059,39.94962],[8.40145,39.95191],[8.40129,39.95306],[8.40023,39.95391],[8.40042,39.95402],[8.40022,39.95442],[8.40116,39.95549],[8.40143,39.95676],[8.40116,39.95747],[8.40116,39.95888],[8.40063,39.95989],[8.40086,39.96206],[8.4,39.96373],[8.39979,39.96552],[8.39785,39.96988],[8.39714,39.97092],[8.39525,39.9724],[8.39286,39.97306],[8.39144,39.97557],[8.39196,39.97629],[8.39254,39.97804],[8.39272,39.97977],[8.39332,39.98025],[8.39384,39.97989],[8.3957,39.98058],[8.39612,39.98126],[8.39603,39.98159],[8.39845,39.98311],[8.39875,39.98391],[8.39842,39.98466],[8.39864,39.98572],[8.40086,39.98757],[8.40175,39.98903],[8.4018,39.9898],[8.40224,39.99044],[8.40409,39.99107],[8.40445,39.9921],[8.40477,39.9924],[8.40512,39.99234],[8.40506,39.99319],[8.40568,39.99365],[8.40508,39.99416],[8.40527,39.99487],[8.40638,39.99551],[8.40769,39.99535],[8.40819,39.99553],[8.40893,39.99638],[8.40978,39.99882],[8.41105,39.99943],[8.41131,40.00054],[8.41074,40.00146],[8.411,40.00191],[8.41086,40.00232],[8.41018,40.00294],[8.41022,40.00326],[8.41066,40.00346],[8.41015,40.00394],[8.40986,40.00498],[8.4104,40.00614],[8.41021,40.00705],[8.41059,40.0072],[8.41033,40.00791],[8.41081,40.00841],[8.41043,40.00897],[8.41051,40.01034],[8.41081,40.01081],[8.41156,40.01103],[8.41207,40.01081],[8.41226,40.01107],[8.41192,40.01149],[8.41271,40.01136],[8.41335,40.01206],[8.41408,40.0141],[8.41417,40.0168],[8.41388,40.01821],[8.41333,40.01857],[8.41357,40.01917],[8.41344,40.01959],[8.41256,40.02066],[8.41153,40.02122],[8.41052,40.02095],[8.40964,40.02137],[8.40964,40.02168],[8.40911,40.0218],[8.40805,40.02397],[8.40701,40.02461],[8.40744,40.02481],[8.40775,40.02566],[8.40749,40.02725],[8.40653,40.02918],[8.40444,40.03109],[8.40222,40.03227],[8.40029,40.03297],[8.3969,40.03283],[8.39531,40.03193],[8.39481,40.03129],[8.39447,40.03004],[8.39325,40.02942],[8.39184,40.02934],[8.39144,40.02997],[8.39058,40.03015],[8.38905,40.02955],[8.38854,40.02906],[8.38684,40.02879],[8.38628,40.02946],[8.38556,40.02938],[8.38528,40.02971],[8.38357,40.02994],[8.38192,40.02982],[8.38069,40.02924],[8.37939,40.02925],[8.3792,40.02902],[8.37912,40.02918],[8.37833,40.02896],[8.37816,40.02963],[8.37882,40.03025],[8.37906,40.03093],[8.37887,40.03141],[8.37842,40.03141],[8.37882,40.03237],[8.37775,40.03282],[8.3774,40.03365],[8.37763,40.03429],[8.3766,40.0352],[8.37646,40.03597],[8.37801,40.03577],[8.37856,40.03593],[8.37855,40.0364],[8.37819,40.03683],[8.37867,40.0374],[8.37815,40.03795],[8.37941,40.03922],[8.38055,40.03901],[8.38103,40.03974],[8.38326,40.04026],[8.3833,40.04082],[8.38445,40.04069],[8.38396,40.04156],[8.38405,40.04205],[8.3844,40.04221],[8.38369,40.04279],[8.38454,40.04264],[8.38485,40.04291],[8.38486,40.04338],[8.38538,40.04322],[8.3859,40.04339],[8.38601,40.04358],[8.38566,40.04411],[8.38607,40.04434],[8.3869,40.04428],[8.38803,40.04461],[8.38853,40.04438],[8.38991,40.04262],[8.39054,40.04223],[8.39241,40.04241],[8.3923,40.04316],[8.39323,40.04324],[8.39373,40.04365],[8.39366,40.04403],[8.39406,40.04405],[8.39439,40.04369],[8.3949,40.04442],[8.39613,40.0438],[8.39646,40.0439],[8.39747,40.04484],[8.39758,40.04556],[8.39892,40.04611],[8.39975,40.04713],[8.39972,40.0478],[8.39861,40.04848],[8.39882,40.0492],[8.39838,40.04999],[8.39853,40.05076],[8.39907,40.05073],[8.39895,40.05095],[8.39922,40.05131],[8.40227,40.05136],[8.40259,40.0518],[8.40296,40.05181],[8.40302,40.05128],[8.40366,40.05122],[8.40356,40.05001],[8.40474,40.04823],[8.40579,40.0475],[8.40635,40.04585],[8.40614,40.04492],[8.40642,40.0442],[8.40786,40.04286],[8.41022,40.04174],[8.41194,40.0413],[8.4162,40.04155],[8.42161,40.04263],[8.4261,40.04447],[8.42823,40.04666],[8.42833,40.04711],[8.42956,40.04767],[8.42994,40.04747],[8.43097,40.04783],[8.43137,40.04892],[8.43314,40.05011],[8.43419,40.05215],[8.43476,40.0516],[8.43608,40.05142],[8.43779,40.05229],[8.43881,40.05177],[8.43997,40.0516],[8.44039,40.05131],[8.44052,40.04982],[8.44146,40.04937],[8.44154,40.04856],[8.443,40.048],[8.44236,40.04901],[8.4426,40.04904],[8.44324,40.04869],[8.44363,40.04771],[8.44707,40.04892],[8.45223,40.05027],[8.45539,40.05168],[8.45832,40.05358],[8.46828,40.06123],[8.47581,40.05316],[8.48236,40.04877],[8.48509,40.04662],[8.48576,40.04582],[8.48882,40.04421],[8.49204,40.04164],[8.50462,40.03427],[8.50458,40.03383],[8.50669,40.03295],[8.50714,40.03219],[8.50875,40.03066],[8.51085,40.02936],[8.51236,40.02728],[8.51351,40.02621],[8.51793,40.02593],[8.52304,40.02506],[8.52948,40.02481],[8.53582,40.02517],[8.54588,40.02763],[8.5471,40.02765],[8.54931,40.02733],[8.55349,40.02487],[8.55777,40.02416],[8.56151,40.02394],[8.56422,40.0245],[8.56952,40.02683],[8.57469,40.0269],[8.57942,40.02823],[8.5854,40.02814],[8.58621,40.02681],[8.58685,40.02657],[8.58801,40.02724],[8.58824,40.02769],[8.58902,40.03298],[8.59305,40.03423],[8.59393,40.03611],[8.59537,40.03645],[8.59937,40.0364],[8.60193,40.03715],[8.60277,40.03768],[8.60271,40.03833],[8.60146,40.03972],[8.60435,40.04003],[8.60493,40.04046],[8.60524,40.04137],[8.60584,40.0419],[8.60584,40.04265],[8.60791,40.0432],[8.60843,40.04372],[8.60813,40.04656],[8.60774,40.04699],[8.60947,40.0492],[8.61042,40.05154],[8.61032,40.05227],[8.61086,40.05326],[8.61081,40.05414],[8.6112,40.05549],[8.61155,40.05497],[8.61204,40.05499],[8.61233,40.05525],[8.61287,40.05524],[8.61323,40.05584],[8.61417,40.05569],[8.61426,40.05608],[8.61502,40.05651],[8.61649,40.05598],[8.6165,40.05674],[8.61832,40.05763],[8.62178,40.05824],[8.62391,40.0591],[8.62411,40.05919],[8.62447,40.06052],[8.62552,40.06103],[8.62551,40.06163],[8.62595,40.06238],[8.62721,40.06237],[8.62829,40.06318],[8.62887,40.06302],[8.62939,40.06337],[8.62983,40.06466],[8.63095,40.06509],[8.63181,40.06495],[8.63298,40.06568],[8.63329,40.06566],[8.63338,40.06531],[8.63418,40.06533],[8.63355,40.06613],[8.63453,40.06689],[8.63719,40.06722],[8.63773,40.06657],[8.63871,40.06712],[8.63915,40.068],[8.63994,40.06782],[8.64072,40.06841],[8.64171,40.06809],[8.64235,40.06824],[8.64367,40.06917],[8.64479,40.06894],[8.64558,40.06948],[8.64592,40.07017],[8.64683,40.0706],[8.64687,40.07088],[8.64801,40.07121],[8.64797,40.07157],[8.64875,40.07157],[8.65024,40.0722],[8.65187,40.07113],[8.65369,40.07066],[8.65415,40.07095],[8.65463,40.07058],[8.6551,40.06998],[8.65501,40.06869],[8.6566,40.06684],[8.65656,40.0662],[8.65622,40.06596],[8.65639,40.06516],[8.65697,40.06467],[8.65772,40.06446],[8.65799,40.06507],[8.65792,40.06702],[8.65909,40.06807],[8.66025,40.06768],[8.6608,40.06693],[8.66211,40.06656],[8.6625,40.06584],[8.66361,40.06594],[8.66431,40.0656],[8.66437,40.06475],[8.66385,40.06404],[8.66406,40.06328],[8.66438,40.06311],[8.66602,40.0631],[8.66673,40.06343],[8.66689,40.06376],[8.66808,40.06368],[8.66873,40.06327],[8.672,40.06347],[8.67485,40.0647],[8.67532,40.06535],[8.67597,40.06531],[8.67632,40.06472],[8.67599,40.06423],[8.67639,40.06362],[8.67713,40.06337],[8.67784,40.06213],[8.67726,40.06075],[8.67589,40.05882],[8.67573,40.05816],[8.67604,40.0578],[8.6826,40.05661],[8.68308,40.05378],[8.6843,40.05292],[8.68574,40.05132],[8.68737,40.05043],[8.68898,40.05021],[8.68938,40.04954],[8.69092,40.04942],[8.69209,40.04865],[8.69271,40.04756],[8.69228,40.04714],[8.6925,40.04646],[8.69333,40.04497],[8.69571,40.04509],[8.69796,40.04406],[8.69955,40.04377],[8.69884,40.04169],[8.69908,40.04125],[8.69957,40.04104],[8.70121,40.04198],[8.70217,40.04225],[8.70246,40.04127],[8.70418,40.03921],[8.70496,40.03683],[8.70681,40.0358],[8.70752,40.03572],[8.70838,40.03407],[8.70991,40.03252],[8.70925,40.03146],[8.7078,40.03075],[8.70843,40.02832],[8.70811,40.02788],[8.70886,40.02753],[8.71015,40.02448],[8.71163,40.02288],[8.71115,40.0225],[8.71182,40.02114]]],[[[8.3005,39.99107],[8.30102,39.99193],[8.29975,39.99247],[8.30006,39.99357],[8.30127,39.99367],[8.30127,39.99398],[8.30187,39.99385],[8.30201,39.99453],[8.30313,39.99429],[8.30385,39.9947],[8.30516,39.99461],[8.30586,39.99398],[8.30656,39.9941],[8.30779,39.9937],[8.3087,39.99377],[8.30985,39.99458],[8.31035,39.9941],[8.31068,39.99422],[8.31067,39.99591],[8.31175,39.99678],[8.31354,39.99634],[8.31239,39.99505],[8.31194,39.99312],[8.31186,39.99169],[8.31221,39.99097],[8.31217,39.99037],[8.31102,39.98994],[8.3107,39.98906],[8.30899,39.9882],[8.3078,39.9883],[8.3073,39.98781],[8.30599,39.98768],[8.30537,39.98711],[8.30396,39.98697],[8.30349,39.98624],[8.30266,39.98602],[8.30191,39.98535],[8.30173,39.98443],[8.30229,39.98418],[8.30194,39.98371],[8.29923,39.98178],[8.2977,39.98141],[8.2971,39.98178],[8.29617,39.98181],[8.29642,39.98236],[8.29691,39.98234],[8.29659,39.98278],[8.29673,39.98294],[8.29915,39.98401],[8.29911,39.98423],[8.29848,39.98426],[8.29916,39.98449],[8.29904,39.9848],[8.30022,39.98497],[8.3,39.9853],[8.29906,39.98556],[8.30025,39.98629],[8.30117,39.98652],[8.30128,39.98685],[8.30059,39.9888],[8.30097,39.9893],[8.30113,39.9901],[8.301,39.99083],[8.3005,39.99107]]],[[[8.40364,40.05321],[8.40286,40.0536],[8.40318,40.05433],[8.40383,40.05423],[8.40436,40.05382],[8.40412,40.05324],[8.40364,40.05321]]],[[[8.39719,40.04576],[8.39628,40.04591],[8.39622,40.04645],[8.39651,40.0468],[8.39693,40.04669],[8.39712,40.04612],[8.39719,40.04576]]],[[[8.39828,40.04691],[8.39708,40.04662],[8.39778,40.0469],[8.39883,40.04783],[8.39828,40.04691]]],[[[8.3778,40.02979],[8.37775,40.03012],[8.3783,40.03019],[8.37799,40.02986],[8.3778,40.02979]]],[[[8.40311,40.05287],[8.40282,40.05292],[8.40274,40.05308],[8.4031,40.05315],[8.40311,40.05287]]],[[[8.37771,40.02879],[8.37743,40.02886],[8.37762,40.0291],[8.37788,40.02902],[8.37771,40.02879]]],[[[8.39889,40.04807],[8.39846,40.0481],[8.39894,40.04823],[8.39889,40.04807]]],[[[8.40367,40.05482],[8.40358,40.055],[8.40402,40.05515],[8.40401,40.05504],[8.40367,40.05482]]],[[[8.37809,40.03704],[8.37774,40.03712],[8.37801,40.03725],[8.37809,40.03704]]],[[[8.39822,40.04833],[8.39824,40.04854],[8.39851,40.04849],[8.39845,40.04835],[8.39822,40.04833]]]]}},{"type":"Feature","properties":{"nome":"Montiferru","limiti_indicativi":true,"fonte":"GeoNue/Nordai — Esercitazione 3, regioni_storiciche"},"geometry":{"type":"MultiPolygon","coordinates":[[[[8.69061,40.10423],[8.6904,40.10297],[8.68976,40.10293],[8.68817,40.10205],[8.68971,40.10126],[8.69401,40.10084],[8.69523,40.1002],[8.69638,40.099],[8.70136,40.09701],[8.70333,40.09331],[8.70275,40.09164],[8.69844,40.09079],[8.69714,40.0914],[8.69424,40.09089],[8.69093,40.08954],[8.69024,40.08951],[8.68936,40.08819],[8.68969,40.08793],[8.69007,40.08498],[8.68955,40.08451],[8.68934,40.08313],[8.688,40.08233],[8.6879,40.0812],[8.687,40.08024],[8.68917,40.07835],[8.69013,40.07785],[8.69179,40.07577],[8.69144,40.07468],[8.68932,40.07304],[8.68892,40.07246],[8.68931,40.06972],[8.68697,40.06398],[8.68874,40.06012],[8.6865,40.05804],[8.68544,40.05385],[8.6851,40.05366],[8.68333,40.05348],[8.6829,40.05419],[8.68303,40.05483],[8.6826,40.05661],[8.67669,40.05755],[8.67573,40.05816],[8.67589,40.05882],[8.67726,40.06075],[8.67784,40.06213],[8.67713,40.06337],[8.67639,40.06362],[8.67599,40.06423],[8.67632,40.06472],[8.67597,40.06531],[8.67532,40.06535],[8.67485,40.0647],[8.672,40.06347],[8.66873,40.06327],[8.66808,40.06368],[8.66689,40.06376],[8.66673,40.06343],[8.66602,40.0631],[8.66438,40.06311],[8.66406,40.06328],[8.66385,40.06404],[8.66437,40.06475],[8.66431,40.0656],[8.66361,40.06594],[8.6625,40.06584],[8.66211,40.06656],[8.6608,40.06693],[8.66025,40.06768],[8.65909,40.06807],[8.65792,40.06702],[8.65799,40.06507],[8.65772,40.06446],[8.65697,40.06467],[8.65639,40.06516],[8.65622,40.06596],[8.65656,40.0662],[8.6566,40.06684],[8.65501,40.06869],[8.6551,40.06998],[8.65463,40.07058],[8.65415,40.07095],[8.65369,40.07066],[8.65187,40.07113],[8.65024,40.0722],[8.64875,40.07157],[8.64797,40.07157],[8.64801,40.07121],[8.64687,40.07088],[8.64683,40.0706],[8.64592,40.07017],[8.64558,40.06948],[8.64479,40.06894],[8.64367,40.06917],[8.64235,40.06824],[8.64171,40.06809],[8.64072,40.06841],[8.63994,40.06782],[8.63915,40.068],[8.63871,40.06712],[8.63773,40.06657],[8.63719,40.06722],[8.63453,40.06689],[8.63355,40.06613],[8.63418,40.06533],[8.63338,40.06531],[8.63329,40.06566],[8.63298,40.06568],[8.63181,40.06495],[8.63095,40.06509],[8.62983,40.06466],[8.62939,40.06337],[8.62887,40.06302],[8.62829,40.06318],[8.62721,40.06237],[8.62595,40.06238],[8.62551,40.06163],[8.62552,40.06103],[8.62447,40.06052],[8.62411,40.05919],[8.62391,40.0591],[8.62178,40.05824],[8.61832,40.05763],[8.6165,40.05674],[8.61649,40.05598],[8.61502,40.05651],[8.61426,40.05608],[8.61417,40.05569],[8.61323,40.05584],[8.61287,40.05524],[8.61233,40.05525],[8.61204,40.05499],[8.61155,40.05497],[8.6112,40.05549],[8.61081,40.05414],[8.61086,40.05326],[8.61032,40.05227],[8.61042,40.05154],[8.60947,40.0492],[8.60774,40.04699],[8.60813,40.04656],[8.60843,40.04372],[8.60791,40.0432],[8.60584,40.04265],[8.60584,40.0419],[8.60524,40.04137],[8.60493,40.04046],[8.60435,40.04003],[8.60146,40.03972],[8.60271,40.03833],[8.60277,40.03768],[8.60193,40.03715],[8.59937,40.0364],[8.59537,40.03645],[8.59393,40.03611],[8.59305,40.03423],[8.58902,40.03298],[8.58824,40.02769],[8.58801,40.02724],[8.58685,40.02657],[8.58621,40.02681],[8.5854,40.02814],[8.57942,40.02823],[8.57469,40.0269],[8.56952,40.02683],[8.56422,40.0245],[8.56151,40.02394],[8.55777,40.02416],[8.55349,40.02487],[8.54931,40.02733],[8.5471,40.02765],[8.54588,40.02763],[8.53582,40.02517],[8.52948,40.02481],[8.52304,40.02506],[8.51793,40.02593],[8.51351,40.02621],[8.51236,40.02728],[8.51085,40.02936],[8.50875,40.03066],[8.50714,40.03219],[8.50669,40.03295],[8.50458,40.03383],[8.50462,40.03427],[8.49204,40.04164],[8.48882,40.04421],[8.48576,40.04582],[8.48509,40.04662],[8.48236,40.04877],[8.47581,40.05316],[8.46828,40.06123],[8.47298,40.06464],[8.47784,40.06883],[8.48923,40.07991],[8.49012,40.08315],[8.49005,40.08542],[8.4887,40.08553],[8.48851,40.08719],[8.48937,40.08718],[8.48997,40.0862],[8.49071,40.08611],[8.49132,40.08622],[8.4916,40.08655],[8.49277,40.08662],[8.49296,40.08742],[8.49235,40.08868],[8.49115,40.08984],[8.49033,40.0919],[8.48954,40.09221],[8.48907,40.09275],[8.48905,40.09508],[8.4887,40.09526],[8.48801,40.09485],[8.48792,40.0941],[8.48754,40.09383],[8.48653,40.09506],[8.48745,40.0951],[8.48608,40.09556],[8.48611,40.096],[8.48688,40.09671],[8.48608,40.0965],[8.48581,40.09709],[8.48634,40.0981],[8.48619,40.09958],[8.48694,40.09987],[8.48765,40.09979],[8.48777,40.10017],[8.48865,40.10037],[8.48856,40.10081],[8.48933,40.10034],[8.48991,40.10048],[8.49097,40.10132],[8.49113,40.10236],[8.49098,40.1032],[8.49039,40.10419],[8.4888,40.10528],[8.48833,40.10539],[8.48782,40.10503],[8.48675,40.10488],[8.48619,40.10437],[8.48565,40.10461],[8.48539,40.10572],[8.48559,40.10637],[8.4865,40.10596],[8.48702,40.10636],[8.4869,40.10679],[8.48589,40.10765],[8.48644,40.10831],[8.48648,40.10887],[8.48743,40.10996],[8.48716,40.11011],[8.48658,40.10964],[8.48622,40.10992],[8.48658,40.11064],[8.48722,40.11108],[8.487,40.11182],[8.48722,40.11225],[8.4871,40.11253],[8.48683,40.11201],[8.48631,40.11169],[8.48619,40.11187],[8.48638,40.11252],[8.48597,40.11272],[8.486,40.11342],[8.48549,40.11378],[8.48587,40.11427],[8.4855,40.11442],[8.48575,40.11519],[8.4849,40.11635],[8.48512,40.11677],[8.48474,40.11708],[8.4849,40.11738],[8.48472,40.11778],[8.48385,40.11908],[8.48193,40.1205],[8.47997,40.12288],[8.47736,40.12511],[8.47664,40.12532],[8.47499,40.12749],[8.47332,40.12912],[8.47182,40.1301],[8.47035,40.13338],[8.46826,40.1363],[8.46762,40.13908],[8.46603,40.14122],[8.46443,40.14283],[8.46389,40.1441],[8.46349,40.14669],[8.46211,40.14819],[8.46147,40.14978],[8.46061,40.15004],[8.45976,40.15134],[8.45961,40.15206],[8.45986,40.1533],[8.45865,40.15427],[8.45966,40.15577],[8.46012,40.15717],[8.45929,40.15834],[8.46006,40.15899],[8.46032,40.16018],[8.46021,40.16098],[8.45966,40.1616],[8.46033,40.16244],[8.46038,40.16399],[8.45997,40.16674],[8.45963,40.1675],[8.45982,40.16785],[8.46039,40.16774],[8.46077,40.16796],[8.4618,40.17047],[8.4616,40.172],[8.46044,40.17427],[8.45932,40.17512],[8.45803,40.17524],[8.45757,40.17595],[8.45821,40.17639],[8.45984,40.17632],[8.46252,40.1771],[8.4628,40.1775],[8.46247,40.17877],[8.46326,40.17996],[8.46437,40.18074],[8.46555,40.18079],[8.46665,40.18044],[8.46731,40.1808],[8.46825,40.18089],[8.46906,40.18057],[8.46966,40.17942],[8.47022,40.17906],[8.47355,40.17892],[8.47429,40.17912],[8.47482,40.17973],[8.47526,40.18115],[8.47599,40.18198],[8.47923,40.18369],[8.47979,40.18433],[8.47984,40.18507],[8.47935,40.18558],[8.47864,40.1859],[8.47626,40.18621],[8.47634,40.18659],[8.47783,40.18699],[8.47868,40.18771],[8.47858,40.19042],[8.47981,40.1908],[8.48262,40.18929],[8.48297,40.18931],[8.48343,40.1896],[8.48408,40.19064],[8.48315,40.19224],[8.48332,40.19257],[8.48639,40.19374],[8.4886,40.19498],[8.49043,40.1947],[8.49165,40.19482],[8.49228,40.19702],[8.49183,40.19756],[8.49196,40.19784],[8.49501,40.19814],[8.49466,40.19913],[8.494,40.19984],[8.4957,40.20055],[8.49562,40.20413],[8.49586,40.20438],[8.49831,40.20503],[8.49738,40.2069],[8.49745,40.20763],[8.49948,40.20736],[8.49986,40.20756],[8.5003,40.20806],[8.49974,40.2086],[8.49985,40.20935],[8.50202,40.21045],[8.50415,40.20887],[8.50502,40.20878],[8.50581,40.20909],[8.50621,40.20953],[8.50751,40.21401],[8.50801,40.2141],[8.50893,40.21359],[8.50974,40.21358],[8.51051,40.21393],[8.51142,40.21494],[8.51144,40.21546],[8.50981,40.21659],[8.50985,40.21743],[8.51056,40.21834],[8.51333,40.22021],[8.51564,40.22048],[8.5163,40.22111],[8.51599,40.2225],[8.51624,40.22351],[8.51658,40.22382],[8.51891,40.22429],[8.51935,40.22485],[8.51965,40.22588],[8.51927,40.22923],[8.5197,40.22983],[8.52094,40.23004],[8.52315,40.22947],[8.52388,40.22952],[8.52461,40.22985],[8.52502,40.23075],[8.52615,40.231],[8.52767,40.23094],[8.53131,40.2327],[8.53329,40.23347],[8.53437,40.23361],[8.53632,40.23305],[8.53717,40.23331],[8.53776,40.23297],[8.53819,40.23329],[8.54075,40.23233],[8.54178,40.23321],[8.54151,40.23371],[8.54181,40.23436],[8.54257,40.23416],[8.5434,40.2335],[8.54409,40.23347],[8.54476,40.23499],[8.54561,40.23459],[8.54734,40.23518],[8.54902,40.23543],[8.55055,40.23517],[8.55096,40.23356],[8.5515,40.23307],[8.55222,40.23323],[8.55335,40.23462],[8.55458,40.23496],[8.5553,40.23463],[8.5559,40.23281],[8.55655,40.23257],[8.55789,40.23316],[8.55829,40.2329],[8.55947,40.23286],[8.5607,40.23528],[8.56058,40.23814],[8.56514,40.24308],[8.56809,40.24422],[8.57062,40.24476],[8.57133,40.24519],[8.57205,40.24696],[8.57294,40.24638],[8.57903,40.24481],[8.58477,40.24558],[8.58862,40.24696],[8.59197,40.249],[8.59666,40.2507],[8.59785,40.25167],[8.59832,40.25168],[8.59958,40.25266],[8.60404,40.255],[8.60538,40.25648],[8.6073,40.25768],[8.61239,40.2584],[8.61471,40.25936],[8.61819,40.2597],[8.62141,40.26045],[8.62375,40.26138],[8.62627,40.26393],[8.63033,40.26341],[8.63166,40.26264],[8.63304,40.26073],[8.63667,40.26122],[8.64176,40.2594],[8.6434,40.25906],[8.64506,40.2583],[8.64685,40.25823],[8.64826,40.25704],[8.64799,40.25519],[8.6498,40.25464],[8.65032,40.25526],[8.65161,40.25586],[8.65749,40.25278],[8.6651,40.25004],[8.66747,40.24977],[8.66806,40.24939],[8.66892,40.24532],[8.66905,40.24335],[8.66937,40.24288],[8.66892,40.24223],[8.669,40.24071],[8.66851,40.23806],[8.66851,40.23517],[8.66745,40.23113],[8.6674,40.22962],[8.66768,40.22857],[8.66861,40.22756],[8.669,40.22616],[8.6686,40.22461],[8.66897,40.22362],[8.66854,40.22206],[8.66936,40.2216],[8.66995,40.22068],[8.67029,40.21898],[8.67009,40.218],[8.67104,40.21637],[8.67137,40.21438],[8.67202,40.21317],[8.67183,40.21302],[8.67279,40.21155],[8.67313,40.20939],[8.67281,40.20741],[8.67314,40.20634],[8.67261,40.20426],[8.67762,40.20375],[8.67842,40.20336],[8.68081,40.20319],[8.68202,40.20353],[8.68226,40.20364],[8.68277,40.20532],[8.68399,40.20614],[8.68445,40.20701],[8.68496,40.20687],[8.69021,40.21042],[8.69053,40.21035],[8.69486,40.21194],[8.6969,40.21293],[8.70432,40.2135],[8.70729,40.21395],[8.70862,40.21444],[8.71019,40.2134],[8.71099,40.21251],[8.71176,40.21107],[8.71469,40.2079],[8.71694,40.20596],[8.71804,40.20538],[8.72101,40.20461],[8.72291,40.20451],[8.72518,40.20518],[8.72886,40.20539],[8.73009,40.20504],[8.73147,40.20413],[8.73397,40.20329],[8.74005,40.20226],[8.74348,40.20081],[8.74398,40.19673],[8.74517,40.19506],[8.7455,40.19413],[8.74509,40.19288],[8.74427,40.19233],[8.74489,40.19151],[8.74363,40.1887],[8.74354,40.18798],[8.74387,40.18687],[8.74276,40.18496],[8.74208,40.18494],[8.74179,40.18315],[8.741,40.18098],[8.74124,40.18061],[8.73704,40.17847],[8.7365,40.17749],[8.73316,40.17542],[8.72771,40.17314],[8.7246,40.17222],[8.72474,40.17174],[8.72626,40.17104],[8.72584,40.17018],[8.72143,40.16581],[8.72005,40.16471],[8.71785,40.16349],[8.71541,40.16093],[8.71772,40.15879],[8.72129,40.15421],[8.72214,40.15207],[8.72338,40.15029],[8.72317,40.14924],[8.72364,40.1486],[8.72368,40.14797],[8.72471,40.14661],[8.72586,40.14579],[8.7287,40.14262],[8.7312,40.14256],[8.73242,40.14174],[8.73411,40.13905],[8.7353,40.13762],[8.73691,40.1336],[8.73684,40.13205],[8.73599,40.13063],[8.73601,40.13005],[8.73516,40.12926],[8.73341,40.12917],[8.73181,40.12839],[8.72947,40.12842],[8.72647,40.12898],[8.72048,40.1325],[8.71731,40.13156],[8.71392,40.13182],[8.71258,40.13137],[8.71187,40.13158],[8.71125,40.13221],[8.70989,40.13082],[8.70841,40.13071],[8.70782,40.13042],[8.70762,40.12761],[8.70628,40.12638],[8.7051,40.1241],[8.70471,40.12126],[8.7055,40.12026],[8.70535,40.11952],[8.70506,40.11923],[8.70412,40.1192],[8.70075,40.11667],[8.70039,40.11618],[8.701,40.11497],[8.70075,40.11402],[8.69781,40.11299],[8.69736,40.11252],[8.69706,40.11137],[8.6959,40.10896],[8.69635,40.10807],[8.69578,40.10716],[8.69524,40.10679],[8.69401,40.10672],[8.69133,40.10541],[8.69061,40.10423]]],[[[8.48766,40.09277],[8.48736,40.09287],[8.48692,40.09345],[8.48738,40.09326],[8.48767,40.09345],[8.48766,40.09277]]],[[[8.48757,40.1003],[8.48754,40.10064],[8.48816,40.10086],[8.48788,40.10043],[8.48757,40.1003]]],[[[8.48719,40.0922],[8.48667,40.09232],[8.48646,40.09257],[8.48674,40.09257],[8.48719,40.0922]]],[[[8.48965,40.08501],[8.48909,40.08493],[8.48967,40.08506],[8.48965,40.08501]]]]}},{"type":"Feature","properties":{"nome":"Paese di Villanova","limiti_indicativi":true,"fonte":"GeoNue/Nordai — Esercitazione 3, regioni_storiciche"},"geometry":{"type":"MultiPolygon","coordinates":[[[[8.54134,40.3188],[8.54079,40.31693],[8.53948,40.31696],[8.53809,40.31601],[8.53683,40.31624],[8.53608,40.31609],[8.53461,40.31491],[8.53395,40.31329],[8.53289,40.31355],[8.53199,40.31542],[8.53029,40.31505],[8.5291,40.31383],[8.52512,40.31269],[8.52308,40.31352],[8.5221,40.31364],[8.52002,40.31291],[8.51718,40.31271],[8.51691,40.31454],[8.51499,40.31408],[8.51391,40.31408],[8.5116,40.31296],[8.51024,40.31265],[8.50767,40.31251],[8.5043,40.31303],[8.50379,40.31341],[8.50075,40.31378],[8.5,40.31365],[8.49725,40.31248],[8.49652,40.31153],[8.4962,40.31052],[8.4936,40.30865],[8.49038,40.30729],[8.48957,40.30654],[8.48528,40.30476],[8.47654,40.30446],[8.47471,40.30522],[8.47349,40.30471],[8.47274,40.30468],[8.47165,40.30487],[8.46975,40.30656],[8.46806,40.30669],[8.46764,40.30703],[8.46739,40.30693],[8.46735,40.30722],[8.46715,40.30699],[8.46672,40.30707],[8.46643,40.30753],[8.46584,40.3075],[8.46617,40.30779],[8.46655,40.30888],[8.4664,40.30943],[8.46676,40.30953],[8.46687,40.30993],[8.46618,40.31083],[8.46543,40.311],[8.46566,40.31145],[8.46559,40.31188],[8.46524,40.31189],[8.46535,40.31227],[8.46414,40.31239],[8.46392,40.31202],[8.4634,40.31262],[8.46367,40.31336],[8.46417,40.31333],[8.46444,40.31357],[8.46407,40.31417],[8.46347,40.31391],[8.46448,40.31458],[8.46447,40.31483],[8.46214,40.31639],[8.46184,40.31753],[8.46046,40.3176],[8.46001,40.31789],[8.46026,40.31824],[8.4601,40.31862],[8.45891,40.31954],[8.45724,40.31974],[8.45642,40.3196],[8.45676,40.31989],[8.4567,40.32025],[8.45552,40.32065],[8.45571,40.32106],[8.45516,40.32125],[8.45486,40.32082],[8.45439,40.32114],[8.45412,40.32105],[8.45427,40.32054],[8.45349,40.32018],[8.45286,40.32023],[8.45254,40.31968],[8.45248,40.31994],[8.45154,40.32041],[8.45099,40.32005],[8.45059,40.31921],[8.44974,40.31944],[8.44997,40.32008],[8.4503,40.3203],[8.45023,40.32068],[8.44868,40.32022],[8.44834,40.32044],[8.44836,40.32075],[8.44794,40.32084],[8.44716,40.32034],[8.4469,40.31947],[8.44658,40.31933],[8.44621,40.31965],[8.44568,40.31967],[8.44462,40.31863],[8.44401,40.3191],[8.44396,40.31869],[8.44359,40.31854],[8.44316,40.31876],[8.44328,40.31917],[8.44296,40.31888],[8.44231,40.31924],[8.44268,40.32116],[8.44099,40.32123],[8.44069,40.32148],[8.44094,40.32186],[8.44024,40.3221],[8.43872,40.3221],[8.43878,40.3223],[8.43816,40.3229],[8.4384,40.32296],[8.43833,40.32318],[8.43789,40.32326],[8.43781,40.32374],[8.43736,40.32373],[8.43775,40.32436],[8.43684,40.32491],[8.43662,40.32561],[8.43553,40.32572],[8.43567,40.32604],[8.43674,40.32612],[8.43655,40.32678],[8.43531,40.32741],[8.4337,40.32776],[8.43442,40.32894],[8.43429,40.33019],[8.43353,40.33062],[8.43294,40.33175],[8.43256,40.33175],[8.43226,40.33212],[8.43225,40.33185],[8.43135,40.33208],[8.43257,40.33249],[8.43291,40.33338],[8.42891,40.33391],[8.42813,40.33468],[8.42865,40.3351],[8.42731,40.33542],[8.42718,40.33523],[8.42684,40.33556],[8.42682,40.33525],[8.42632,40.33519],[8.4258,40.33575],[8.42612,40.33613],[8.42474,40.33575],[8.42316,40.33578],[8.42184,40.33645],[8.42175,40.33749],[8.42064,40.33789],[8.41912,40.3367],[8.41811,40.33674],[8.4182,40.33645],[8.41767,40.33648],[8.41781,40.33622],[8.41732,40.33615],[8.41668,40.33562],[8.41637,40.33582],[8.41616,40.33556],[8.41499,40.33563],[8.41316,40.33629],[8.41311,40.33602],[8.41212,40.33615],[8.41181,40.33585],[8.41131,40.33612],[8.41123,40.33574],[8.41073,40.3358],[8.41092,40.33559],[8.41016,40.33579],[8.40798,40.33559],[8.40571,40.33635],[8.40719,40.3374],[8.407,40.3377],[8.40619,40.33712],[8.40536,40.33735],[8.40333,40.33733],[8.40248,40.33798],[8.40262,40.33829],[8.40202,40.3386],[8.40171,40.33815],[8.40031,40.33793],[8.39768,40.33801],[8.39699,40.33839],[8.39604,40.33951],[8.39639,40.34024],[8.39566,40.34057],[8.39511,40.34007],[8.39525,40.3399],[8.3938,40.33938],[8.3934,40.33952],[8.39338,40.33993],[8.39305,40.33996],[8.39278,40.33988],[8.39284,40.33956],[8.39262,40.33981],[8.39218,40.3395],[8.39137,40.33959],[8.39148,40.33898],[8.3911,40.33853],[8.39037,40.3386],[8.39077,40.33832],[8.39051,40.33806],[8.39059,40.33769],[8.3893,40.33766],[8.38958,40.33738],[8.38714,40.33788],[8.38748,40.33747],[8.38676,40.33758],[8.38628,40.33786],[8.38637,40.33822],[8.38491,40.33772],[8.38338,40.33863],[8.38306,40.33847],[8.38266,40.33878],[8.38271,40.33911],[8.38298,40.33917],[8.38285,40.33949],[8.38326,40.33966],[8.38281,40.34039],[8.38314,40.34087],[8.38363,40.34102],[8.3834,40.34164],[8.38394,40.342],[8.38362,40.34231],[8.3841,40.34269],[8.38379,40.34306],[8.38423,40.34349],[8.38577,40.34394],[8.38577,40.34533],[8.38628,40.34593],[8.38624,40.34643],[8.38743,40.34702],[8.38724,40.34707],[8.38751,40.34723],[8.3876,40.34825],[8.38684,40.34862],[8.38704,40.34908],[8.38651,40.34953],[8.38389,40.34948],[8.38358,40.34988],[8.38413,40.35027],[8.38376,40.35046],[8.38378,40.35075],[8.38347,40.35093],[8.3832,40.35066],[8.38272,40.3507],[8.38303,40.35105],[8.38263,40.35166],[8.3812,40.35173],[8.3805,40.35221],[8.3814,40.35287],[8.3813,40.35315],[8.38209,40.353],[8.38192,40.35332],[8.38247,40.35351],[8.38212,40.35369],[8.38235,40.35406],[8.38185,40.35433],[8.38186,40.35401],[8.38162,40.35417],[8.38138,40.35393],[8.38133,40.3547],[8.38174,40.35466],[8.38074,40.35538],[8.38117,40.35574],[8.37982,40.35604],[8.38081,40.35609],[8.38073,40.35643],[8.38144,40.35679],[8.38031,40.35693],[8.38062,40.35716],[8.3799,40.35698],[8.37995,40.3574],[8.37845,40.35811],[8.37911,40.35856],[8.37909,40.35884],[8.38073,40.35986],[8.37915,40.35987],[8.37833,40.35941],[8.3789,40.35987],[8.37999,40.36019],[8.37899,40.36029],[8.3793,40.3604],[8.37913,40.36066],[8.3802,40.36101],[8.37983,40.36187],[8.38105,40.36247],[8.38222,40.36262],[8.38267,40.363],[8.38354,40.36269],[8.38346,40.363],[8.38409,40.36291],[8.38411,40.3632],[8.38458,40.3633],[8.38483,40.36299],[8.3853,40.36383],[8.38565,40.36364],[8.38602,40.36392],[8.3864,40.36369],[8.38739,40.36405],[8.38769,40.36392],[8.38731,40.36421],[8.38755,40.36471],[8.38794,40.36476],[8.38753,40.36548],[8.38826,40.36559],[8.38793,40.36583],[8.38832,40.36597],[8.38959,40.36589],[8.3892,40.3666],[8.38959,40.3667],[8.38934,40.36689],[8.38954,40.36717],[8.38911,40.36708],[8.38876,40.36739],[8.38907,40.36789],[8.38886,40.36814],[8.38938,40.3685],[8.38863,40.36839],[8.38864,40.3687],[8.38817,40.36849],[8.38808,40.36887],[8.38864,40.36897],[8.38874,40.36922],[8.38829,40.36938],[8.38869,40.36939],[8.38859,40.36964],[8.38967,40.37008],[8.38933,40.37018],[8.3901,40.37054],[8.3891,40.37088],[8.38956,40.37129],[8.38816,40.37146],[8.38907,40.37187],[8.38886,40.3722],[8.38797,40.37233],[8.38688,40.37207],[8.38612,40.37255],[8.38634,40.37298],[8.38688,40.37276],[8.38675,40.3733],[8.38791,40.37309],[8.38781,40.37362],[8.3885,40.37369],[8.38777,40.37426],[8.38808,40.37472],[8.3878,40.37507],[8.38835,40.37545],[8.38885,40.3752],[8.38873,40.37576],[8.38907,40.37558],[8.38949,40.37573],[8.38858,40.37686],[8.38887,40.37681],[8.38939,40.37725],[8.38979,40.37695],[8.3903,40.37754],[8.39084,40.37745],[8.39092,40.37763],[8.38976,40.378],[8.3907,40.37819],[8.39033,40.37861],[8.39098,40.37853],[8.39071,40.37887],[8.39129,40.3793],[8.39161,40.3792],[8.392,40.3795],[8.39235,40.3793],[8.39213,40.37976],[8.39255,40.37991],[8.3927,40.38026],[8.39203,40.38051],[8.39259,40.38093],[8.39194,40.38087],[8.39209,40.38099],[8.39168,40.38169],[8.39202,40.38184],[8.39168,40.38278],[8.39212,40.38316],[8.39276,40.38327],[8.39221,40.38357],[8.3923,40.38397],[8.39165,40.38478],[8.39198,40.38496],[8.39187,40.38518],[8.39239,40.38518],[8.39223,40.38546],[8.39298,40.38583],[8.39275,40.38614],[8.39302,40.38655],[8.39456,40.38705],[8.39459,40.38723],[8.39427,40.38721],[8.39432,40.38753],[8.3949,40.38791],[8.39456,40.388],[8.3944,40.38866],[8.39382,40.38883],[8.39392,40.38924],[8.39355,40.38941],[8.39254,40.39079],[8.39289,40.39091],[8.39298,40.39043],[8.39349,40.39103],[8.39304,40.39179],[8.39341,40.39216],[8.39558,40.393],[8.39544,40.39446],[8.3961,40.39567],[8.39794,40.39637],[8.39874,40.39739],[8.39908,40.39861],[8.3989,40.39919],[8.39974,40.39996],[8.39957,40.40021],[8.40008,40.40054],[8.40021,40.40131],[8.40019,40.403],[8.39956,40.40419],[8.39938,40.40583],[8.39962,40.40735],[8.40042,40.40825],[8.40171,40.40911],[8.40198,40.40971],[8.40135,40.41048],[8.4013,40.41177],[8.40075,40.41208],[8.40066,40.4125],[8.39965,40.41339],[8.39942,40.4139],[8.39958,40.41498],[8.4,40.41578],[8.3998,40.41664],[8.39993,40.41729],[8.39904,40.41857],[8.39951,40.41981],[8.39896,40.42143],[8.39934,40.42222],[8.39845,40.42411],[8.3984,40.42474],[8.39875,40.42516],[8.39822,40.42613],[8.39822,40.42804],[8.39782,40.42827],[8.39788,40.42895],[8.39848,40.42931],[8.3984,40.42966],[8.39631,40.43221],[8.3944,40.43353],[8.39408,40.43425],[8.39428,40.43554],[8.39416,40.43696],[8.39521,40.43794],[8.39533,40.43846],[8.39434,40.44002],[8.39324,40.44102],[8.39318,40.44178],[8.39206,40.44351],[8.39148,40.44399],[8.39094,40.44563],[8.3905,40.44581],[8.39077,40.44625],[8.39061,40.44671],[8.38947,40.44845],[8.38889,40.45034],[8.38836,40.45111],[8.38703,40.45207],[8.38627,40.45313],[8.38573,40.45448],[8.3848,40.45542],[8.38518,40.45744],[8.38452,40.45779],[8.38519,40.45812],[8.38477,40.45853],[8.38459,40.45949],[8.38492,40.46143],[8.38523,40.46202],[8.38329,40.46574],[8.38028,40.46787],[8.37998,40.46915],[8.38007,40.47069],[8.37973,40.47393],[8.37917,40.47505],[8.37775,40.47639],[8.37741,40.47787],[8.37666,40.47878],[8.37679,40.48073],[8.37555,40.48397],[8.37565,40.48497],[8.37527,40.48728],[8.37496,40.48813],[8.37408,40.48882],[8.3744,40.49031],[8.37221,40.49208],[8.37198,40.49319],[8.37106,40.49393],[8.37068,40.49487],[8.36861,40.49621],[8.36849,40.49953],[8.36817,40.5],[8.36864,40.5004],[8.36858,40.50101],[8.37041,40.50428],[8.37131,40.50533],[8.37093,40.50626],[8.3714,40.50651],[8.37127,40.50805],[8.37308,40.51039],[8.37291,40.51079],[8.37341,40.51086],[8.3738,40.51125],[8.37419,40.51107],[8.37777,40.51291],[8.38307,40.51462],[8.3858,40.51636],[8.38632,40.51697],[8.38834,40.51765],[8.39307,40.51999],[8.39648,40.52107],[8.39882,40.52246],[8.40055,40.5226],[8.40228,40.5231],[8.40622,40.52346],[8.40747,40.52425],[8.41001,40.52509],[8.41346,40.52528],[8.42096,40.53067],[8.42232,40.53135],[8.42587,40.53226],[8.42693,40.53327],[8.42908,40.53431],[8.42988,40.53424],[8.43057,40.53385],[8.43183,40.53244],[8.43278,40.53191],[8.43264,40.53124],[8.43344,40.53099],[8.43411,40.53028],[8.43442,40.52893],[8.43408,40.52808],[8.43428,40.52756],[8.43546,40.52718],[8.43592,40.52737],[8.43657,40.52704],[8.43787,40.52697],[8.44188,40.52484],[8.44245,40.52327],[8.44436,40.52384],[8.44684,40.52341],[8.4487,40.52433],[8.44999,40.52563],[8.45434,40.52703],[8.45869,40.5288],[8.46195,40.5296],[8.46278,40.53016],[8.4639,40.53043],[8.46661,40.52957],[8.46783,40.52848],[8.46882,40.52843],[8.46931,40.52791],[8.47121,40.52758],[8.47304,40.52893],[8.47367,40.52976],[8.4753,40.5311],[8.47633,40.53155],[8.4781,40.5316],[8.47974,40.53316],[8.48024,40.5331],[8.48111,40.53386],[8.48594,40.53458],[8.4872,40.53544],[8.48988,40.53666],[8.49072,40.53746],[8.49247,40.53848],[8.49444,40.53908],[8.49509,40.53971],[8.5002,40.54271],[8.50159,40.54291],[8.50359,40.54255],[8.50712,40.5431],[8.51194,40.54453],[8.51452,40.54674],[8.51627,40.54738],[8.51756,40.54839],[8.51776,40.54934],[8.51722,40.55021],[8.51704,40.5513],[8.51758,40.55204],[8.51929,40.55312],[8.52017,40.55407],[8.52105,40.55453],[8.52511,40.55438],[8.52597,40.5547],[8.5284,40.55351],[8.52968,40.55368],[8.53284,40.55337],[8.53408,40.55274],[8.53539,40.55113],[8.53986,40.55005],[8.54235,40.54881],[8.54299,40.54792],[8.54267,40.54717],[8.54324,40.54596],[8.5441,40.54552],[8.54495,40.54558],[8.54702,40.54397],[8.54733,40.54308],[8.55031,40.54194],[8.55057,40.54115],[8.55052,40.53808],[8.55074,40.53746],[8.55113,40.53753],[8.55188,40.53866],[8.55364,40.5393],[8.55437,40.5389],[8.55551,40.53917],[8.55702,40.5383],[8.55767,40.53822],[8.55848,40.53852],[8.55951,40.53947],[8.56037,40.53921],[8.56215,40.53971],[8.56381,40.53856],[8.56811,40.53757],[8.56838,40.53708],[8.5679,40.53544],[8.56848,40.53486],[8.56872,40.53414],[8.56852,40.5339],[8.56937,40.5329],[8.56928,40.53185],[8.5699,40.53095],[8.57005,40.52979],[8.57125,40.5288],[8.57404,40.52758],[8.57631,40.52757],[8.57712,40.52787],[8.57699,40.52729],[8.57357,40.52513],[8.57592,40.52263],[8.57682,40.51941],[8.57809,40.51734],[8.5779,40.51671],[8.5783,40.51457],[8.57928,40.51245],[8.57929,40.51056],[8.58094,40.5084],[8.58037,40.5063],[8.58034,40.50496],[8.58167,40.50113],[8.58182,40.49978],[8.58512,40.50013],[8.58695,40.4975],[8.58779,40.49705],[8.58864,40.4951],[8.58971,40.49488],[8.59066,40.49538],[8.59442,40.49382],[8.5972,40.49306],[8.59992,40.49313],[8.60121,40.49228],[8.60146,40.49185],[8.60131,40.49133],[8.60008,40.48997],[8.60464,40.4871],[8.60895,40.48265],[8.61021,40.48027],[8.61173,40.4788],[8.61268,40.47743],[8.61341,40.47558],[8.61341,40.47383],[8.61423,40.47494],[8.61428,40.4765],[8.61484,40.47761],[8.61609,40.47792],[8.61818,40.48036],[8.62051,40.48133],[8.62093,40.482],[8.62073,40.48309],[8.62124,40.48341],[8.62836,40.47857],[8.63071,40.47653],[8.63339,40.47602],[8.63656,40.47328],[8.64142,40.47139],[8.64223,40.47066],[8.64308,40.46907],[8.6515,40.46567],[8.6529,40.4659],[8.65333,40.46541],[8.65638,40.46587],[8.65782,40.46534],[8.65791,40.46465],[8.65714,40.46412],[8.65672,40.46345],[8.65676,40.4625],[8.6582,40.46097],[8.6595,40.4607],[8.65967,40.46039],[8.65908,40.45946],[8.65916,40.45846],[8.65835,40.45776],[8.65858,40.45677],[8.65788,40.45575],[8.65786,40.45415],[8.66135,40.45354],[8.6618,40.45313],[8.66143,40.45116],[8.66277,40.44859],[8.66276,40.44503],[8.66379,40.44217],[8.66285,40.44129],[8.66266,40.4388],[8.66303,40.43814],[8.66434,40.43724],[8.66569,40.43709],[8.66667,40.43733],[8.66777,40.43683],[8.66934,40.43431],[8.6689,40.43384],[8.66942,40.43366],[8.67035,40.43211],[8.67087,40.43011],[8.67192,40.42849],[8.67305,40.42747],[8.67527,40.42622],[8.67462,40.42509],[8.67773,40.42393],[8.6775,40.42303],[8.67785,40.42286],[8.6768,40.42096],[8.67991,40.42077],[8.68545,40.41749],[8.68582,40.41555],[8.68548,40.41426],[8.68685,40.41245],[8.68767,40.41056],[8.68668,40.40775],[8.68901,40.40546],[8.68861,40.4053],[8.68988,40.4038],[8.69237,40.402],[8.69215,40.40136],[8.69317,40.39916],[8.69313,40.39847],[8.69069,40.39654],[8.6911,40.39607],[8.69015,40.39507],[8.68845,40.39436],[8.68753,40.39261],[8.68686,40.38948],[8.68708,40.3869],[8.68762,40.38641],[8.68773,40.38596],[8.68649,40.3847],[8.68605,40.38311],[8.68592,40.38027],[8.68284,40.37843],[8.68254,40.37769],[8.6819,40.37755],[8.67872,40.37752],[8.6774,40.37935],[8.67674,40.37899],[8.67624,40.37532],[8.67682,40.37432],[8.67741,40.37388],[8.67789,40.37288],[8.67661,40.37162],[8.67548,40.36875],[8.67764,40.36582],[8.67763,40.36468],[8.678,40.36336],[8.68059,40.36037],[8.6813,40.35991],[8.68302,40.35533],[8.68382,40.35451],[8.69096,40.34971],[8.69237,40.34847],[8.69428,40.34634],[8.69472,40.34525],[8.69615,40.3431],[8.69872,40.33971],[8.69899,40.33917],[8.69902,40.33658],[8.69831,40.3312],[8.69876,40.32986],[8.69668,40.32968],[8.69626,40.33004],[8.69589,40.33095],[8.69542,40.33112],[8.69473,40.33113],[8.69396,40.33054],[8.69244,40.33063],[8.69129,40.33014],[8.69085,40.32813],[8.68895,40.32714],[8.6888,40.3257],[8.68891,40.3253],[8.6898,40.32482],[8.68959,40.32421],[8.68869,40.32387],[8.68537,40.32169],[8.6848,40.31957],[8.68254,40.3188],[8.68131,40.31636],[8.67933,40.31483],[8.67809,40.31263],[8.67709,40.31199],[8.67454,40.31095],[8.67296,40.31059],[8.67176,40.31081],[8.67018,40.31177],[8.66929,40.31189],[8.66645,40.31125],[8.66384,40.31148],[8.66321,40.31117],[8.659,40.31036],[8.65848,40.30966],[8.65879,40.30816],[8.65833,40.30761],[8.65819,40.30638],[8.65723,40.30622],[8.65596,40.30556],[8.65616,40.30489],[8.65599,40.30466],[8.65562,40.30458],[8.65521,40.30489],[8.65339,40.30465],[8.65181,40.30328],[8.65126,40.30231],[8.65128,40.30055],[8.65103,40.2999],[8.64876,40.29878],[8.647,40.2972],[8.64467,40.29646],[8.64321,40.2964],[8.64186,40.29694],[8.64074,40.29843],[8.6394,40.2988],[8.63907,40.29933],[8.63888,40.30051],[8.63917,40.30209],[8.63883,40.30305],[8.6402,40.30554],[8.6401,40.3058],[8.63952,40.30596],[8.63773,40.306],[8.63746,40.30634],[8.63774,40.30839],[8.63692,40.30925],[8.63601,40.30934],[8.63565,40.31152],[8.63451,40.31171],[8.63393,40.31113],[8.63173,40.31142],[8.62932,40.31254],[8.62812,40.31388],[8.62724,40.31406],[8.62576,40.31383],[8.62067,40.3143],[8.62063,40.3152],[8.62144,40.31653],[8.6206,40.31698],[8.62032,40.31746],[8.6201,40.31879],[8.62018,40.32009],[8.62097,40.32203],[8.621,40.32268],[8.61871,40.32296],[8.61757,40.32355],[8.61471,40.32381],[8.61418,40.32408],[8.61307,40.32483],[8.61261,40.32636],[8.61029,40.32916],[8.60671,40.32908],[8.60492,40.32998],[8.60289,40.33041],[8.60033,40.33209],[8.59989,40.33216],[8.59736,40.33129],[8.59593,40.3322],[8.5924,40.33234],[8.59157,40.33273],[8.59148,40.33358],[8.59215,40.33515],[8.59323,40.33593],[8.59187,40.33905],[8.59002,40.33971],[8.58985,40.34028],[8.59001,40.34106],[8.59092,40.34233],[8.58972,40.34427],[8.59002,40.3452],[8.59178,40.34625],[8.59201,40.3469],[8.58792,40.34863],[8.58208,40.35681],[8.58049,40.35663],[8.57764,40.3581],[8.57597,40.35741],[8.57612,40.35674],[8.5745,40.3548],[8.57386,40.3535],[8.57463,40.35173],[8.57452,40.35102],[8.5735,40.349],[8.57214,40.3475],[8.57002,40.34654],[8.56656,40.34607],[8.56283,40.34683],[8.55964,40.34902],[8.5582,40.34794],[8.55753,40.34577],[8.55661,40.34455],[8.55473,40.34282],[8.55268,40.34146],[8.55132,40.33999],[8.55111,40.33864],[8.55061,40.33797],[8.55,40.33627],[8.54689,40.33472],[8.54484,40.33191],[8.54316,40.33027],[8.5418,40.32951],[8.54073,40.32832],[8.54039,40.3275],[8.53959,40.32198],[8.54021,40.32132],[8.54117,40.32146],[8.54133,40.32246],[8.54166,40.32261],[8.5442,40.32174],[8.54194,40.31964],[8.54134,40.3188]]],[[[8.4217,40.33583],[8.42231,40.3354],[8.42211,40.3351],[8.42114,40.33514],[8.42114,40.33492],[8.42055,40.3353],[8.42057,40.33562],[8.4217,40.33627],[8.4217,40.33583]]],[[[8.4379,40.32168],[8.43666,40.32195],[8.43692,40.3224],[8.43824,40.32242],[8.4379,40.32168]]],[[[8.37816,40.36033],[8.3772,40.35984],[8.37664,40.36021],[8.37683,40.36053],[8.37654,40.36063],[8.37765,40.36068],[8.37816,40.36033]]],[[[8.4423,40.32063],[8.44168,40.32018],[8.44125,40.32064],[8.4422,40.32086],[8.4423,40.32063]]],[[[8.43229,40.32734],[8.43196,40.32753],[8.43251,40.3276],[8.43264,40.32786],[8.43341,40.32755],[8.43229,40.32734]]],[[[8.38607,40.37202],[8.38691,40.37193],[8.38707,40.37182],[8.38617,40.37168],[8.38607,40.37202]]],[[[8.3882,40.37103],[8.38873,40.3712],[8.3888,40.37103],[8.3882,40.37103]]],[[[8.39218,40.384],[8.3919,40.38365],[8.39169,40.38402],[8.39218,40.384]]],[[[8.39312,40.38732],[8.39318,40.38689],[8.39281,40.38697],[8.39312,40.38732]]],[[[8.3928,40.39221],[8.39332,40.39221],[8.39283,40.39197],[8.3928,40.39221]]],[[[8.38697,40.3478],[8.38615,40.3475],[8.38611,40.34757],[8.38697,40.3478]]],[[[8.38877,40.36633],[8.38908,40.36614],[8.38918,40.36599],[8.38872,40.36606],[8.38877,40.36633]]],[[[8.38823,40.3712],[8.38786,40.37137],[8.38839,40.37129],[8.38823,40.3712]]],[[[8.40576,40.33687],[8.40616,40.33688],[8.40577,40.33669],[8.40576,40.33687]]],[[[8.38965,40.37751],[8.38911,40.37734],[8.38904,40.3774],[8.38965,40.37751]]],[[[8.43724,40.32321],[8.43688,40.32337],[8.43734,40.32332],[8.43724,40.32321]]],[[[8.38548,40.34555],[8.38575,40.34551],[8.38564,40.34532],[8.38547,40.34534],[8.38548,40.34555]]]]}},{"type":"Feature","properties":{"nome":"Nurra","limiti_indicativi":true,"fonte":"GeoNue/Nordai — Esercitazione 3, regioni_storiciche"},"geometry":{"type":"MultiPolygon","coordinates":[[[[8.31336,40.84494],[8.31628,40.84405],[8.31948,40.84402],[8.32245,40.84345],[8.32303,40.84349],[8.32319,40.84371],[8.32464,40.84343],[8.3274,40.84432],[8.32763,40.84461],[8.32745,40.84527],[8.32807,40.84543],[8.32858,40.84531],[8.33026,40.84349],[8.33231,40.84262],[8.33506,40.84271],[8.33716,40.84224],[8.33782,40.84238],[8.33849,40.84293],[8.34008,40.84267],[8.3423,40.84267],[8.34315,40.84296],[8.34439,40.8428],[8.34471,40.84247],[8.3432,40.84282],[8.34303,40.84144],[8.3435,40.84064],[8.34445,40.84034],[8.34469,40.84089],[8.34467,40.84051],[8.34499,40.84022],[8.34751,40.8398],[8.35029,40.85039],[8.36098,40.8526],[8.36281,40.8528],[8.38482,40.85108],[8.38478,40.85083],[8.36266,40.85267],[8.35146,40.85024],[8.35074,40.84987],[8.34801,40.83976],[8.34882,40.83939],[8.34986,40.83936],[8.35018,40.83952],[8.35022,40.84012],[8.35173,40.83982],[8.35317,40.84016],[8.3543,40.83953],[8.35523,40.83942],[8.35541,40.83985],[8.35548,40.84727],[8.35583,40.84729],[8.35563,40.83991],[8.35634,40.83983],[8.35645,40.83867],[8.35474,40.83688],[8.35273,40.8335],[8.35071,40.83181],[8.35126,40.82767],[8.35186,40.81798],[8.35106,40.81332],[8.35115,40.81314],[8.35747,40.81396],[8.35861,40.81318],[8.36015,40.81345],[8.37621,40.7952],[8.39667,40.76878],[8.4214,40.74144],[8.46582,40.68914],[8.46482,40.6888],[8.46243,40.687],[8.4628,40.6859],[8.46343,40.68503],[8.46306,40.68422],[8.46239,40.68376],[8.46215,40.68303],[8.46248,40.68181],[8.46191,40.6817],[8.4617,40.68195],[8.45869,40.68262],[8.45829,40.68017],[8.45644,40.67755],[8.4532,40.67438],[8.45242,40.67392],[8.45104,40.67376],[8.45092,40.6732],[8.45015,40.67293],[8.45006,40.67239],[8.4493,40.67191],[8.44959,40.6712],[8.44916,40.67083],[8.44897,40.66992],[8.44776,40.66805],[8.44528,40.6661],[8.44345,40.6631],[8.44204,40.66241],[8.44014,40.66243],[8.44061,40.66134],[8.43907,40.6611],[8.43844,40.66076],[8.43802,40.66019],[8.43702,40.66002],[8.4356,40.65861],[8.43485,40.65824],[8.43347,40.65679],[8.43338,40.65632],[8.43382,40.65547],[8.43367,40.65526],[8.43191,40.65418],[8.43076,40.65241],[8.42918,40.65144],[8.42704,40.65201],[8.42617,40.65256],[8.42592,40.65234],[8.42511,40.65097],[8.42556,40.65032],[8.42534,40.6497],[8.42467,40.649],[8.42474,40.64826],[8.42333,40.64717],[8.42239,40.64502],[8.4209,40.64274],[8.42058,40.64169],[8.41889,40.64108],[8.41877,40.63858],[8.41772,40.63496],[8.41739,40.63276],[8.4186,40.63296],[8.41947,40.63261],[8.42119,40.63124],[8.42167,40.63023],[8.42097,40.62886],[8.41445,40.62434],[8.41415,40.62369],[8.41601,40.62339],[8.41583,40.62224],[8.41571,40.62203],[8.41383,40.62162],[8.41362,40.61958],[8.41309,40.61799],[8.41068,40.61811],[8.40946,40.61764],[8.40841,40.61775],[8.40675,40.61688],[8.40571,40.61584],[8.40369,40.61486],[8.40191,40.61623],[8.39983,40.61523],[8.39759,40.61214],[8.39587,40.61153],[8.39559,40.61017],[8.39695,40.60996],[8.39538,40.60703],[8.39405,40.60601],[8.39316,40.60429],[8.39144,40.60245],[8.39149,40.60217],[8.39347,40.60161],[8.39387,40.60119],[8.39562,40.5987],[8.39691,40.59773],[8.39822,40.59479],[8.40157,40.59154],[8.40255,40.59114],[8.40373,40.5888],[8.40465,40.58759],[8.40716,40.58544],[8.40753,40.58474],[8.40871,40.57975],[8.40998,40.57638],[8.41126,40.57475],[8.41199,40.57432],[8.41236,40.57361],[8.4122,40.57156],[8.41244,40.57016],[8.41399,40.56819],[8.41483,40.56645],[8.41639,40.56552],[8.41783,40.56344],[8.41815,40.56238],[8.4176,40.5618],[8.41758,40.56064],[8.41941,40.5598],[8.41991,40.55931],[8.42005,40.5559],[8.41967,40.5533],[8.42047,40.55232],[8.42003,40.54807],[8.4206,40.54566],[8.41997,40.54436],[8.41999,40.54132],[8.42046,40.53954],[8.4198,40.5376],[8.41803,40.53518],[8.41814,40.53152],[8.42015,40.53019],[8.41913,40.5292],[8.41707,40.52799],[8.41346,40.52528],[8.41001,40.52509],[8.40747,40.52425],[8.40622,40.52346],[8.40228,40.5231],[8.40055,40.5226],[8.39882,40.52246],[8.39648,40.52107],[8.39307,40.51999],[8.38834,40.51765],[8.38632,40.51697],[8.3858,40.51636],[8.38307,40.51462],[8.37777,40.51291],[8.37419,40.51107],[8.3738,40.51125],[8.37341,40.51086],[8.37291,40.51079],[8.37308,40.51039],[8.37127,40.50805],[8.3714,40.50651],[8.37093,40.50626],[8.37131,40.50533],[8.37041,40.50428],[8.36858,40.50101],[8.36864,40.5004],[8.36817,40.5],[8.36849,40.49953],[8.36861,40.49621],[8.36738,40.49643],[8.36634,40.49569],[8.36394,40.49499],[8.36162,40.49546],[8.36113,40.49619],[8.36094,40.49734],[8.36056,40.49777],[8.35978,40.49763],[8.35942,40.49818],[8.35882,40.49824],[8.35797,40.4979],[8.35718,40.49869],[8.35661,40.4989],[8.35606,40.49877],[8.3558,40.4991],[8.35504,40.49928],[8.35457,40.49902],[8.35419,40.49917],[8.35414,40.49956],[8.35309,40.50043],[8.35274,40.50148],[8.35205,40.50204],[8.3511,40.50201],[8.35085,40.50209],[8.35131,40.50211],[8.35138,40.50265],[8.35035,40.50356],[8.3492,40.50309],[8.34762,40.50294],[8.34674,40.5026],[8.34602,40.50162],[8.34506,40.50102],[8.34136,40.50012],[8.34083,40.49964],[8.33828,40.49976],[8.33759,40.50025],[8.33829,40.50063],[8.3386,40.50112],[8.3381,40.50152],[8.33741,40.50156],[8.33737,40.50179],[8.3381,40.5021],[8.3371,40.50244],[8.33847,40.50261],[8.33901,40.50356],[8.33867,40.50445],[8.33915,40.50492],[8.33813,40.50541],[8.33837,40.50599],[8.33804,40.50632],[8.33858,40.50703],[8.33925,40.50739],[8.33957,40.50809],[8.33917,40.50858],[8.33947,40.50918],[8.33888,40.51001],[8.33805,40.5106],[8.33789,40.51146],[8.33717,40.51168],[8.33715,40.51238],[8.33685,40.51275],[8.3342,40.51412],[8.33406,40.5146],[8.33365,40.5149],[8.33383,40.51574],[8.33356,40.51612],[8.33401,40.51666],[8.33392,40.5174],[8.33367,40.51779],[8.33268,40.51781],[8.3325,40.5181],[8.33248,40.51832],[8.3333,40.51887],[8.33272,40.51996],[8.33293,40.52022],[8.332,40.52067],[8.3322,40.52256],[8.33177,40.52289],[8.33186,40.52392],[8.33046,40.52449],[8.33007,40.52566],[8.32966,40.52567],[8.3289,40.52622],[8.32971,40.52731],[8.32806,40.52847],[8.32818,40.52927],[8.32739,40.52928],[8.32673,40.53032],[8.32645,40.53037],[8.32645,40.53088],[8.32558,40.53234],[8.32592,40.53266],[8.32536,40.53298],[8.32587,40.53288],[8.32545,40.53434],[8.32472,40.53547],[8.3247,40.53608],[8.32322,40.53672],[8.32299,40.53709],[8.32312,40.53818],[8.32375,40.53852],[8.32387,40.53916],[8.32343,40.53939],[8.32329,40.53978],[8.3228,40.53975],[8.323,40.54042],[8.32253,40.54097],[8.32151,40.54158],[8.32107,40.54155],[8.32124,40.54199],[8.32248,40.54278],[8.32241,40.54337],[8.32208,40.54366],[8.32127,40.54352],[8.32136,40.5437],[8.32106,40.54384],[8.32067,40.5435],[8.31962,40.5441],[8.31979,40.54436],[8.32046,40.54407],[8.3204,40.54435],[8.32103,40.54493],[8.32072,40.54521],[8.321,40.54535],[8.32089,40.54558],[8.32035,40.5458],[8.32029,40.5462],[8.32063,40.54652],[8.32029,40.54677],[8.3196,40.5466],[8.31929,40.54676],[8.31985,40.54735],[8.32047,40.54906],[8.32053,40.54993],[8.31979,40.55034],[8.31932,40.54979],[8.31924,40.55011],[8.31889,40.55019],[8.31751,40.54938],[8.31765,40.5502],[8.31734,40.55018],[8.31743,40.5506],[8.31711,40.55056],[8.31786,40.55101],[8.3183,40.551],[8.31859,40.55165],[8.31818,40.55198],[8.31711,40.55194],[8.31722,40.55224],[8.31609,40.55229],[8.31608,40.55253],[8.3157,40.55256],[8.31588,40.55359],[8.31559,40.55377],[8.31533,40.55474],[8.31557,40.55558],[8.31486,40.55605],[8.31352,40.55595],[8.3116,40.55671],[8.31214,40.55658],[8.31174,40.5569],[8.31199,40.55762],[8.31142,40.5591],[8.31113,40.55912],[8.31113,40.55961],[8.31075,40.55957],[8.31047,40.56022],[8.30801,40.56066],[8.30732,40.56101],[8.30628,40.56233],[8.3053,40.56516],[8.30522,40.56576],[8.30559,40.56583],[8.30553,40.56543],[8.30661,40.56227],[8.308,40.56086],[8.30828,40.5608],[8.30859,40.56179],[8.30831,40.56079],[8.30873,40.56072],[8.30901,40.56172],[8.30877,40.56071],[8.30919,40.56064],[8.30947,40.56164],[8.30922,40.56064],[8.30962,40.56057],[8.30997,40.56155],[8.30966,40.56056],[8.3116,40.56081],[8.31212,40.56064],[8.31282,40.55989],[8.3148,40.56053],[8.31484,40.56084],[8.31369,40.56114],[8.31486,40.56087],[8.31499,40.56109],[8.31332,40.5616],[8.31309,40.56127],[8.3133,40.56164],[8.31501,40.56112],[8.31516,40.56139],[8.31379,40.56185],[8.31517,40.56141],[8.31521,40.56189],[8.31357,40.56234],[8.31522,40.56192],[8.3153,40.56217],[8.31389,40.56251],[8.3153,40.56219],[8.31541,40.56254],[8.31415,40.56291],[8.31443,40.5632],[8.31432,40.56287],[8.31458,40.5628],[8.31476,40.56311],[8.31462,40.56279],[8.31484,40.56273],[8.31495,40.563],[8.31486,40.56272],[8.31521,40.56287],[8.31512,40.56265],[8.31546,40.56255],[8.31616,40.56413],[8.31477,40.56453],[8.31376,40.56308],[8.31388,40.56294],[8.31161,40.56187],[8.31146,40.56205],[8.31167,40.56215],[8.31135,40.56252],[8.31083,40.56229],[8.31134,40.56254],[8.31106,40.56285],[8.31053,40.56263],[8.31177,40.56324],[8.31116,40.56291],[8.31144,40.5626],[8.31209,40.56288],[8.31146,40.56256],[8.31177,40.56221],[8.31333,40.56298],[8.31301,40.56333],[8.31237,40.56306],[8.31299,40.56337],[8.31272,40.56368],[8.31208,40.5634],[8.31344,40.56408],[8.31282,40.56374],[8.31356,40.56309],[8.31448,40.5647],[8.3132,40.56513],[8.31072,40.56529],[8.3084,40.56436],[8.30777,40.56456],[8.31046,40.56563],[8.31691,40.56514],[8.31785,40.56681],[8.31817,40.56679],[8.31832,40.56807],[8.31808,40.57124],[8.31602,40.57414],[8.31232,40.57777],[8.31058,40.579],[8.30957,40.58036],[8.30974,40.58077],[8.30857,40.58333],[8.30637,40.58615],[8.30315,40.58876],[8.30073,40.58989],[8.29921,40.59125],[8.29462,40.59328],[8.29062,40.59422],[8.28926,40.59409],[8.28813,40.59355],[8.28819,40.59234],[8.28787,40.59402],[8.28698,40.59405],[8.28716,40.59371],[8.28688,40.59377],[8.28708,40.59342],[8.28717,40.59366],[8.28719,40.59309],[8.28707,40.59339],[8.28692,40.59301],[8.2872,40.59301],[8.28723,40.59278],[8.28691,40.59272],[8.28687,40.59319],[8.28688,40.59271],[8.28697,40.5925],[8.28724,40.59266],[8.28724,40.5923],[8.28698,40.59248],[8.28713,40.59219],[8.28684,40.59142],[8.2879,40.59106],[8.28906,40.59162],[8.28928,40.5915],[8.28779,40.59085],[8.28642,40.59128],[8.28394,40.59092],[8.28345,40.5912],[8.28096,40.59121],[8.27996,40.59157],[8.27866,40.59154],[8.27777,40.59234],[8.27759,40.59322],[8.27591,40.59347],[8.27525,40.59321],[8.27426,40.59196],[8.27353,40.5917],[8.27354,40.59074],[8.27301,40.5907],[8.27251,40.591],[8.27242,40.59008],[8.27125,40.59063],[8.27097,40.59021],[8.26905,40.59023],[8.26776,40.58951],[8.26753,40.58901],[8.26776,40.58868],[8.2674,40.5882],[8.26783,40.58734],[8.2677,40.5861],[8.26827,40.58564],[8.26785,40.58536],[8.26792,40.58503],[8.2671,40.58473],[8.2669,40.58387],[8.26621,40.58377],[8.26628,40.58336],[8.26596,40.58296],[8.26614,40.58228],[8.2655,40.58186],[8.26586,40.58125],[8.26555,40.58139],[8.26516,40.58114],[8.26506,40.58157],[8.26438,40.58174],[8.26429,40.58241],[8.26387,40.58281],[8.26249,40.58298],[8.26201,40.58333],[8.262,40.58362],[8.26077,40.58406],[8.25655,40.58427],[8.25537,40.58393],[8.25433,40.58306],[8.25412,40.58323],[8.25423,40.58345],[8.2535,40.58361],[8.25328,40.58417],[8.25283,40.58415],[8.25265,40.58397],[8.25286,40.58378],[8.25231,40.58362],[8.25177,40.58386],[8.25142,40.58441],[8.25097,40.58441],[8.25031,40.58394],[8.25061,40.58363],[8.24998,40.5831],[8.25028,40.58289],[8.25022,40.58263],[8.24851,40.58288],[8.24776,40.58267],[8.24654,40.58192],[8.2457,40.58097],[8.24608,40.57993],[8.24572,40.57942],[8.24612,40.57878],[8.24575,40.57804],[8.24763,40.57698],[8.24773,40.57668],[8.24643,40.57645],[8.24647,40.57614],[8.24696,40.57594],[8.24724,40.57546],[8.24696,40.57511],[8.24643,40.57516],[8.2465,40.57484],[8.24468,40.57461],[8.24534,40.57284],[8.24448,40.57264],[8.24335,40.57119],[8.24376,40.57005],[8.24501,40.5693],[8.24487,40.569],[8.24319,40.56961],[8.24316,40.56942],[8.24209,40.5693],[8.24043,40.56973],[8.23899,40.57068],[8.23921,40.57114],[8.23889,40.57206],[8.23754,40.57252],[8.23672,40.57216],[8.2363,40.57108],[8.23561,40.57022],[8.23468,40.57017],[8.23266,40.56915],[8.2302,40.56938],[8.22958,40.56988],[8.22821,40.56983],[8.2277,40.57018],[8.22516,40.57047],[8.22277,40.56969],[8.2212,40.56946],[8.21809,40.56949],[8.21624,40.56994],[8.21613,40.57064],[8.21441,40.57136],[8.21342,40.57137],[8.21298,40.57114],[8.21212,40.57135],[8.21181,40.57116],[8.21124,40.57123],[8.21092,40.57158],[8.20965,40.57145],[8.20929,40.57183],[8.20816,40.57092],[8.2075,40.57113],[8.20706,40.57037],[8.20591,40.56939],[8.2055,40.56932],[8.20552,40.56893],[8.20505,40.56832],[8.20356,40.56818],[8.20375,40.5695],[8.20324,40.57027],[8.20174,40.5707],[8.2014,40.57022],[8.20088,40.57001],[8.19996,40.57167],[8.1981,40.57123],[8.19804,40.5719],[8.19842,40.57222],[8.19807,40.57249],[8.19849,40.57279],[8.19833,40.57317],[8.1986,40.57352],[8.19796,40.57425],[8.19817,40.57444],[8.19792,40.57492],[8.19771,40.57487],[8.19807,40.57544],[8.19779,40.5757],[8.19791,40.57617],[8.19912,40.5777],[8.19992,40.57793],[8.19981,40.57876],[8.2005,40.57994],[8.20112,40.58038],[8.20225,40.58051],[8.20357,40.58104],[8.20375,40.58156],[8.20436,40.58134],[8.20507,40.58213],[8.20492,40.58242],[8.20419,40.5827],[8.20563,40.58449],[8.20584,40.58519],[8.20678,40.58571],[8.20681,40.58601],[8.20634,40.58641],[8.20651,40.58676],[8.20743,40.58688],[8.2083,40.58759],[8.20792,40.58847],[8.20837,40.58915],[8.20822,40.59008],[8.20691,40.59041],[8.20686,40.59098],[8.20603,40.59208],[8.20538,40.59265],[8.20424,40.59296],[8.20371,40.59336],[8.20369,40.5939],[8.20414,40.59418],[8.20678,40.59404],[8.21017,40.59292],[8.21119,40.59293],[8.21293,40.5933],[8.21293,40.59353],[8.21329,40.59334],[8.2133,40.59393],[8.21251,40.59411],[8.21236,40.59395],[8.21277,40.59456],[8.21358,40.59491],[8.21253,40.59413],[8.21328,40.59397],[8.21346,40.59427],[8.21338,40.59355],[8.21363,40.59337],[8.21364,40.59397],[8.2141,40.59426],[8.21367,40.59395],[8.21376,40.59325],[8.2156,40.59338],[8.21484,40.59397],[8.2156,40.59342],[8.21651,40.5938],[8.21784,40.59517],[8.2163,40.59577],[8.21786,40.5952],[8.21856,40.59767],[8.21745,40.5979],[8.21857,40.59768],[8.21949,40.60056],[8.21945,40.6017],[8.2191,40.60206],[8.21907,40.60265],[8.2184,40.60335],[8.2187,40.60334],[8.21856,40.60377],[8.2168,40.60491],[8.21495,40.60712],[8.21443,40.60807],[8.21449,40.60864],[8.2135,40.61043],[8.21293,40.61121],[8.21206,40.61172],[8.21226,40.61186],[8.21217,40.61232],[8.21081,40.61342],[8.20988,40.61474],[8.20679,40.61629],[8.20357,40.61737],[8.19757,40.61843],[8.1959,40.61844],[8.19585,40.6181],[8.19587,40.61844],[8.19394,40.61825],[8.1906,40.61712],[8.18918,40.61572],[8.18917,40.61465],[8.18994,40.6124],[8.19139,40.6106],[8.19136,40.60974],[8.19054,40.60824],[8.19072,40.60733],[8.19052,40.60672],[8.19019,40.60629],[8.18936,40.60653],[8.18467,40.60583],[8.18408,40.60503],[8.18378,40.60321],[8.18279,40.60179],[8.18235,40.5995],[8.18153,40.59769],[8.17988,40.59662],[8.17929,40.59666],[8.17803,40.59562],[8.17663,40.5951],[8.17647,40.59394],[8.17622,40.59368],[8.17454,40.59371],[8.17171,40.59455],[8.1701,40.59464],[8.16934,40.59439],[8.16801,40.5929],[8.16793,40.59244],[8.16861,40.59174],[8.16969,40.59259],[8.16997,40.59243],[8.16977,40.59254],[8.16865,40.5917],[8.16969,40.58956],[8.17258,40.58922],[8.17366,40.58877],[8.17389,40.58833],[8.17302,40.58792],[8.17246,40.58698],[8.1722,40.58574],[8.17227,40.58457],[8.17207,40.58455],[8.17212,40.58405],[8.17167,40.58351],[8.17189,40.58302],[8.17154,40.58202],[8.17127,40.58186],[8.1718,40.58095],[8.17132,40.58036],[8.17068,40.58025],[8.16961,40.58084],[8.16964,40.58192],[8.16916,40.58187],[8.16927,40.58311],[8.16883,40.58384],[8.16709,40.58437],[8.16562,40.58402],[8.16465,40.58348],[8.16393,40.5823],[8.16311,40.58169],[8.16271,40.57942],[8.16208,40.57894],[8.16146,40.57723],[8.16196,40.57696],[8.16192,40.57645],[8.16102,40.57612],[8.16112,40.57584],[8.16218,40.57554],[8.16229,40.57489],[8.16351,40.57356],[8.1644,40.57323],[8.16538,40.57332],[8.16559,40.57281],[8.16559,40.57158],[8.16479,40.57165],[8.16419,40.57118],[8.16575,40.56738],[8.16587,40.56623],[8.16506,40.56498],[8.16533,40.56454],[8.16516,40.56412],[8.16477,40.56346],[8.16424,40.56321],[8.16438,40.56296],[8.16418,40.56279],[8.16509,40.56252],[8.1647,40.5621],[8.16466,40.56102],[8.1643,40.56053],[8.16352,40.56021],[8.16115,40.56094],[8.16135,40.5613],[8.16099,40.56152],[8.16181,40.56226],[8.16144,40.56269],[8.16266,40.56308],[8.16209,40.56324],[8.16153,40.56397],[8.1589,40.56597],[8.15805,40.56634],[8.15769,40.56688],[8.15758,40.56837],[8.15708,40.56898],[8.157,40.56974],[8.15654,40.56989],[8.15661,40.57028],[8.15785,40.57199],[8.15868,40.57227],[8.15931,40.57314],[8.15859,40.57385],[8.15853,40.57438],[8.15792,40.5745],[8.15762,40.57564],[8.15581,40.57663],[8.1553,40.57742],[8.15583,40.5786],[8.15576,40.57945],[8.15502,40.57964],[8.15366,40.57842],[8.15278,40.57859],[8.15168,40.57829],[8.15035,40.57897],[8.15091,40.58011],[8.15098,40.5808],[8.15022,40.58143],[8.14991,40.58206],[8.14973,40.58366],[8.149,40.58386],[8.14993,40.5853],[8.14986,40.58691],[8.14937,40.58742],[8.15006,40.58875],[8.15009,40.58939],[8.14981,40.58968],[8.14983,40.59031],[8.14899,40.59084],[8.14916,40.59132],[8.1489,40.59246],[8.14827,40.59456],[8.14755,40.59581],[8.1476,40.59638],[8.14723,40.59664],[8.14728,40.59755],[8.14642,40.59801],[8.14528,40.59981],[8.14821,40.60166],[8.14688,40.60229],[8.14604,40.60218],[8.14427,40.60273],[8.14496,40.60318],[8.14755,40.60369],[8.14872,40.60451],[8.14874,40.60502],[8.14918,40.60527],[8.14788,40.60639],[8.14828,40.60685],[8.14734,40.60688],[8.14624,40.60779],[8.14713,40.60913],[8.14706,40.60966],[8.1465,40.61026],[8.14675,40.61134],[8.14623,40.61298],[8.14568,40.61327],[8.14507,40.61296],[8.14467,40.61346],[8.14364,40.61334],[8.14382,40.61373],[8.14354,40.61389],[8.1435,40.6146],[8.14328,40.61464],[8.14397,40.61594],[8.14422,40.61705],[8.14376,40.61782],[8.14436,40.61781],[8.14459,40.61812],[8.14459,40.61844],[8.14402,40.61891],[8.14447,40.62032],[8.14479,40.62061],[8.1444,40.62253],[8.14554,40.62474],[8.14685,40.62606],[8.14826,40.62605],[8.14884,40.62647],[8.15063,40.62615],[8.15083,40.6257],[8.15187,40.62595],[8.15201,40.62565],[8.15281,40.62557],[8.15409,40.62601],[8.1546,40.62675],[8.15544,40.62642],[8.15563,40.6261],[8.15641,40.62596],[8.15719,40.62637],[8.15803,40.62635],[8.15841,40.62672],[8.1582,40.62683],[8.15833,40.627],[8.15921,40.62684],[8.16103,40.62746],[8.16134,40.62783],[8.16187,40.62764],[8.1632,40.6286],[8.16338,40.62998],[8.16272,40.63106],[8.16196,40.63139],[8.16192,40.63183],[8.16078,40.63204],[8.15962,40.63262],[8.16119,40.63272],[8.16064,40.63311],[8.16106,40.63322],[8.16064,40.63371],[8.16196,40.63351],[8.16234,40.63316],[8.16269,40.63329],[8.16289,40.63305],[8.16515,40.63288],[8.16581,40.6325],[8.16645,40.63263],[8.16697,40.63232],[8.16838,40.63327],[8.17096,40.63367],[8.17135,40.63392],[8.1759,40.63424],[8.17622,40.63447],[8.17626,40.63561],[8.17668,40.63589],[8.17628,40.63632],[8.17667,40.63681],[8.17882,40.637],[8.18186,40.63637],[8.18304,40.63668],[8.18302,40.6371],[8.18335,40.63737],[8.18381,40.63674],[8.18411,40.63699],[8.18439,40.63651],[8.18476,40.63661],[8.18495,40.63691],[8.18458,40.63716],[8.18448,40.63758],[8.1853,40.63781],[8.18553,40.63841],[8.18678,40.63918],[8.18662,40.63963],[8.18605,40.63984],[8.18615,40.64016],[8.18554,40.64081],[8.18565,40.64148],[8.1864,40.64209],[8.18814,40.64244],[8.18857,40.64294],[8.18818,40.64359],[8.18744,40.64389],[8.18637,40.64331],[8.18533,40.64345],[8.1858,40.64474],[8.18787,40.64547],[8.18824,40.64737],[8.18977,40.64794],[8.18946,40.64932],[8.18899,40.64964],[8.18902,40.64998],[8.18975,40.65063],[8.18924,40.65197],[8.19064,40.65218],[8.19095,40.65256],[8.18984,40.65384],[8.19008,40.65396],[8.19129,40.65329],[8.19241,40.65334],[8.1926,40.65361],[8.19185,40.65493],[8.19044,40.65563],[8.19036,40.65614],[8.18931,40.6573],[8.18924,40.65776],[8.19053,40.65729],[8.19192,40.65716],[8.19053,40.65903],[8.19067,40.65933],[8.19193,40.66025],[8.19368,40.65995],[8.19403,40.66071],[8.19374,40.6616],[8.19295,40.66213],[8.19267,40.66204],[8.19261,40.66248],[8.19151,40.66338],[8.19224,40.66346],[8.19225,40.66383],[8.19295,40.66386],[8.19333,40.66469],[8.19388,40.66452],[8.19427,40.66472],[8.19415,40.66547],[8.19391,40.6655],[8.19416,40.66586],[8.19498,40.66577],[8.19518,40.66599],[8.19454,40.66664],[8.19482,40.66724],[8.19465,40.6677],[8.19395,40.668],[8.19467,40.6682],[8.19515,40.6686],[8.19502,40.66877],[8.1955,40.66892],[8.19566,40.66931],[8.1954,40.66981],[8.19618,40.66996],[8.19641,40.67036],[8.19745,40.67015],[8.19768,40.67075],[8.19703,40.67122],[8.19705,40.67196],[8.1982,40.67226],[8.19907,40.67293],[8.19892,40.67339],[8.1982,40.67341],[8.19801,40.67381],[8.197,40.6742],[8.19702,40.67448],[8.19637,40.67495],[8.1968,40.67499],[8.19689,40.67553],[8.19661,40.67561],[8.1967,40.67592],[8.19645,40.67591],[8.19637,40.67675],[8.19569,40.67701],[8.19671,40.67743],[8.19646,40.67847],[8.19837,40.67808],[8.19937,40.67805],[8.19989,40.67846],[8.20084,40.67815],[8.20113,40.67844],[8.20097,40.67884],[8.20222,40.67873],[8.20362,40.67955],[8.20413,40.67955],[8.20492,40.68037],[8.20519,40.68196],[8.20528,40.68382],[8.20397,40.68763],[8.20328,40.68841],[8.2014,40.68924],[8.19985,40.68956],[8.19923,40.68942],[8.19827,40.68851],[8.19744,40.68825],[8.19648,40.68864],[8.1963,40.68841],[8.19586,40.68886],[8.19588,40.6893],[8.19697,40.6906],[8.19573,40.69082],[8.19409,40.69169],[8.19356,40.69177],[8.19018,40.69099],[8.18896,40.69093],[8.18866,40.69125],[8.18667,40.69121],[8.18613,40.692],[8.1862,40.69236],[8.18547,40.69292],[8.1859,40.69325],[8.18549,40.69368],[8.18248,40.69374],[8.18141,40.69338],[8.1816,40.69355],[8.1798,40.69327],[8.17844,40.69344],[8.17792,40.69388],[8.17499,40.69484],[8.17436,40.69621],[8.17423,40.69873],[8.17497,40.70007],[8.17492,40.70055],[8.17542,40.70069],[8.17564,40.70131],[8.17503,40.70189],[8.17455,40.70306],[8.17392,40.70355],[8.17369,40.70445],[8.1724,40.70513],[8.17236,40.70581],[8.17177,40.70665],[8.17071,40.7078],[8.17048,40.70785],[8.17052,40.70761],[8.16983,40.70807],[8.16931,40.709],[8.16741,40.70931],[8.16661,40.71033],[8.16548,40.71081],[8.16357,40.71101],[8.1634,40.71139],[8.16235,40.71203],[8.16258,40.71277],[8.16339,40.71343],[8.16356,40.71427],[8.16314,40.71448],[8.16253,40.71427],[8.16153,40.7144],[8.15929,40.71402],[8.15877,40.7144],[8.15802,40.71425],[8.15814,40.71404],[8.15544,40.71433],[8.15591,40.71447],[8.15545,40.7148],[8.15562,40.7152],[8.15504,40.71584],[8.15506,40.71644],[8.15343,40.71785],[8.15288,40.71797],[8.15308,40.71825],[8.15264,40.71849],[8.15345,40.71955],[8.15336,40.71999],[8.15075,40.72082],[8.14997,40.72126],[8.15078,40.72096],[8.15024,40.72152],[8.1494,40.72187],[8.14976,40.72208],[8.14875,40.72258],[8.14904,40.7227],[8.14869,40.72295],[8.14901,40.7237],[8.14851,40.72489],[8.14572,40.7261],[8.14475,40.72728],[8.14443,40.72715],[8.14437,40.72737],[8.1435,40.72749],[8.14244,40.72804],[8.1395,40.72778],[8.13913,40.72736],[8.13831,40.72743],[8.13828,40.72722],[8.13765,40.72814],[8.13711,40.72844],[8.13737,40.7287],[8.13701,40.7288],[8.13724,40.72898],[8.13677,40.72963],[8.13608,40.72996],[8.13599,40.73032],[8.13619,40.73047],[8.13574,40.73073],[8.13556,40.73145],[8.13441,40.73093],[8.13425,40.73103],[8.13457,40.73133],[8.1344,40.73169],[8.13274,40.7314],[8.13263,40.7316],[8.13138,40.73182],[8.13112,40.73213],[8.13178,40.7323],[8.13086,40.73272],[8.13346,40.73237],[8.13323,40.73271],[8.1348,40.73258],[8.1356,40.73201],[8.13617,40.73287],[8.13666,40.73293],[8.13647,40.73315],[8.13795,40.73412],[8.13648,40.7347],[8.13601,40.73568],[8.13501,40.73564],[8.13517,40.73598],[8.13495,40.73607],[8.13514,40.73618],[8.13497,40.7364],[8.13667,40.73648],[8.13638,40.73677],[8.13691,40.73669],[8.1353,40.7375],[8.13518,40.73786],[8.13571,40.73813],[8.1366,40.73828],[8.1375,40.73807],[8.13701,40.73831],[8.13744,40.73825],[8.13786,40.73788],[8.13827,40.73852],[8.13866,40.73845],[8.13904,40.73895],[8.13939,40.73887],[8.1394,40.73862],[8.13976,40.7387],[8.13976,40.73832],[8.14042,40.73859],[8.14075,40.73922],[8.14114,40.73929],[8.14206,40.73831],[8.14266,40.73834],[8.14366,40.73921],[8.14451,40.73915],[8.14467,40.73948],[8.14496,40.73927],[8.14572,40.73956],[8.14615,40.73911],[8.14674,40.73937],[8.14674,40.74007],[8.14714,40.73989],[8.14747,40.74016],[8.14749,40.74108],[8.14719,40.74146],[8.14495,40.74219],[8.14449,40.74281],[8.14504,40.74275],[8.14509,40.74302],[8.14473,40.74327],[8.14455,40.74397],[8.14525,40.74475],[8.14578,40.74452],[8.14546,40.74525],[8.14632,40.74468],[8.14672,40.74474],[8.14654,40.74504],[8.14781,40.74474],[8.14793,40.74535],[8.14836,40.74511],[8.14866,40.74524],[8.1484,40.74589],[8.1491,40.74618],[8.14873,40.7466],[8.14959,40.74693],[8.14931,40.7478],[8.14954,40.74767],[8.15044,40.74837],[8.15277,40.74902],[8.15417,40.74901],[8.1567,40.74845],[8.15724,40.74878],[8.15729,40.74917],[8.15632,40.74986],[8.15597,40.74982],[8.15628,40.75023],[8.1555,40.7506],[8.15565,40.75115],[8.15643,40.75038],[8.15684,40.75081],[8.15594,40.75242],[8.15648,40.75381],[8.15644,40.75462],[8.1572,40.75524],[8.1575,40.75594],[8.15822,40.75595],[8.15801,40.75609],[8.15838,40.75634],[8.15823,40.75656],[8.1585,40.75695],[8.15853,40.75827],[8.16056,40.75913],[8.16117,40.76001],[8.16099,40.76032],[8.16115,40.76109],[8.16136,40.76093],[8.16172,40.76134],[8.16146,40.76294],[8.16168,40.76317],[8.16137,40.76362],[8.16162,40.76378],[8.16191,40.76355],[8.16233,40.76382],[8.16273,40.76321],[8.16403,40.76308],[8.16431,40.76362],[8.16419,40.76421],[8.16465,40.76437],[8.16442,40.76457],[8.16452,40.76529],[8.16545,40.76563],[8.16594,40.7654],[8.16602,40.76566],[8.16648,40.76575],[8.16689,40.76664],[8.16644,40.76741],[8.16586,40.76752],[8.16538,40.76825],[8.16475,40.76819],[8.16453,40.76886],[8.16513,40.76944],[8.16568,40.76909],[8.16607,40.76926],[8.16543,40.76985],[8.16574,40.7699],[8.16566,40.77023],[8.16594,40.77042],[8.16615,40.77125],[8.16711,40.77207],[8.16734,40.77276],[8.16724,40.7738],[8.16649,40.77418],[8.16618,40.7747],[8.16547,40.77445],[8.16528,40.77478],[8.16498,40.77472],[8.16484,40.77556],[8.16389,40.77604],[8.16433,40.77631],[8.16404,40.77665],[8.16472,40.77699],[8.16499,40.77745],[8.16536,40.77732],[8.16532,40.77703],[8.1657,40.77673],[8.1662,40.77677],[8.166,40.77717],[8.16689,40.77766],[8.16662,40.77807],[8.16732,40.77832],[8.16715,40.77893],[8.16774,40.78018],[8.16734,40.78046],[8.16654,40.78028],[8.16651,40.78051],[8.16695,40.7806],[8.16681,40.78074],[8.16508,40.78101],[8.16451,40.78071],[8.1639,40.78115],[8.164,40.78201],[8.16453,40.7828],[8.16606,40.78414],[8.16407,40.7857],[8.16369,40.78566],[8.16371,40.78638],[8.16302,40.78632],[8.16362,40.78657],[8.1632,40.78699],[8.16368,40.7875],[8.16411,40.78745],[8.16452,40.78782],[8.16483,40.78895],[8.16451,40.78967],[8.16482,40.78985],[8.16284,40.79112],[8.16153,40.79132],[8.16027,40.79094],[8.16072,40.79303],[8.16203,40.79593],[8.16274,40.79636],[8.16344,40.79632],[8.1654,40.79538],[8.16585,40.79621],[8.16578,40.79547],[8.16601,40.79545],[8.16703,40.79568],[8.16793,40.79673],[8.1695,40.79641],[8.16976,40.79704],[8.16933,40.7978],[8.1691,40.79773],[8.16925,40.79797],[8.16823,40.79863],[8.1685,40.79893],[8.16853,40.79963],[8.16896,40.80013],[8.16912,40.80022],[8.16918,40.79986],[8.17071,40.79939],[8.17208,40.79943],[8.17306,40.79987],[8.17358,40.79974],[8.1748,40.80015],[8.17507,40.80082],[8.1753,40.80057],[8.17622,40.80068],[8.17566,40.80175],[8.17615,40.80246],[8.17675,40.80251],[8.17713,40.80295],[8.1783,40.80349],[8.17873,40.80417],[8.17874,40.8049],[8.17815,40.80644],[8.17836,40.80676],[8.17803,40.80666],[8.17779,40.80753],[8.17816,40.80803],[8.17811,40.80851],[8.17912,40.80903],[8.17898,40.80966],[8.17917,40.81018],[8.17931,40.80979],[8.17956,40.81041],[8.18218,40.8114],[8.18318,40.81126],[8.18509,40.81216],[8.18546,40.81196],[8.18651,40.81208],[8.18715,40.81178],[8.18772,40.81197],[8.18797,40.81246],[8.18784,40.81294],[8.18726,40.81313],[8.18713,40.81453],[8.18565,40.81687],[8.18525,40.81679],[8.18468,40.81731],[8.18406,40.81734],[8.18388,40.81775],[8.18451,40.81791],[8.1851,40.81894],[8.18572,40.81874],[8.1866,40.81902],[8.1866,40.81962],[8.18599,40.81989],[8.18625,40.82064],[8.18685,40.82066],[8.1878,40.82005],[8.18857,40.82007],[8.19008,40.82046],[8.19062,40.8211],[8.19177,40.82149],[8.19177,40.82203],[8.19102,40.8224],[8.19083,40.82282],[8.19092,40.82476],[8.19109,40.82501],[8.19208,40.82502],[8.19352,40.82571],[8.19384,40.82675],[8.1947,40.82721],[8.19561,40.82839],[8.19526,40.82972],[8.19439,40.83023],[8.19356,40.83022],[8.19303,40.83108],[8.19386,40.83222],[8.19346,40.83222],[8.19311,40.83274],[8.19182,40.83319],[8.19127,40.83309],[8.19086,40.83389],[8.19167,40.83375],[8.19255,40.83399],[8.19246,40.83432],[8.19198,40.83418],[8.1921,40.83502],[8.19255,40.8354],[8.19295,40.83543],[8.19316,40.83504],[8.19483,40.8349],[8.19568,40.83519],[8.1957,40.83565],[8.19692,40.83646],[8.19788,40.83631],[8.19868,40.83665],[8.19871,40.83691],[8.19786,40.83757],[8.19787,40.83825],[8.19746,40.83902],[8.1987,40.83967],[8.19939,40.84069],[8.1997,40.84172],[8.20016,40.84187],[8.20031,40.84259],[8.20067,40.84273],[8.20058,40.84292],[8.20119,40.84332],[8.20126,40.84363],[8.20175,40.84349],[8.20266,40.84404],[8.20234,40.84452],[8.20293,40.84487],[8.203,40.84542],[8.20338,40.84557],[8.20297,40.84623],[8.20351,40.847],[8.20351,40.8476],[8.20384,40.84809],[8.20493,40.84867],[8.20584,40.84876],[8.20639,40.84921],[8.20736,40.84939],[8.20677,40.85158],[8.20679,40.85271],[8.20763,40.85259],[8.2077,40.85289],[8.20726,40.85336],[8.20803,40.85332],[8.20837,40.8537],[8.20831,40.85424],[8.20936,40.85438],[8.21,40.85486],[8.2099,40.8551],[8.20908,40.85517],[8.20888,40.85551],[8.2101,40.85562],[8.21065,40.85708],[8.21054,40.85735],[8.21113,40.85752],[8.21133,40.85844],[8.21218,40.85864],[8.21143,40.85948],[8.21156,40.8602],[8.21257,40.86093],[8.21245,40.86149],[8.21277,40.86169],[8.21271,40.86199],[8.21477,40.86277],[8.21458,40.86332],[8.21503,40.86361],[8.2146,40.86408],[8.21497,40.86498],[8.21631,40.86595],[8.21617,40.86692],[8.21588,40.86714],[8.21606,40.86795],[8.21559,40.86793],[8.21557,40.86818],[8.21712,40.86801],[8.21755,40.86837],[8.21872,40.86848],[8.21901,40.86886],[8.21841,40.86982],[8.21831,40.87055],[8.21787,40.87054],[8.21908,40.87087],[8.21875,40.87186],[8.2179,40.87209],[8.21833,40.87242],[8.21836,40.87312],[8.21769,40.87441],[8.21797,40.87454],[8.21808,40.87519],[8.21842,40.87535],[8.21842,40.87588],[8.21738,40.87618],[8.21767,40.87707],[8.21699,40.87809],[8.21715,40.87823],[8.21668,40.87852],[8.21697,40.87871],[8.2174,40.87852],[8.21752,40.87902],[8.21708,40.87963],[8.21602,40.87989],[8.21595,40.88032],[8.21663,40.88102],[8.21691,40.88077],[8.21703,40.88102],[8.21849,40.88137],[8.22,40.88221],[8.22038,40.88285],[8.21979,40.88345],[8.22077,40.88386],[8.22027,40.8847],[8.22175,40.88548],[8.2229,40.88576],[8.22289,40.88619],[8.22375,40.88627],[8.22323,40.88695],[8.22335,40.88728],[8.22282,40.88724],[8.22345,40.88752],[8.2231,40.8877],[8.22338,40.88805],[8.22199,40.88798],[8.2224,40.88836],[8.22171,40.88825],[8.22221,40.88855],[8.2215,40.88848],[8.22188,40.88909],[8.22255,40.8894],[8.22213,40.88938],[8.22276,40.88961],[8.22258,40.88986],[8.22223,40.88975],[8.22239,40.89004],[8.22191,40.89017],[8.22155,40.89133],[8.22193,40.89179],[8.22276,40.89199],[8.22272,40.89243],[8.22204,40.89278],[8.2216,40.89253],[8.2208,40.89353],[8.22022,40.89324],[8.21911,40.89361],[8.21859,40.89351],[8.21882,40.89374],[8.21847,40.89372],[8.21844,40.89411],[8.21934,40.89529],[8.21878,40.89567],[8.21823,40.89566],[8.21861,40.89599],[8.21774,40.89628],[8.21783,40.89664],[8.21608,40.89637],[8.21576,40.89644],[8.21557,40.89692],[8.2149,40.89688],[8.21538,40.89757],[8.21675,40.89793],[8.21685,40.89755],[8.2172,40.89762],[8.21762,40.89714],[8.21857,40.89808],[8.21851,40.89891],[8.22003,40.89964],[8.22055,40.89945],[8.22042,40.90003],[8.21791,40.90059],[8.21663,40.90155],[8.21513,40.90125],[8.21384,40.90159],[8.21387,40.90184],[8.21359,40.90194],[8.21391,40.90225],[8.21336,40.90216],[8.21396,40.90285],[8.21305,40.90301],[8.21318,40.90321],[8.21294,40.9034],[8.21249,40.90314],[8.21266,40.90355],[8.21261,40.90396],[8.21243,40.90394],[8.2127,40.90422],[8.2125,40.90447],[8.21093,40.90435],[8.20927,40.90317],[8.20901,40.90337],[8.20838,40.90328],[8.20898,40.90408],[8.20825,40.90455],[8.20792,40.90431],[8.20781,40.90477],[8.20733,40.90498],[8.20806,40.9057],[8.20744,40.90631],[8.20738,40.9069],[8.20624,40.90749],[8.20476,40.90737],[8.20401,40.90757],[8.20399,40.908],[8.20478,40.90842],[8.20495,40.90886],[8.20393,40.90919],[8.20299,40.90989],[8.20206,40.9101],[8.20233,40.91047],[8.20151,40.91057],[8.20155,40.91119],[8.20117,40.91159],[8.2002,40.9116],[8.19969,40.91173],[8.1997,40.91194],[8.19913,40.91178],[8.19878,40.91228],[8.19798,40.91204],[8.19776,40.9123],[8.19718,40.91228],[8.19682,40.91204],[8.19687,40.91226],[8.19622,40.91227],[8.19594,40.91258],[8.19545,40.91244],[8.19531,40.91294],[8.194,40.91298],[8.19377,40.91326],[8.19267,40.91282],[8.19209,40.91348],[8.19155,40.91329],[8.1919,40.91399],[8.19248,40.91445],[8.19175,40.91462],[8.19172,40.91492],[8.19145,40.91476],[8.19184,40.91519],[8.19153,40.91553],[8.19158,40.91598],[8.19092,40.916],[8.19109,40.91684],[8.19069,40.91679],[8.19066,40.91719],[8.18995,40.91718],[8.18987,40.91768],[8.18929,40.91757],[8.18874,40.91838],[8.18878,40.91882],[8.18921,40.91906],[8.18974,40.91891],[8.18988,40.91921],[8.19026,40.91914],[8.19023,40.91964],[8.19073,40.91985],[8.19085,40.92059],[8.19248,40.92122],[8.19146,40.92195],[8.19201,40.9228],[8.19129,40.92286],[8.1912,40.9231],[8.19068,40.92283],[8.19103,40.92316],[8.19085,40.92383],[8.19119,40.92401],[8.1911,40.9242],[8.19066,40.92434],[8.19064,40.9246],[8.19026,40.92442],[8.19006,40.92476],[8.18961,40.92474],[8.18959,40.92519],[8.1893,40.92538],[8.18847,40.92543],[8.18778,40.92517],[8.18778,40.92555],[8.18809,40.92565],[8.18772,40.92605],[8.18682,40.926],[8.18638,40.92654],[8.18571,40.92681],[8.18491,40.92648],[8.18469,40.927],[8.18386,40.92672],[8.18363,40.92715],[8.18323,40.9271],[8.1834,40.9274],[8.18311,40.9277],[8.18385,40.9277],[8.18363,40.92796],[8.18424,40.92801],[8.18357,40.9283],[8.18386,40.92842],[8.18367,40.92859],[8.18263,40.92877],[8.1828,40.92911],[8.18185,40.92935],[8.18201,40.92972],[8.18148,40.9299],[8.18157,40.93009],[8.18036,40.93026],[8.18081,40.93067],[8.18032,40.9313],[8.18071,40.93157],[8.17954,40.9314],[8.17966,40.9317],[8.17917,40.9317],[8.17933,40.93197],[8.17899,40.93205],[8.17924,40.93257],[8.17843,40.93191],[8.17779,40.93186],[8.17787,40.93229],[8.17666,40.93263],[8.17691,40.93294],[8.17685,40.93346],[8.17722,40.93362],[8.17609,40.93391],[8.17641,40.93421],[8.17596,40.93483],[8.17625,40.93517],[8.17762,40.93492],[8.17777,40.93503],[8.17757,40.9352],[8.17938,40.93541],[8.17717,40.93608],[8.17669,40.93678],[8.17699,40.93707],[8.17654,40.93719],[8.17674,40.93735],[8.17801,40.93729],[8.17716,40.93806],[8.17729,40.93839],[8.17784,40.93827],[8.17732,40.93881],[8.17755,40.93919],[8.1799,40.93945],[8.17985,40.93988],[8.1822,40.93943],[8.18177,40.93989],[8.18253,40.93922],[8.18274,40.93948],[8.184,40.93889],[8.18378,40.93958],[8.18471,40.93949],[8.18258,40.94101],[8.18283,40.94129],[8.1821,40.94233],[8.1829,40.94239],[8.18267,40.94279],[8.18336,40.94321],[8.18279,40.94343],[8.18245,40.94401],[8.18406,40.94393],[8.1835,40.94431],[8.18346,40.94474],[8.18294,40.94542],[8.18364,40.94553],[8.18342,40.94588],[8.18398,40.94588],[8.18366,40.94664],[8.18406,40.94684],[8.18364,40.94735],[8.18393,40.94743],[8.18379,40.94772],[8.18454,40.94774],[8.18506,40.94741],[8.1854,40.94759],[8.18535,40.9478],[8.18583,40.94787],[8.18522,40.94829],[8.18555,40.94839],[8.18498,40.94869],[8.1852,40.9488],[8.18502,40.94905],[8.18515,40.94959],[8.18538,40.9497],[8.18508,40.95032],[8.18598,40.9506],[8.18569,40.951],[8.18673,40.95101],[8.18651,40.95162],[8.18742,40.95142],[8.18697,40.95188],[8.18806,40.9518],[8.18761,40.95238],[8.18785,40.95237],[8.18769,40.95266],[8.18829,40.95301],[8.18813,40.95321],[8.18923,40.95337],[8.18992,40.95318],[8.19069,40.95385],[8.19054,40.95432],[8.18985,40.95471],[8.18973,40.9554],[8.18916,40.95566],[8.18915,40.95587],[8.18963,40.95601],[8.1897,40.95639],[8.18891,40.95718],[8.18951,40.95706],[8.18956,40.95738],[8.19011,40.95741],[8.19067,40.9579],[8.19098,40.95784],[8.19126,40.95732],[8.19145,40.95762],[8.19172,40.95749],[8.19197,40.95769],[8.19255,40.95893],[8.19403,40.95859],[8.19559,40.95961],[8.19785,40.96023],[8.19722,40.96121],[8.1972,40.96169],[8.19686,40.96183],[8.19758,40.962],[8.19783,40.96277],[8.19959,40.96316],[8.19778,40.96356],[8.19801,40.96357],[8.19723,40.96438],[8.1972,40.96593],[8.19736,40.96623],[8.19772,40.96584],[8.19811,40.96663],[8.1985,40.96658],[8.19851,40.96617],[8.19885,40.96663],[8.20045,40.96691],[8.20047,40.96724],[8.19902,40.96793],[8.19922,40.96813],[8.19859,40.96849],[8.19827,40.96902],[8.19921,40.96886],[8.19973,40.97003],[8.20147,40.9701],[8.20174,40.97053],[8.20145,40.97078],[8.20143,40.97123],[8.2007,40.97173],[8.20076,40.97191],[8.20153,40.97162],[8.20176,40.97246],[8.20151,40.97268],[8.20217,40.97236],[8.20321,40.97047],[8.20358,40.97032],[8.20332,40.97125],[8.20347,40.97165],[8.204,40.97153],[8.20621,40.96961],[8.20608,40.96926],[8.20752,40.9679],[8.20757,40.96748],[8.20927,40.96663],[8.20991,40.96461],[8.21067,40.96427],[8.2117,40.96319],[8.21182,40.96275],[8.21252,40.9621],[8.21311,40.96025],[8.21372,40.95968],[8.2147,40.95974],[8.21566,40.95945],[8.21584,40.95876],[8.21669,40.95875],[8.21743,40.95841],[8.21871,40.95853],[8.21896,40.95885],[8.21874,40.95837],[8.21936,40.95812],[8.21965,40.95855],[8.21935,40.9591],[8.21889,40.95921],[8.21951,40.95916],[8.2198,40.95856],[8.21951,40.95809],[8.2202,40.9578],[8.22057,40.9569],[8.22177,40.95709],[8.22243,40.9566],[8.2228,40.95573],[8.22262,40.95536],[8.2228,40.9549],[8.22325,40.95472],[8.22352,40.95501],[8.22543,40.95481],[8.22624,40.95432],[8.2263,40.95355],[8.22671,40.95311],[8.22772,40.95331],[8.2284,40.95283],[8.22856,40.95316],[8.22923,40.95237],[8.22962,40.95241],[8.23012,40.95325],[8.23181,40.95329],[8.23197,40.95372],[8.23269,40.95397],[8.23388,40.95352],[8.23407,40.95387],[8.23614,40.95343],[8.23696,40.95361],[8.238,40.95292],[8.23679,40.95217],[8.23695,40.95172],[8.23767,40.95154],[8.23734,40.95126],[8.23768,40.95091],[8.23701,40.95057],[8.23723,40.9502],[8.23766,40.95018],[8.2375,40.94986],[8.23774,40.94978],[8.23644,40.94983],[8.23645,40.94902],[8.23478,40.9484],[8.23535,40.94807],[8.23547,40.94706],[8.23595,40.94662],[8.23579,40.94634],[8.23476,40.94609],[8.23522,40.94565],[8.23515,40.94529],[8.23469,40.94505],[8.23477,40.94435],[8.23379,40.94372],[8.23331,40.94375],[8.23265,40.94429],[8.23178,40.94438],[8.23293,40.94352],[8.23296,40.94319],[8.23241,40.94311],[8.23221,40.94258],[8.23281,40.94211],[8.23297,40.94149],[8.2335,40.94164],[8.23286,40.94103],[8.23316,40.94037],[8.2335,40.93993],[8.23441,40.93989],[8.23419,40.93969],[8.23435,40.93943],[8.23402,40.93915],[8.23469,40.93786],[8.23465,40.93718],[8.23362,40.93563],[8.2333,40.93564],[8.23437,40.93693],[8.23446,40.9378],[8.23325,40.93993],[8.23253,40.93995],[8.23229,40.9396],[8.23121,40.93965],[8.23086,40.93896],[8.22988,40.93844],[8.22977,40.93878],[8.22956,40.93882],[8.22942,40.93848],[8.22952,40.93883],[8.2284,40.93865],[8.22846,40.93882],[8.22809,40.93871],[8.22816,40.93893],[8.22778,40.93905],[8.22769,40.9388],[8.22775,40.93905],[8.2273,40.93914],[8.22722,40.93889],[8.22725,40.93907],[8.22502,40.93844],[8.22406,40.93844],[8.22531,40.93803],[8.22682,40.93864],[8.22946,40.938],[8.22977,40.93811],[8.22963,40.93754],[8.23029,40.93679],[8.23028,40.93622],[8.22994,40.93589],[8.23024,40.93536],[8.22991,40.93583],[8.22912,40.93552],[8.22927,40.93573],[8.22862,40.93621],[8.22839,40.93612],[8.22859,40.93632],[8.22828,40.93655],[8.22736,40.9368],[8.22636,40.9366],[8.22656,40.93624],[8.22771,40.93612],[8.22822,40.93519],[8.22935,40.93464],[8.22924,40.93423],[8.22824,40.93373],[8.22743,40.93293],[8.22753,40.93268],[8.22835,40.93256],[8.22839,40.93217],[8.22816,40.93176],[8.22712,40.93129],[8.22716,40.93077],[8.22809,40.93015],[8.22809,40.93034],[8.22813,40.93016],[8.22903,40.93065],[8.22926,40.93056],[8.23002,40.92974],[8.22988,40.92937],[8.23024,40.9288],[8.23253,40.92796],[8.23253,40.92763],[8.23124,40.92745],[8.23028,40.92797],[8.22991,40.92793],[8.23003,40.92769],[8.22999,40.92768],[8.22989,40.92792],[8.22948,40.92774],[8.22932,40.92735],[8.22958,40.92732],[8.22932,40.92733],[8.22982,40.92663],[8.23002,40.92565],[8.23187,40.92548],[8.23261,40.92439],[8.23231,40.92395],[8.2326,40.92367],[8.23351,40.92361],[8.23435,40.92421],[8.2346,40.92474],[8.23487,40.92436],[8.23464,40.923],[8.23369,40.92234],[8.23358,40.92202],[8.23484,40.92138],[8.23512,40.92099],[8.23524,40.9204],[8.23475,40.91952],[8.23445,40.91978],[8.234,40.91944],[8.23446,40.91875],[8.23486,40.91859],[8.23469,40.91853],[8.23497,40.91788],[8.23602,40.91702],[8.23575,40.91692],[8.23602,40.91639],[8.23576,40.91591],[8.23586,40.91526],[8.2355,40.91464],[8.23502,40.91441],[8.23432,40.91477],[8.23339,40.91457],[8.23325,40.91426],[8.23278,40.91429],[8.23222,40.91291],[8.23283,40.91131],[8.23265,40.911],[8.23316,40.91008],[8.2382,40.90335],[8.24537,40.89605],[8.24831,40.89216],[8.24974,40.89067],[8.25249,40.8886],[8.25492,40.8879],[8.25583,40.88732],[8.25777,40.88438],[8.26119,40.88135],[8.26594,40.87646],[8.27766,40.86735],[8.28097,40.86442],[8.28689,40.86001],[8.29462,40.85503],[8.29814,40.85297],[8.30029,40.85213],[8.30387,40.84993],[8.30932,40.84806],[8.31234,40.84601],[8.31267,40.8454],[8.31336,40.84494]]],[[[8.26117,40.99283],[8.26153,40.99225],[8.26115,40.99242],[8.2605,40.99186],[8.26002,40.9922],[8.25982,40.9917],[8.25933,40.99155],[8.25941,40.99068],[8.2598,40.99003],[8.25915,40.98965],[8.25868,40.99011],[8.25851,40.98969],[8.25816,40.98963],[8.25808,40.98856],[8.25727,40.98865],[8.25748,40.98816],[8.2567,40.98787],[8.25498,40.98815],[8.25467,40.98789],[8.25445,40.98576],[8.25612,40.98409],[8.25428,40.98531],[8.25294,40.98534],[8.25174,40.9865],[8.25092,40.98619],[8.25114,40.98536],[8.24951,40.98503],[8.24886,40.98389],[8.24813,40.98437],[8.24784,40.98527],[8.24738,40.98573],[8.24486,40.98672],[8.24395,40.98738],[8.2425,40.98732],[8.24132,40.98657],[8.23987,40.98647],[8.23888,40.98682],[8.23868,40.98627],[8.23884,40.98692],[8.23797,40.98725],[8.23661,40.98677],[8.23626,40.98651],[8.2364,40.98626],[8.23608,40.98625],[8.23566,40.98669],[8.2356,40.9875],[8.23526,40.9879],[8.23375,40.98849],[8.23257,40.98931],[8.23129,40.9889],[8.2311,40.98848],[8.23148,40.98803],[8.23032,40.98749],[8.22858,40.98613],[8.22679,40.987],[8.22586,40.98698],[8.22544,40.98659],[8.22456,40.98715],[8.22266,40.98764],[8.22189,40.98914],[8.22019,40.98971],[8.21877,40.98955],[8.21838,40.98881],[8.2181,40.98873],[8.21653,40.98889],[8.21528,40.98965],[8.21434,40.98942],[8.21372,40.99011],[8.21358,40.98955],[8.21272,40.98951],[8.21233,40.98897],[8.21377,40.98832],[8.21469,40.98764],[8.2145,40.98746],[8.21372,40.98778],[8.2125,40.98781],[8.21225,40.98805],[8.21193,40.98771],[8.21105,40.98786],[8.20905,40.98925],[8.20924,40.98945],[8.20872,40.99014],[8.20997,40.99008],[8.21017,40.9904],[8.21062,40.99045],[8.2101,40.99099],[8.21012,40.9912],[8.2106,40.99125],[8.2106,40.99171],[8.2119,40.99133],[8.21218,40.9915],[8.21061,40.99322],[8.21139,40.99425],[8.21134,40.99496],[8.21256,40.9947],[8.21473,40.99361],[8.21424,40.99319],[8.21498,40.9931],[8.21444,40.99294],[8.21504,40.99156],[8.21553,40.99167],[8.21617,40.99247],[8.21712,40.99225],[8.21735,40.99259],[8.21787,40.99258],[8.21782,40.99291],[8.21699,40.99327],[8.21786,40.9932],[8.21684,40.99423],[8.21773,40.99392],[8.21728,40.9942],[8.21727,40.9945],[8.21819,40.99446],[8.21694,40.9953],[8.21608,40.99554],[8.21639,40.99613],[8.21607,40.99622],[8.21626,40.99687],[8.21598,40.99712],[8.21511,40.99678],[8.21458,40.99699],[8.2143,40.99759],[8.21387,40.99786],[8.21341,40.99905],[8.21231,40.99949],[8.21267,40.99987],[8.21185,40.99992],[8.21137,41.0007],[8.21144,41.00126],[8.21111,41.00154],[8.21143,41.00158],[8.21077,41.00212],[8.21154,41.00373],[8.2119,41.00344],[8.21341,41.00401],[8.21403,41.00312],[8.21425,41.00315],[8.21411,41.00429],[8.21433,41.00426],[8.21454,41.00484],[8.21314,41.00489],[8.21293,41.00613],[8.21354,41.00638],[8.2138,41.00716],[8.21398,41.0069],[8.21423,41.00805],[8.21446,41.00781],[8.215,41.00789],[8.21484,41.0082],[8.2153,41.00818],[8.21536,41.00856],[8.21576,41.00785],[8.21596,41.0082],[8.21645,41.00795],[8.217,41.00983],[8.21771,41.01008],[8.21835,41.00996],[8.21865,41.00959],[8.21911,41.00995],[8.2193,41.01069],[8.2209,41.01148],[8.22147,41.01145],[8.22124,41.01273],[8.22149,41.01253],[8.22155,41.01281],[8.22168,41.01251],[8.22375,41.01444],[8.2239,41.015],[8.22356,41.01499],[8.22347,41.01522],[8.22388,41.01638],[8.22411,41.01639],[8.22442,41.01587],[8.22468,41.01674],[8.2249,41.0162],[8.22527,41.01616],[8.22573,41.01689],[8.2256,41.01702],[8.22585,41.01708],[8.22575,41.01747],[8.22536,41.01747],[8.22585,41.01772],[8.22564,41.01837],[8.22616,41.01788],[8.22639,41.01803],[8.22637,41.01888],[8.22674,41.01898],[8.22677,41.01974],[8.2271,41.02001],[8.22745,41.01987],[8.2276,41.02106],[8.228,41.02136],[8.22801,41.02167],[8.22842,41.0215],[8.22821,41.02201],[8.22882,41.02191],[8.22874,41.02243],[8.2293,41.02312],[8.23055,41.02309],[8.23073,41.02358],[8.23149,41.0239],[8.23102,41.02453],[8.23027,41.02474],[8.22922,41.02574],[8.22643,41.02513],[8.22568,41.02471],[8.22368,41.02453],[8.22303,41.02433],[8.2232,41.02422],[8.22159,41.02413],[8.22014,41.02369],[8.21879,41.0241],[8.21888,41.02454],[8.21834,41.0245],[8.21808,41.02468],[8.2183,41.02491],[8.21754,41.02527],[8.21803,41.02555],[8.2178,41.02572],[8.21802,41.02586],[8.21798,41.02627],[8.2171,41.02639],[8.21784,41.02697],[8.21762,41.02713],[8.21786,41.02733],[8.21772,41.0277],[8.218,41.02802],[8.21901,41.02803],[8.22157,41.02954],[8.2215,41.03013],[8.22124,41.03057],[8.22091,41.03062],[8.22299,41.03199],[8.22302,41.03244],[8.22247,41.0327],[8.22281,41.03304],[8.22237,41.0331],[8.22278,41.03339],[8.22238,41.03343],[8.22296,41.03395],[8.22376,41.0342],[8.22439,41.03546],[8.22399,41.03586],[8.22414,41.03614],[8.22348,41.03618],[8.22401,41.03635],[8.22384,41.03677],[8.22236,41.03778],[8.22246,41.03797],[8.222,41.03805],[8.22171,41.03919],[8.22106,41.03932],[8.22143,41.03953],[8.22146,41.03988],[8.22078,41.04007],[8.22083,41.04068],[8.22061,41.04074],[8.22099,41.04129],[8.22222,41.04195],[8.22216,41.04235],[8.22323,41.04246],[8.22386,41.04286],[8.22343,41.04317],[8.22432,41.04308],[8.22515,41.04347],[8.22531,41.04378],[8.23,41.04337],[8.23081,41.04352],[8.23368,41.04304],[8.23501,41.04327],[8.2355,41.04379],[8.23534,41.04419],[8.23574,41.0444],[8.23569,41.0448],[8.23642,41.04507],[8.23677,41.04568],[8.2379,41.04647],[8.23799,41.04682],[8.23857,41.04696],[8.23871,41.04673],[8.23915,41.0471],[8.23971,41.04703],[8.24044,41.0475],[8.2402,41.04753],[8.24053,41.04787],[8.24031,41.04802],[8.24071,41.04827],[8.24275,41.04897],[8.24301,41.04722],[8.24334,41.04677],[8.24478,41.04673],[8.24745,41.04903],[8.24832,41.04892],[8.24809,41.0491],[8.24833,41.04939],[8.24848,41.04901],[8.2488,41.04908],[8.24975,41.04995],[8.2504,41.04979],[8.25118,41.05],[8.25079,41.05029],[8.25072,41.05079],[8.25059,41.05057],[8.25055,41.05073],[8.251,41.05119],[8.2518,41.05113],[8.25113,41.05143],[8.25173,41.0522],[8.25194,41.05216],[8.25182,41.05244],[8.25247,41.05238],[8.25196,41.05255],[8.25236,41.05289],[8.25391,41.05257],[8.25277,41.05312],[8.2536,41.05312],[8.253,41.05334],[8.25394,41.05372],[8.25318,41.05438],[8.25549,41.05569],[8.25575,41.05603],[8.25626,41.05598],[8.25615,41.05572],[8.2574,41.05594],[8.25727,41.05626],[8.25746,41.05638],[8.25831,41.05643],[8.25746,41.05675],[8.25765,41.05702],[8.25691,41.05753],[8.25578,41.05784],[8.25582,41.05812],[8.25742,41.05812],[8.25713,41.05843],[8.25744,41.05837],[8.25716,41.05864],[8.25755,41.05873],[8.25721,41.05901],[8.25741,41.05936],[8.25698,41.05924],[8.25714,41.05938],[8.25593,41.06014],[8.2569,41.06025],[8.25695,41.06088],[8.25772,41.06118],[8.2571,41.06143],[8.2572,41.06174],[8.25795,41.06184],[8.25775,41.06257],[8.25845,41.06278],[8.25788,41.06319],[8.25839,41.06319],[8.25836,41.06354],[8.25868,41.06362],[8.25902,41.06459],[8.25825,41.06563],[8.26122,41.06699],[8.2613,41.06725],[8.26091,41.0674],[8.26117,41.06751],[8.26053,41.06786],[8.26177,41.06745],[8.26338,41.06833],[8.26312,41.0688],[8.26388,41.0685],[8.26459,41.0688],[8.26445,41.06976],[8.26418,41.06992],[8.2646,41.07016],[8.26441,41.07069],[8.26482,41.07059],[8.2651,41.07082],[8.26518,41.07151],[8.26551,41.07179],[8.26529,41.07194],[8.26565,41.07197],[8.26602,41.07247],[8.26655,41.07246],[8.2666,41.07315],[8.26788,41.07357],[8.26959,41.07307],[8.26956,41.07334],[8.26997,41.07329],[8.26982,41.07362],[8.27025,41.07361],[8.27016,41.07376],[8.27085,41.0736],[8.27071,41.07376],[8.27138,41.07378],[8.27251,41.07332],[8.27208,41.07354],[8.27205,41.07388],[8.27307,41.07343],[8.2732,41.07365],[8.27386,41.07365],[8.27359,41.07406],[8.27384,41.07429],[8.27376,41.07461],[8.27281,41.0748],[8.27394,41.0752],[8.27304,41.07547],[8.27388,41.07542],[8.27339,41.07575],[8.27338,41.07623],[8.27467,41.07594],[8.27499,41.07553],[8.27521,41.07589],[8.27499,41.0761],[8.27529,41.07603],[8.27563,41.07528],[8.27637,41.07592],[8.27617,41.07606],[8.27732,41.07602],[8.27736,41.07627],[8.27809,41.07634],[8.27831,41.07631],[8.27798,41.07607],[8.27962,41.07608],[8.27928,41.07626],[8.27953,41.07635],[8.28028,41.07623],[8.28039,41.07593],[8.28086,41.0761],[8.28161,41.07567],[8.28279,41.07559],[8.28473,41.07458],[8.28502,41.07464],[8.28583,41.07622],[8.28523,41.07681],[8.28554,41.07797],[8.28522,41.07831],[8.28544,41.07843],[8.28504,41.07866],[8.28562,41.07883],[8.28495,41.079],[8.2852,41.07943],[8.28496,41.07962],[8.28523,41.08039],[8.28485,41.08058],[8.28501,41.08087],[8.2845,41.0811],[8.28455,41.0815],[8.28404,41.0815],[8.28527,41.08219],[8.28479,41.08266],[8.28373,41.08259],[8.2834,41.08226],[8.28345,41.0833],[8.28258,41.08231],[8.28216,41.08345],[8.28184,41.08285],[8.28098,41.08356],[8.28044,41.08352],[8.28089,41.08377],[8.28045,41.08382],[8.28105,41.08399],[8.28086,41.08416],[8.27994,41.0843],[8.27994,41.08487],[8.28075,41.08489],[8.28076,41.08524],[8.28153,41.08524],[8.28145,41.08567],[8.28245,41.0859],[8.282,41.08623],[8.28268,41.08614],[8.28302,41.08637],[8.28284,41.08755],[8.28038,41.08805],[8.28023,41.08832],[8.28061,41.08845],[8.28039,41.08865],[8.28057,41.08915],[8.28,41.08959],[8.27995,41.09055],[8.27956,41.09078],[8.27959,41.09128],[8.27875,41.09168],[8.27695,41.09365],[8.27604,41.0941],[8.27506,41.09508],[8.27385,41.09528],[8.27281,41.09605],[8.27288,41.09632],[8.2732,41.09637],[8.27352,41.09725],[8.27246,41.09923],[8.27268,41.09955],[8.27251,41.09976],[8.27302,41.10018],[8.27321,41.10083],[8.27455,41.10181],[8.27478,41.10224],[8.27456,41.10236],[8.27463,41.10293],[8.27583,41.10452],[8.2775,41.10499],[8.27897,41.10464],[8.27906,41.10422],[8.27985,41.10484],[8.28065,41.10493],[8.28027,41.10384],[8.28105,41.10392],[8.28143,41.10363],[8.28168,41.10331],[8.28171,41.10221],[8.28254,41.10214],[8.28321,41.10278],[8.28322,41.10227],[8.28344,41.10243],[8.28373,41.10203],[8.28411,41.10215],[8.28432,41.10195],[8.28486,41.10238],[8.2849,41.10277],[8.28537,41.10281],[8.2852,41.10335],[8.28552,41.1035],[8.28606,41.10341],[8.28676,41.1038],[8.28712,41.1035],[8.28797,41.10363],[8.28906,41.10409],[8.28924,41.10454],[8.2897,41.10444],[8.29195,41.10511],[8.29371,41.10511],[8.29394,41.10542],[8.29474,41.10533],[8.29608,41.10585],[8.29777,41.10535],[8.29839,41.10564],[8.29868,41.10538],[8.29948,41.10539],[8.29969,41.1049],[8.30027,41.10477],[8.30194,41.10492],[8.30313,41.10576],[8.30433,41.10589],[8.30574,41.10693],[8.30557,41.10737],[8.30501,41.10752],[8.30527,41.10789],[8.30491,41.1078],[8.30443,41.10838],[8.30484,41.10872],[8.3051,41.10854],[8.30539,41.10905],[8.30549,41.10865],[8.3058,41.10884],[8.30593,41.10857],[8.30632,41.10893],[8.3064,41.10862],[8.30738,41.10878],[8.30731,41.10906],[8.30779,41.10934],[8.30877,41.10889],[8.31054,41.10873],[8.31086,41.10841],[8.31146,41.1086],[8.31206,41.10933],[8.31159,41.10996],[8.31164,41.1104],[8.31121,41.11049],[8.31155,41.11089],[8.31064,41.11115],[8.31066,41.11145],[8.31007,41.11177],[8.31118,41.11202],[8.3112,41.11258],[8.31143,41.11267],[8.31081,41.11346],[8.31141,41.11413],[8.31232,41.11451],[8.31283,41.1153],[8.31283,41.11558],[8.3125,41.1156],[8.31268,41.11591],[8.31245,41.11639],[8.31282,41.11656],[8.31241,41.11675],[8.31205,41.11739],[8.31336,41.11768],[8.31366,41.11823],[8.31426,41.11819],[8.31475,41.11847],[8.31561,41.11816],[8.31571,41.11834],[8.31637,41.11775],[8.31684,41.11771],[8.31796,41.11845],[8.31739,41.11913],[8.31752,41.11936],[8.31709,41.11971],[8.31703,41.1201],[8.31649,41.12039],[8.3176,41.12053],[8.31856,41.12024],[8.31823,41.12063],[8.31852,41.1207],[8.31879,41.12026],[8.3197,41.12025],[8.32013,41.11991],[8.31944,41.11983],[8.31968,41.11885],[8.31944,41.11872],[8.31946,41.11838],[8.31894,41.11809],[8.31888,41.11697],[8.3186,41.11646],[8.31899,41.11661],[8.31913,41.11629],[8.31999,41.11644],[8.32028,41.11622],[8.32148,41.11618],[8.32142,41.11594],[8.32179,41.11566],[8.32291,41.11576],[8.32354,41.11556],[8.32391,41.11531],[8.32349,41.11505],[8.32364,41.11456],[8.32437,41.11419],[8.32582,41.1143],[8.32649,41.11394],[8.32596,41.11358],[8.32598,41.11333],[8.32793,41.11118],[8.32889,41.111],[8.3294,41.11142],[8.32991,41.11132],[8.32856,41.11049],[8.32885,41.10957],[8.32807,41.10843],[8.3248,41.1084],[8.32448,41.10818],[8.32458,41.10762],[8.32377,41.10734],[8.32301,41.10742],[8.32268,41.107],[8.32267,41.10588],[8.32569,41.10522],[8.32655,41.10488],[8.32668,41.10438],[8.32687,41.10443],[8.3269,41.10393],[8.32648,41.10344],[8.32638,41.10235],[8.32576,41.10144],[8.32579,41.10106],[8.32689,41.10131],[8.328,41.10191],[8.32878,41.10177],[8.32939,41.10216],[8.3302,41.10225],[8.33054,41.10154],[8.33035,41.10013],[8.33081,41.09943],[8.33328,41.09959],[8.33408,41.09926],[8.33527,41.09977],[8.33554,41.09916],[8.3359,41.09935],[8.33646,41.09896],[8.33666,41.0991],[8.33657,41.09872],[8.3368,41.09855],[8.33701,41.09882],[8.33725,41.09818],[8.33807,41.09797],[8.33881,41.09831],[8.33934,41.09793],[8.3404,41.09783],[8.34077,41.0972],[8.34115,41.09765],[8.34266,41.09735],[8.34295,41.09767],[8.34323,41.0974],[8.34359,41.09773],[8.3443,41.09738],[8.34462,41.09782],[8.34501,41.09776],[8.34524,41.09749],[8.34471,41.09708],[8.34468,41.09584],[8.34508,41.09561],[8.34563,41.09576],[8.34567,41.09528],[8.34631,41.09484],[8.34586,41.0945],[8.34629,41.09326],[8.34609,41.09286],[8.34643,41.09275],[8.34617,41.09247],[8.34661,41.09216],[8.34599,41.09101],[8.34648,41.09074],[8.34666,41.08998],[8.34707,41.0899],[8.34699,41.08881],[8.34783,41.08901],[8.34858,41.09003],[8.34935,41.09017],[8.34958,41.0901],[8.34941,41.08939],[8.3501,41.08894],[8.35016,41.08843],[8.35057,41.08831],[8.35064,41.08777],[8.34973,41.08767],[8.35008,41.08726],[8.34876,41.08772],[8.34867,41.08647],[8.34738,41.08619],[8.34642,41.08633],[8.34619,41.08734],[8.3452,41.0876],[8.34399,41.08702],[8.34372,41.08645],[8.34379,41.08589],[8.3434,41.08557],[8.34352,41.08522],[8.33998,41.08494],[8.33913,41.08461],[8.33936,41.08402],[8.33882,41.08352],[8.33941,41.08302],[8.33886,41.0828],[8.33914,41.08217],[8.33848,41.08187],[8.33882,41.0816],[8.33858,41.08112],[8.33966,41.08059],[8.33934,41.08038],[8.33836,41.08026],[8.33695,41.08051],[8.33569,41.08001],[8.3352,41.08026],[8.33496,41.08008],[8.33501,41.08038],[8.3347,41.08055],[8.33405,41.07987],[8.33421,41.0796],[8.33528,41.07931],[8.33631,41.07835],[8.33591,41.07813],[8.33427,41.07816],[8.33422,41.07784],[8.33601,41.07705],[8.3376,41.07671],[8.33797,41.07632],[8.33761,41.07607],[8.33764,41.07514],[8.33556,41.07431],[8.33511,41.07377],[8.33517,41.07344],[8.33756,41.07289],[8.33799,41.07256],[8.33821,41.07192],[8.34015,41.07125],[8.34038,41.07083],[8.34104,41.07091],[8.34031,41.06916],[8.3404,41.06868],[8.33973,41.06803],[8.34029,41.06678],[8.33895,41.06653],[8.33892,41.06611],[8.33857,41.06583],[8.33903,41.06535],[8.33803,41.06499],[8.33934,41.06435],[8.33868,41.06308],[8.33852,41.06195],[8.33885,41.06003],[8.3374,41.05936],[8.33724,41.0589],[8.33687,41.05892],[8.33676,41.05868],[8.33481,41.05919],[8.33388,41.05853],[8.33294,41.05886],[8.33144,41.05836],[8.33003,41.05834],[8.32907,41.05746],[8.329,41.05692],[8.32941,41.05607],[8.33228,41.05563],[8.33178,41.05468],[8.33221,41.05429],[8.33208,41.05386],[8.33249,41.05348],[8.33244,41.05308],[8.33319,41.05122],[8.33251,41.05008],[8.33194,41.0499],[8.32964,41.05081],[8.32825,41.05092],[8.32727,41.0516],[8.32573,41.05374],[8.32621,41.05428],[8.3262,41.05486],[8.32498,41.05585],[8.32318,41.05613],[8.32202,41.0558],[8.31852,41.05585],[8.3172,41.05634],[8.31709,41.0562],[8.31575,41.05699],[8.31439,41.05697],[8.31395,41.05727],[8.31349,41.05715],[8.31356,41.05683],[8.31215,41.05722],[8.30937,41.05717],[8.30894,41.05697],[8.30867,41.05732],[8.30765,41.05735],[8.30721,41.05788],[8.30655,41.05797],[8.30501,41.05909],[8.30408,41.05906],[8.30329,41.05958],[8.30093,41.05987],[8.2996,41.05956],[8.29655,41.06005],[8.29512,41.0596],[8.29541,41.06035],[8.29477,41.06125],[8.29396,41.06072],[8.29379,41.06092],[8.29477,41.06136],[8.29358,41.06222],[8.29228,41.0626],[8.29067,41.06239],[8.29058,41.0631],[8.29024,41.0629],[8.28896,41.06309],[8.28787,41.06356],[8.28686,41.0645],[8.286,41.06445],[8.28457,41.06485],[8.28309,41.0643],[8.28229,41.06517],[8.28183,41.06613],[8.28135,41.06634],[8.28042,41.06601],[8.28116,41.06519],[8.2814,41.06396],[8.28058,41.06358],[8.28029,41.06314],[8.28057,41.06271],[8.28043,41.06253],[8.28085,41.06109],[8.28075,41.06072],[8.27964,41.0601],[8.2795,41.0595],[8.2792,41.05929],[8.27884,41.05937],[8.27898,41.0596],[8.27846,41.05966],[8.27827,41.05943],[8.27783,41.05964],[8.27626,41.05844],[8.27548,41.05861],[8.27505,41.05813],[8.27416,41.05866],[8.27404,41.05829],[8.27534,41.05756],[8.27509,41.0574],[8.27469,41.05761],[8.27403,41.05728],[8.27545,41.05585],[8.27459,41.05575],[8.27364,41.05618],[8.27311,41.05575],[8.27317,41.05482],[8.27238,41.05423],[8.27136,41.05499],[8.26932,41.05506],[8.26914,41.05453],[8.26776,41.05471],[8.26701,41.05512],[8.26683,41.05561],[8.26542,41.05566],[8.26347,41.05643],[8.26369,41.05602],[8.26266,41.05561],[8.26442,41.05532],[8.26604,41.05433],[8.26645,41.05392],[8.26581,41.05404],[8.26563,41.05387],[8.26613,41.05347],[8.26612,41.05306],[8.26521,41.05319],[8.26485,41.05254],[8.26394,41.05226],[8.26231,41.05295],[8.26173,41.05227],[8.26109,41.05253],[8.26034,41.05239],[8.26083,41.05187],[8.26067,41.05137],[8.2595,41.05109],[8.2574,41.05118],[8.25776,41.05088],[8.25774,41.05058],[8.25835,41.05081],[8.25971,41.05031],[8.25992,41.05055],[8.26082,41.04996],[8.26154,41.05026],[8.26107,41.05038],[8.26153,41.05063],[8.26365,41.04959],[8.26481,41.04942],[8.26576,41.04869],[8.2664,41.04884],[8.26774,41.04853],[8.26858,41.04809],[8.26886,41.04673],[8.2672,41.04609],[8.26524,41.04634],[8.26458,41.04594],[8.26421,41.04536],[8.26349,41.04504],[8.26265,41.04399],[8.262,41.0438],[8.26214,41.04344],[8.26101,41.04331],[8.25983,41.04265],[8.25896,41.04281],[8.25808,41.04161],[8.25694,41.04135],[8.25764,41.04074],[8.2575,41.04032],[8.25672,41.04],[8.25713,41.03927],[8.25696,41.03932],[8.25699,41.03899],[8.25609,41.03913],[8.25629,41.03887],[8.25608,41.038],[8.25568,41.03801],[8.25555,41.0376],[8.25432,41.037],[8.25419,41.03659],[8.2534,41.0362],[8.25181,41.03662],[8.25117,41.03628],[8.25104,41.03544],[8.25069,41.03519],[8.25106,41.03448],[8.25068,41.03322],[8.24882,41.0326],[8.24785,41.03196],[8.24711,41.03242],[8.24657,41.03385],[8.2464,41.03267],[8.2459,41.03239],[8.24608,41.03205],[8.2459,41.03123],[8.24558,41.03092],[8.24472,41.03074],[8.24487,41.03028],[8.24409,41.02988],[8.24412,41.03027],[8.24383,41.03014],[8.24431,41.03045],[8.244,41.03148],[8.24375,41.03163],[8.2437,41.03135],[8.24285,41.03075],[8.24284,41.03041],[8.24232,41.03032],[8.24189,41.03056],[8.24192,41.03028],[8.24151,41.02994],[8.24056,41.03025],[8.24092,41.0296],[8.24071,41.02898],[8.23692,41.02751],[8.23798,41.02748],[8.2389,41.02781],[8.2388,41.02745],[8.23953,41.0274],[8.23998,41.02699],[8.24001,41.02665],[8.23954,41.02631],[8.23918,41.02661],[8.2387,41.02652],[8.23816,41.02517],[8.23768,41.02531],[8.23789,41.02556],[8.2375,41.02557],[8.2374,41.02491],[8.23698,41.02451],[8.23578,41.02459],[8.23468,41.02417],[8.23534,41.02398],[8.23551,41.0235],[8.23827,41.02357],[8.23915,41.02424],[8.23965,41.02411],[8.24031,41.02441],[8.24078,41.02504],[8.24098,41.02437],[8.24148,41.02399],[8.24143,41.02373],[8.24188,41.0245],[8.24141,41.02467],[8.24135,41.02541],[8.24202,41.02573],[8.24302,41.02601],[8.24365,41.02587],[8.24451,41.02649],[8.24476,41.02568],[8.2451,41.02542],[8.24547,41.02581],[8.24533,41.02622],[8.24634,41.0267],[8.24761,41.02586],[8.24748,41.02661],[8.24769,41.02689],[8.24805,41.02683],[8.24791,41.02725],[8.24899,41.02686],[8.24956,41.02614],[8.24945,41.02566],[8.24773,41.02535],[8.24769,41.02464],[8.24859,41.02405],[8.24833,41.0232],[8.2471,41.02288],[8.24694,41.02229],[8.24641,41.02203],[8.24618,41.02144],[8.24802,41.02184],[8.24822,41.02227],[8.2489,41.02238],[8.24963,41.02166],[8.2489,41.0215],[8.24918,41.02071],[8.24975,41.02061],[8.24936,41.02036],[8.24954,41.02016],[8.24923,41.01935],[8.24969,41.01898],[8.24925,41.01882],[8.24889,41.01783],[8.24834,41.01809],[8.24784,41.01781],[8.24802,41.01765],[8.24776,41.01709],[8.24794,41.01657],[8.24684,41.01651],[8.24841,41.01573],[8.24899,41.01612],[8.24917,41.016],[8.2494,41.01549],[8.24879,41.01514],[8.24929,41.01487],[8.24936,41.01425],[8.24883,41.01415],[8.24881,41.0135],[8.24964,41.01287],[8.25062,41.01264],[8.25259,41.01306],[8.253,41.01355],[8.25336,41.01333],[8.25372,41.01273],[8.25381,41.0115],[8.2541,41.0112],[8.25463,41.01154],[8.25511,41.01123],[8.25565,41.0115],[8.25662,41.01102],[8.25643,41.01039],[8.2568,41.01045],[8.25714,41.00966],[8.25683,41.00987],[8.25695,41.00926],[8.25673,41.00897],[8.25705,41.00894],[8.25744,41.00844],[8.25744,41.00807],[8.25767,41.00815],[8.25794,41.00785],[8.25819,41.00809],[8.25922,41.00544],[8.25898,41.00475],[8.25911,41.00433],[8.26119,41.00465],[8.26227,41.00362],[8.26254,41.0027],[8.26319,41.0023],[8.26432,41.00282],[8.26484,41.00278],[8.26478,41.00174],[8.26382,41.00194],[8.26344,41.00159],[8.26404,41.00084],[8.26415,41.00014],[8.26263,41.00027],[8.26224,41.00002],[8.26292,40.99852],[8.26271,40.99786],[8.26287,40.99758],[8.26145,40.99737],[8.26194,40.99585],[8.26126,40.9959],[8.26128,40.99534],[8.26143,40.99445],[8.26221,40.99429],[8.26221,40.994],[8.26196,40.99395],[8.26263,40.99332],[8.26279,40.99362],[8.263,40.99252],[8.26259,40.99214],[8.26236,40.99278],[8.26159,40.99306],[8.26117,40.99283]]],[[[8.22058,40.97487],[8.2235,40.97282],[8.22379,40.97227],[8.22361,40.97134],[8.22433,40.97078],[8.2246,40.97003],[8.22548,40.96933],[8.22345,40.96971],[8.22302,40.96941],[8.22274,40.96874],[8.22164,40.96881],[8.22116,40.96847],[8.221,40.96802],[8.21997,40.96801],[8.21858,40.9686],[8.2166,40.96753],[8.216,40.9678],[8.21552,40.96817],[8.21538,40.96886],[8.21434,40.96947],[8.21452,40.97015],[8.21422,40.97085],[8.21434,40.972],[8.21564,40.97204],[8.21481,40.97283],[8.21454,40.97343],[8.21504,40.97404],[8.21427,40.97388],[8.21413,40.97433],[8.21352,40.97441],[8.21399,40.97465],[8.21378,40.97485],[8.21404,40.97511],[8.21381,40.97512],[8.21339,40.97578],[8.21349,40.97636],[8.21298,40.97635],[8.21346,40.97666],[8.21212,40.97738],[8.21338,40.97714],[8.21249,40.97777],[8.21284,40.97832],[8.21145,40.97886],[8.2122,40.97927],[8.21199,40.97964],[8.21244,40.97963],[8.21206,40.97994],[8.21329,40.97955],[8.21219,40.98039],[8.21228,40.98077],[8.21329,40.9815],[8.21435,40.98117],[8.21364,40.98197],[8.21433,40.98198],[8.21418,40.98263],[8.2144,40.98279],[8.21507,40.9827],[8.21564,40.98204],[8.21646,40.9824],[8.21753,40.98234],[8.21839,40.98119],[8.21954,40.98117],[8.22007,40.97991],[8.22141,40.97977],[8.22184,40.97888],[8.22286,40.9781],[8.22422,40.97786],[8.22567,40.97707],[8.22692,40.9753],[8.22685,40.97445],[8.22451,40.97581],[8.22162,40.97625],[8.22109,40.97583],[8.22058,40.97487]]],[[[8.14036,40.60152],[8.1405,40.60185],[8.13994,40.60186],[8.13998,40.60202],[8.13808,40.60197],[8.13838,40.60232],[8.13771,40.60278],[8.13831,40.60361],[8.13957,40.60445],[8.13957,40.60502],[8.14032,40.60528],[8.14349,40.60527],[8.14411,40.60508],[8.14462,40.60458],[8.14446,40.60417],[8.14409,40.60419],[8.14428,40.60391],[8.14192,40.60306],[8.14036,40.60152]]],[[[8.15181,40.56886],[8.15044,40.56891],[8.15075,40.56903],[8.15082,40.56949],[8.14989,40.57046],[8.15129,40.57185],[8.15305,40.57218],[8.15326,40.57116],[8.15307,40.57129],[8.152,40.57095],[8.15223,40.57064],[8.15211,40.56922],[8.15181,40.56886]]],[[[8.21242,40.87997],[8.21188,40.88006],[8.21202,40.8804],[8.21316,40.8814],[8.21456,40.88165],[8.21471,40.88149],[8.21487,40.88068],[8.21359,40.88001],[8.21331,40.87951],[8.21271,40.8794],[8.21222,40.87966],[8.21242,40.87997]]],[[[8.25212,41.02755],[8.25158,41.02815],[8.25096,41.02834],[8.2507,41.0288],[8.25224,41.02907],[8.25282,41.0295],[8.25318,41.02916],[8.25319,41.02835],[8.25212,41.02755]]],[[[8.20581,40.97112],[8.20713,40.97131],[8.20752,40.97105],[8.20792,40.9702],[8.20728,40.96992],[8.2063,40.97019],[8.20657,40.9707],[8.20581,40.97112]]],[[[8.2163,40.98797],[8.2146,40.98841],[8.21433,40.98907],[8.2151,40.98929],[8.21554,40.98913],[8.2163,40.98797]]],[[[8.22551,40.96712],[8.22533,40.96684],[8.2249,40.96679],[8.22375,40.96761],[8.22476,40.96752],[8.22551,40.96712]]],[[[8.18799,40.82516],[8.18738,40.82469],[8.18713,40.82551],[8.18738,40.82573],[8.18781,40.82559],[8.18799,40.82516]]],[[[8.21282,41.00657],[8.2127,41.00736],[8.21287,41.00777],[8.21333,41.00688],[8.21282,41.00657]]],[[[8.21248,40.97118],[8.21217,40.97209],[8.21247,40.97201],[8.21236,40.97158],[8.21293,40.97128],[8.21307,40.97086],[8.21248,40.97118]]],[[[8.17431,40.93903],[8.17333,40.93972],[8.17438,40.93956],[8.17431,40.93903]]],[[[8.25564,41.02369],[8.25521,41.024],[8.25511,41.02423],[8.25548,41.02416],[8.25526,41.02445],[8.25592,41.02438],[8.25564,41.02369]]],[[[8.25387,41.02358],[8.25365,41.0237],[8.25364,41.0243],[8.25433,41.02409],[8.25387,41.02358]]],[[[8.24628,41.0274],[8.24577,41.02752],[8.24551,41.02782],[8.24627,41.02797],[8.24628,41.0274]]],[[[8.21411,40.98552],[8.21308,40.9853],[8.21272,40.9856],[8.21411,40.98552]]],[[[8.33724,40.49926],[8.33689,40.49909],[8.33605,40.49996],[8.33669,40.49981],[8.33724,40.49926]]],[[[8.2496,41.0277],[8.24935,41.02819],[8.24996,41.02852],[8.25038,41.02832],[8.24988,41.02823],[8.2496,41.0277]]],[[[8.24092,41.02649],[8.24054,41.02681],[8.24052,41.02706],[8.24111,41.02687],[8.24092,41.02649]]],[[[8.21524,40.99653],[8.21575,40.99673],[8.21594,40.99672],[8.21564,40.99619],[8.21524,40.99653]]],[[[8.23856,41.02463],[8.23823,41.02496],[8.23868,41.02509],[8.23891,41.02483],[8.23856,41.02463]]],[[[8.30448,41.10878],[8.30381,41.10909],[8.30368,41.10927],[8.30438,41.10921],[8.30448,41.10878]]],[[[8.21138,40.99963],[8.21063,40.99993],[8.21072,41.00017],[8.21103,41.00013],[8.21138,40.99963]]],[[[8.13795,40.73814],[8.13726,40.7385],[8.13715,40.7388],[8.13802,40.73834],[8.13795,40.73814]]],[[[8.13266,40.73095],[8.13242,40.73124],[8.13146,40.73134],[8.13262,40.73138],[8.13251,40.73123],[8.13283,40.73119],[8.13266,40.73095]]],[[[8.25068,41.05139],[8.25035,41.05143],[8.25024,41.05157],[8.25094,41.05175],[8.25068,41.05139]]],[[[8.3005,40.57191],[8.30015,40.57204],[8.30014,40.57259],[8.3006,40.57223],[8.3005,40.57191]]],[[[8.24995,41.02628],[8.24976,41.02651],[8.24975,41.02713],[8.2502,41.02681],[8.24994,41.02668],[8.24995,41.02628]]],[[[8.21111,40.98773],[8.21018,40.98788],[8.21027,40.9881],[8.21111,40.98773]]],[[[8.21527,40.88104],[8.21565,40.88164],[8.21598,40.88145],[8.21527,40.88104]]],[[[8.23075,40.93092],[8.23146,40.93122],[8.23153,40.93115],[8.23075,40.93092]]],[[[8.25256,41.02696],[8.25204,41.02686],[8.2521,41.02734],[8.25256,41.02696]]],[[[8.16135,40.7627],[8.16104,40.76279],[8.16089,40.76328],[8.16139,40.76293],[8.16135,40.7627]]],[[[8.24719,41.02654],[8.24687,41.02693],[8.24695,41.02706],[8.24728,41.02696],[8.24719,41.02654]]],[[[8.21683,41.02794],[8.2166,41.028],[8.21698,41.02814],[8.21679,41.02832],[8.21731,41.02829],[8.21683,41.02794]]],[[[8.21439,40.901],[8.21453,40.90128],[8.21495,40.9011],[8.21473,40.90095],[8.21439,40.901]]],[[[8.25096,41.05185],[8.25072,41.05209],[8.25094,41.05225],[8.25117,41.05201],[8.25096,41.05185]]],[[[8.25734,40.98801],[8.25791,40.9877],[8.25789,40.98757],[8.25756,40.98751],[8.25734,40.98801]]],[[[8.25494,41.05558],[8.25448,41.0554],[8.25413,41.05546],[8.25494,41.05558]]],[[[8.21883,40.88412],[8.21814,40.88408],[8.21897,40.88426],[8.21883,40.88412]]],[[[8.25542,40.58268],[8.25511,40.58283],[8.25481,40.5831],[8.25548,40.58291],[8.25542,40.58268]]],[[[8.25538,41.02356],[8.25483,41.02381],[8.25478,41.02401],[8.25505,41.02393],[8.25538,41.02356]]],[[[8.23799,41.02399],[8.23789,41.0242],[8.23809,41.0244],[8.23822,41.02421],[8.23799,41.02399]]],[[[8.23993,41.02571],[8.23968,41.02599],[8.23968,41.02609],[8.23996,41.02612],[8.23993,41.02571]]],[[[8.25367,41.05491],[8.25341,41.05497],[8.25332,41.05509],[8.25371,41.05514],[8.25367,41.05491]]],[[[8.31202,41.11766],[8.31135,41.11766],[8.31131,41.11771],[8.31202,41.11766]]],[[[8.13645,40.73655],[8.13572,40.73663],[8.13569,40.73669],[8.13616,40.73672],[8.13645,40.73655]]],[[[8.16373,40.78264],[8.1636,40.78281],[8.16363,40.78301],[8.16393,40.78281],[8.16373,40.78264]]],[[[8.177,40.63694],[8.1768,40.63696],[8.17667,40.6371],[8.17701,40.63719],[8.177,40.63694]]],[[[8.2006,40.97198],[8.20021,40.97205],[8.19997,40.97236],[8.2006,40.97198]]],[[[8.18349,40.81907],[8.18394,40.81933],[8.18351,40.81891],[8.18349,40.81907]]],[[[8.32574,40.53071],[8.32593,40.53097],[8.32612,40.53098],[8.32614,40.53076],[8.32574,40.53071]]],[[[8.18441,40.95065],[8.18455,40.95073],[8.18488,40.95062],[8.1848,40.95047],[8.18441,40.95065]]],[[[8.21709,40.87462],[8.21688,40.8744],[8.21676,40.87452],[8.21709,40.87462]]],[[[8.13996,40.73905],[8.13979,40.73918],[8.1401,40.73934],[8.14017,40.73926],[8.13996,40.73905]]],[[[8.21018,41.00254],[8.21003,41.00265],[8.20995,41.00291],[8.21018,41.00283],[8.21018,41.00254]]],[[[8.25037,41.05211],[8.24998,41.05195],[8.24993,41.05203],[8.25037,41.05211]]],[[[8.16143,40.76385],[8.16112,40.76381],[8.16103,40.764],[8.16143,40.76385]]],[[[8.26371,40.99155],[8.2635,40.9916],[8.26358,40.99189],[8.26367,40.99185],[8.26371,40.99155]]],[[[8.1902,40.92047],[8.19027,40.92032],[8.19002,40.9202],[8.1902,40.92047]]],[[[8.16634,40.76712],[8.16606,40.76695],[8.16589,40.7671],[8.16634,40.76712]]],[[[8.2216,41.01292],[8.22144,41.01301],[8.22145,41.01336],[8.22158,41.01324],[8.2216,41.01292]]],[[[8.14401,40.61972],[8.14373,40.61958],[8.14363,40.6197],[8.14401,40.61972]]],[[[8.20658,40.90687],[8.20651,40.9066],[8.2064,40.90658],[8.20658,40.90687]]],[[[8.13585,40.73047],[8.1355,40.73049],[8.13587,40.73056],[8.13585,40.73047]]],[[[8.24664,40.58004],[8.24633,40.58008],[8.24636,40.58023],[8.24664,40.58004]]],[[[8.18296,40.63736],[8.18268,40.63725],[8.18276,40.63738],[8.18296,40.63736]]],[[[8.22106,41.01204],[8.22085,41.01223],[8.22074,41.01266],[8.2209,41.01247],[8.22106,41.01204]]],[[[8.24642,40.57862],[8.2462,40.57882],[8.24626,40.57891],[8.24644,40.57883],[8.24642,40.57862]]]]}},{"type":"Feature","properties":{"nome":"Sarrabus","limiti_indicativi":true,"fonte":"GeoNue/Nordai — Esercitazione 3, regioni_storiciche"},"geometry":{"type":"MultiPolygon","coordinates":[[[[9.52228,39.0981],[9.52359,39.09567],[9.5239,39.09555],[9.52372,39.09458],[9.52297,39.09479],[9.52233,39.09548],[9.52186,39.09553],[9.5213,39.0964],[9.52051,39.09634],[9.5196,39.09701],[9.51923,39.09773],[9.51684,39.09881],[9.5164,39.09863],[9.51601,39.09789],[9.51526,39.09723],[9.51481,39.09716],[9.51525,39.09753],[9.51496,39.09806],[9.51514,39.09855],[9.51472,39.0986],[9.5152,39.09955],[9.51465,39.10079],[9.51442,39.10105],[9.51366,39.10086],[9.51258,39.1013],[9.51115,39.10277],[9.51116,39.10334],[9.51081,39.10345],[9.51085,39.10371],[9.50996,39.10501],[9.51054,39.1061],[9.51044,39.1064],[9.50954,39.10684],[9.50766,39.10707],[9.50729,39.10677],[9.50767,39.10609],[9.50735,39.10594],[9.50722,39.10638],[9.50641,39.10632],[9.5063,39.10699],[9.50576,39.10685],[9.50575,39.10708],[9.50534,39.10715],[9.50535,39.10747],[9.50448,39.10796],[9.50292,39.10815],[9.50251,39.10791],[9.50249,39.10823],[9.5021,39.10824],[9.50202,39.10856],[9.50265,39.10884],[9.50196,39.10964],[9.50234,39.10984],[9.50223,39.11001],[9.50339,39.10969],[9.50407,39.10994],[9.50452,39.10979],[9.5053,39.11066],[9.50527,39.11149],[9.50478,39.1116],[9.50486,39.11195],[9.50533,39.11196],[9.5051,39.11227],[9.50551,39.11354],[9.50476,39.11493],[9.50334,39.11596],[9.50317,39.11657],[9.50335,39.11687],[9.50399,39.11656],[9.50405,39.11618],[9.5047,39.11603],[9.50582,39.11664],[9.50554,39.11873],[9.5048,39.11975],[9.50573,39.1213],[9.50608,39.12141],[9.50618,39.12117],[9.50576,39.12087],[9.50638,39.12048],[9.50569,39.12069],[9.50551,39.1204],[9.50623,39.12009],[9.50549,39.12037],[9.50509,39.11972],[9.50526,39.11951],[9.50566,39.1197],[9.50578,39.11988],[9.50555,39.12],[9.50607,39.1198],[9.50529,39.11948],[9.5055,39.11921],[9.50633,39.11959],[9.50552,39.11919],[9.5058,39.11883],[9.50662,39.11923],[9.50583,39.1188],[9.50605,39.11852],[9.50692,39.11873],[9.50634,39.11843],[9.50671,39.11812],[9.50615,39.1182],[9.50609,39.11796],[9.50672,39.11786],[9.50608,39.11792],[9.50604,39.11774],[9.50667,39.11765],[9.50603,39.11771],[9.50603,39.1174],[9.50632,39.11745],[9.50658,39.11741],[9.50603,39.11737],[9.50609,39.11713],[9.50659,39.11696],[9.50783,39.11715],[9.50801,39.11756],[9.50768,39.11733],[9.50786,39.11763],[9.50754,39.11769],[9.50718,39.11732],[9.50732,39.11751],[9.50713,39.11761],[9.5068,39.11732],[9.50712,39.11788],[9.50736,39.11785],[9.50751,39.11843],[9.50741,39.11785],[9.50786,39.11778],[9.50801,39.11842],[9.5079,39.11777],[9.50832,39.11761],[9.50898,39.11806],[9.50837,39.11838],[9.50916,39.11808],[9.50941,39.1185],[9.50901,39.11858],[9.5092,39.11941],[9.50874,39.11948],[9.50852,39.11872],[9.5087,39.11948],[9.50829,39.11954],[9.50808,39.11878],[9.50826,39.11954],[9.50768,39.11963],[9.50745,39.11889],[9.50762,39.11963],[9.50682,39.12009],[9.50704,39.12025],[9.50815,39.11977],[9.5084,39.12006],[9.50833,39.11977],[9.50902,39.11967],[9.50946,39.12015],[9.50973,39.12133],[9.50877,39.12229],[9.50864,39.12312],[9.50811,39.12325],[9.50875,39.12345],[9.50951,39.12413],[9.50942,39.1248],[9.50869,39.12597],[9.50704,39.1279],[9.5028,39.1312],[9.50052,39.13083],[9.50033,39.13111],[9.49893,39.13092],[9.499,39.13111],[9.49867,39.13091],[9.49837,39.1311],[9.4969,39.13105],[9.4971,39.13158],[9.49697,39.13222],[9.49546,39.13303],[9.49525,39.13291],[9.49527,39.13311],[9.49462,39.13275],[9.49455,39.13305],[9.49419,39.13309],[9.49338,39.13259],[9.49314,39.13282],[9.49251,39.13276],[9.49252,39.13255],[9.49147,39.13373],[9.4901,39.1343],[9.48673,39.13544],[9.48436,39.13564],[9.4824,39.13465],[9.48209,39.13425],[9.48205,39.1332],[9.48116,39.1327],[9.48048,39.13275],[9.4801,39.13238],[9.4794,39.13239],[9.47861,39.13194],[9.47621,39.13275],[9.47427,39.13268],[9.47385,39.13257],[9.4738,39.13219],[9.47296,39.13242],[9.47111,39.13191],[9.47047,39.13136],[9.46796,39.13047],[9.46715,39.12918],[9.46746,39.12818],[9.46728,39.12773],[9.46764,39.12734],[9.4668,39.12739],[9.4667,39.12699],[9.46624,39.12714],[9.46587,39.12801],[9.4645,39.12849],[9.464,39.12839],[9.46341,39.1278],[9.46328,39.12802],[9.46289,39.12796],[9.46271,39.12754],[9.46206,39.12713],[9.46201,39.12737],[9.4617,39.12719],[9.46082,39.12777],[9.45992,39.12794],[9.4591,39.12858],[9.45777,39.12885],[9.45735,39.12974],[9.4565,39.12998],[9.45572,39.1298],[9.45491,39.13012],[9.45395,39.13003],[9.45343,39.12971],[9.45247,39.12976],[9.45021,39.12911],[9.44915,39.12809],[9.44915,39.12759],[9.44884,39.12721],[9.44792,39.12664],[9.44773,39.1268],[9.44669,39.12552],[9.44609,39.12579],[9.44563,39.12565],[9.44549,39.12596],[9.44513,39.1259],[9.44525,39.12571],[9.44496,39.12556],[9.44433,39.12593],[9.44431,39.1257],[9.44398,39.12565],[9.44228,39.12702],[9.44267,39.13172],[9.44444,39.13244],[9.44482,39.13433],[9.44677,39.13633],[9.4496,39.13985],[9.4501,39.14146],[9.45192,39.1424],[9.45655,39.14361],[9.45781,39.14427],[9.45995,39.14621],[9.46483,39.14962],[9.46751,39.15316],[9.47376,39.16046],[9.4751,39.1703],[9.47673,39.18564],[9.48242,39.19926],[9.48538,39.20553],[9.48665,39.20733],[9.48472,39.20963],[9.48023,39.21697],[9.46988,39.23261],[9.45129,39.25974],[9.4467,39.26753],[9.44392,39.26986],[9.44359,39.27372],[9.44457,39.27804],[9.44637,39.28125],[9.44527,39.28327],[9.44354,39.29391],[9.43533,39.29906],[9.42738,39.30304],[9.42716,39.30716],[9.42212,39.30594],[9.42035,39.30659],[9.41959,39.30767],[9.41811,39.30754],[9.41376,39.30986],[9.41212,39.31276],[9.41095,39.31548],[9.40894,39.31655],[9.40666,39.31694],[9.40445,39.31772],[9.40203,39.31759],[9.39869,39.31797],[9.39297,39.31465],[9.38917,39.31457],[9.38538,39.31328],[9.38447,39.3134],[9.38205,39.31289],[9.37716,39.3126],[9.37426,39.312],[9.37328,39.31215],[9.37171,39.31391],[9.36964,39.31392],[9.36777,39.31482],[9.36663,39.31486],[9.36001,39.31958],[9.34745,39.33426],[9.33382,39.34749],[9.33147,39.35021],[9.37028,39.39615],[9.36875,39.42358],[9.40948,39.42396],[9.42618,39.43061],[9.43837,39.43734],[9.44101,39.43952],[9.44056,39.44224],[9.43921,39.44484],[9.43975,39.44784],[9.44302,39.44827],[9.44601,39.45112],[9.44818,39.45086],[9.45212,39.45168],[9.45641,39.45165],[9.45984,39.45098],[9.46646,39.4513],[9.46847,39.45168],[9.47205,39.45448],[9.47431,39.45427],[9.47657,39.45969],[9.48051,39.46406],[9.48011,39.46552],[9.47859,39.46687],[9.47748,39.46916],[9.47653,39.47779],[9.4737,39.48484],[9.46971,39.48954],[9.47078,39.49846],[9.47236,39.50062],[9.47477,39.50577],[9.47932,39.5243],[9.48945,39.52841],[9.50529,39.53004],[9.50884,39.5254],[9.51242,39.52446],[9.51463,39.52278],[9.51477,39.51843],[9.51439,39.51798],[9.51434,39.51747],[9.51467,39.51708],[9.51553,39.51667],[9.51904,39.51602],[9.52153,39.51801],[9.5245,39.51735],[9.52682,39.51817],[9.52787,39.51825],[9.52938,39.51919],[9.53094,39.51912],[9.53318,39.51623],[9.53391,39.51467],[9.53606,39.51303],[9.53682,39.51163],[9.54004,39.50993],[9.54592,39.50879],[9.54792,39.51003],[9.54781,39.5114],[9.5488,39.51293],[9.54943,39.5132],[9.55009,39.51292],[9.55083,39.51295],[9.5508,39.51408],[9.55219,39.5142],[9.55235,39.51539],[9.55299,39.51528],[9.55371,39.5163],[9.55421,39.51624],[9.55439,39.51697],[9.55487,39.51699],[9.55452,39.51839],[9.55494,39.52043],[9.55534,39.52027],[9.55584,39.52679],[9.56059,39.52862],[9.56185,39.52964],[9.56072,39.53154],[9.55905,39.53274],[9.55874,39.53495],[9.55347,39.53907],[9.55402,39.54227],[9.55745,39.5468],[9.56068,39.54646],[9.5624,39.5452],[9.5691,39.54238],[9.5732,39.539],[9.57714,39.53955],[9.57891,39.53952],[9.57988,39.53705],[9.58569,39.53423],[9.58716,39.5329],[9.589,39.5296],[9.58906,39.52748],[9.59223,39.52684],[9.59518,39.52546],[9.59695,39.52348],[9.59831,39.52285],[9.59967,39.52289],[9.60048,39.52365],[9.60097,39.52377],[9.60537,39.5231],[9.60584,39.5226],[9.60544,39.52124],[9.60682,39.52102],[9.60937,39.51982],[9.61062,39.51972],[9.61108,39.51999],[9.61046,39.52069],[9.61063,39.52096],[9.61131,39.52095],[9.61136,39.52029],[9.61301,39.52028],[9.61359,39.52129],[9.61303,39.52196],[9.61326,39.52226],[9.61622,39.52357],[9.61895,39.52329],[9.62031,39.52245],[9.6211,39.52227],[9.62224,39.52283],[9.62271,39.52353],[9.62327,39.52362],[9.62395,39.52296],[9.6244,39.52181],[9.62507,39.5215],[9.62627,39.52189],[9.62809,39.52179],[9.63013,39.52129],[9.63326,39.52097],[9.63465,39.52369],[9.63535,39.52373],[9.63264,39.51512],[9.63153,39.50346],[9.63158,39.50059],[9.6319,39.49874],[9.63312,39.49618],[9.63457,39.49547],[9.63477,39.49514],[9.63572,39.49492],[9.63621,39.49437],[9.63796,39.49341],[9.64009,39.49297],[9.64249,39.49329],[9.64329,39.49312],[9.64332,39.49223],[9.64389,39.49206],[9.64387,39.49142],[9.64431,39.49121],[9.64477,39.49011],[9.64452,39.48949],[9.64498,39.48852],[9.6435,39.48627],[9.64456,39.48612],[9.64463,39.48587],[9.64386,39.48495],[9.64263,39.48481],[9.64207,39.48444],[9.64174,39.48369],[9.64203,39.48334],[9.64154,39.48325],[9.64131,39.48283],[9.64148,39.4825],[9.64217,39.48237],[9.64251,39.48191],[9.64284,39.48187],[9.64243,39.48171],[9.64261,39.4808],[9.643,39.48015],[9.64361,39.48003],[9.6436,39.47921],[9.64389,39.4791],[9.64382,39.47792],[9.64263,39.47781],[9.6425,39.47734],[9.64219,39.47724],[9.64219,39.47625],[9.64266,39.47611],[9.64303,39.4754],[9.64285,39.47488],[9.64255,39.47497],[9.64233,39.47427],[9.64258,39.47385],[9.64251,39.47328],[9.64281,39.47323],[9.64331,39.47223],[9.64369,39.4722],[9.64458,39.47069],[9.64438,39.46972],[9.64444,39.46924],[9.64474,39.46902],[9.64431,39.46839],[9.64464,39.468],[9.64442,39.46678],[9.64627,39.46281],[9.64591,39.46161],[9.64462,39.4604],[9.64398,39.45913],[9.64339,39.45868],[9.64347,39.45776],[9.64294,39.45675],[9.64328,39.45631],[9.64285,39.4557],[9.64309,39.45548],[9.64228,39.45498],[9.64142,39.45299],[9.63965,39.45118],[9.63907,39.45002],[9.63974,39.44827],[9.64249,39.44597],[9.6418,39.44481],[9.6405,39.44429],[9.63987,39.44363],[9.63991,39.44274],[9.64234,39.44085],[9.64235,39.43901],[9.64128,39.43783],[9.64096,39.43782],[9.64094,39.43808],[9.64162,39.43853],[9.64132,39.43884],[9.64198,39.43907],[9.64197,39.43956],[9.64134,39.43957],[9.64199,39.43963],[9.64198,39.44015],[9.64135,39.44015],[9.64198,39.44021],[9.642,39.44074],[9.64135,39.44075],[9.64158,39.44109],[9.64089,39.44162],[9.64067,39.44154],[9.64083,39.44167],[9.64019,39.44219],[9.63971,39.44184],[9.63993,39.44157],[9.63976,39.44144],[9.64031,39.441],[9.63959,39.44148],[9.63862,39.44074],[9.63855,39.43995],[9.63881,39.43987],[9.63848,39.43953],[9.63911,39.43939],[9.63891,39.43965],[9.63906,39.43976],[9.63935,39.43914],[9.64053,39.43915],[9.64063,39.43895],[9.6387,39.43886],[9.63736,39.43751],[9.63664,39.4372],[9.63632,39.43649],[9.63506,39.43679],[9.63425,39.43664],[9.63306,39.43567],[9.63148,39.43381],[9.63094,39.43254],[9.63079,39.43134],[9.6291,39.42962],[9.62583,39.42335],[9.62536,39.42222],[9.62539,39.4215],[9.62487,39.4214],[9.62427,39.42061],[9.62322,39.41784],[9.62161,39.415],[9.62156,39.41442],[9.6211,39.41376],[9.6211,39.41286],[9.62019,39.4122],[9.61997,39.41105],[9.61931,39.41016],[9.61943,39.40899],[9.61878,39.40891],[9.61827,39.4083],[9.61815,39.40758],[9.6175,39.40668],[9.61763,39.40591],[9.61721,39.40561],[9.61532,39.40242],[9.61532,39.40175],[9.61478,39.40104],[9.61452,39.40008],[9.61534,39.39965],[9.61541,39.39911],[9.6142,39.39933],[9.61381,39.39917],[9.61288,39.3979],[9.61213,39.39614],[9.61022,39.39295],[9.60823,39.38837],[9.60733,39.38688],[9.60684,39.38487],[9.60611,39.38389],[9.60607,39.3831],[9.60308,39.37501],[9.60288,39.37334],[9.6021,39.37245],[9.60154,39.37042],[9.60084,39.36601],[9.60198,39.36558],[9.60281,39.36487],[9.6026,39.36451],[9.6019,39.36449],[9.60079,39.36388],[9.59881,39.35658],[9.59773,39.34999],[9.59802,39.3472],[9.59926,39.3468],[9.59952,39.34596],[9.5992,39.34601],[9.5993,39.34651],[9.59903,39.34676],[9.59772,39.34717],[9.59751,39.3468],[9.59608,39.34684],[9.59647,39.34657],[9.59595,39.34658],[9.59634,39.34631],[9.59581,39.34633],[9.59758,39.34573],[9.59819,39.34582],[9.59854,39.34636],[9.59874,39.34632],[9.59865,39.34588],[9.59766,39.34545],[9.59796,39.34431],[9.5974,39.34194],[9.59802,39.34051],[9.59792,39.33969],[9.59947,39.33916],[9.5998,39.33858],[9.5987,39.33832],[9.59834,39.33684],[9.59839,39.33425],[9.59884,39.33195],[9.6,39.32799],[9.6028,39.32161],[9.60538,39.3176],[9.60652,39.31665],[9.60756,39.31684],[9.60779,39.31631],[9.60747,39.31585],[9.60812,39.31518],[9.60901,39.31531],[9.6102,39.31504],[9.61026,39.31471],[9.61069,39.31482],[9.61085,39.31442],[9.61104,39.31467],[9.61143,39.31477],[9.61154,39.31452],[9.61189,39.31485],[9.61225,39.31433],[9.61193,39.31413],[9.61198,39.31381],[9.61163,39.31371],[9.61172,39.31321],[9.61206,39.31302],[9.61184,39.31269],[9.61217,39.31224],[9.61254,39.31242],[9.6124,39.31199],[9.61299,39.31147],[9.614,39.31128],[9.6154,39.31195],[9.61562,39.31167],[9.6167,39.31157],[9.61803,39.31186],[9.61947,39.31141],[9.6194,39.31096],[9.62039,39.31042],[9.62089,39.31055],[9.62071,39.30959],[9.61996,39.30916],[9.62005,39.30885],[9.62083,39.30859],[9.62059,39.30812],[9.6201,39.30791],[9.62053,39.30711],[9.62311,39.30671],[9.62326,39.30643],[9.62384,39.30633],[9.62441,39.30685],[9.62591,39.30705],[9.62712,39.30662],[9.62681,39.30606],[9.62705,39.30587],[9.62797,39.30624],[9.62942,39.30612],[9.62917,39.30582],[9.62862,39.30585],[9.62871,39.30515],[9.629,39.30497],[9.62864,39.30474],[9.62879,39.30438],[9.63024,39.30397],[9.63079,39.30424],[9.6321,39.30411],[9.63213,39.30313],[9.6329,39.30266],[9.63253,39.30244],[9.63264,39.30212],[9.63129,39.30078],[9.63155,39.3006],[9.63126,39.30044],[9.63147,39.30037],[9.63131,39.30016],[9.632,39.29989],[9.63372,39.29983],[9.63383,39.29943],[9.63419,39.29927],[9.63326,39.29889],[9.6336,39.2984],[9.63314,39.29844],[9.63247,39.29797],[9.63258,39.29762],[9.6322,39.29758],[9.63237,39.29703],[9.63297,39.29684],[9.63302,39.29635],[9.63281,39.29626],[9.6332,39.29588],[9.63219,39.29521],[9.63176,39.29571],[9.63068,39.29562],[9.63057,39.29586],[9.62964,39.29593],[9.62944,39.29617],[9.62812,39.29604],[9.62811,39.29641],[9.62778,39.29657],[9.62728,39.29624],[9.62718,39.29644],[9.62653,39.29633],[9.62631,39.29657],[9.62524,39.29662],[9.62335,39.29729],[9.6227,39.29781],[9.62258,39.29831],[9.62209,39.29824],[9.62169,39.29851],[9.62072,39.29816],[9.61923,39.29819],[9.61902,39.29784],[9.61867,39.29791],[9.61815,39.29756],[9.61757,39.29767],[9.61738,39.29751],[9.61756,39.2973],[9.6172,39.29699],[9.61667,39.29697],[9.61656,39.29657],[9.6162,39.29645],[9.61367,39.2974],[9.61245,39.29713],[9.61209,39.29668],[9.61219,39.29606],[9.6118,39.29562],[9.61221,39.29487],[9.61334,39.2942],[9.61282,39.29415],[9.61242,39.29371],[9.61113,39.29383],[9.61042,39.29471],[9.6093,39.29506],[9.60752,39.29453],[9.6054,39.29318],[9.6031,39.29151],[9.60014,39.28869],[9.59049,39.27756],[9.58365,39.26764],[9.58064,39.26256],[9.57947,39.25998],[9.57612,39.25418],[9.57403,39.2492],[9.57256,39.24651],[9.57033,39.24016],[9.57022,39.23853],[9.57055,39.23741],[9.57149,39.23666],[9.57196,39.23667],[9.57223,39.23717],[9.57244,39.23647],[9.57209,39.2363],[9.57144,39.23648],[9.57095,39.23584],[9.57092,39.23535],[9.57175,39.2349],[9.57151,39.23476],[9.57157,39.23437],[9.57042,39.2335],[9.57051,39.23309],[9.57019,39.23298],[9.57023,39.23242],[9.56975,39.23218],[9.56936,39.23129],[9.56863,39.22872],[9.56817,39.22555],[9.56811,39.22419],[9.56859,39.22398],[9.56825,39.22355],[9.56866,39.22209],[9.56937,39.22093],[9.5702,39.22039],[9.56949,39.22023],[9.569,39.21978],[9.5687,39.21908],[9.56883,39.21865],[9.56842,39.21865],[9.56804,39.21811],[9.56822,39.21699],[9.56753,39.21648],[9.56784,39.21478],[9.56887,39.21362],[9.56955,39.21346],[9.56968,39.21267],[9.56938,39.21231],[9.56885,39.21229],[9.56855,39.21187],[9.56891,39.21146],[9.56868,39.21034],[9.56915,39.21022],[9.56928,39.20969],[9.56954,39.20962],[9.56911,39.2095],[9.56926,39.20897],[9.56862,39.20874],[9.56872,39.20849],[9.56828,39.20806],[9.56648,39.20846],[9.56517,39.20729],[9.56472,39.20577],[9.56515,39.20521],[9.56523,39.20466],[9.56455,39.20405],[9.56406,39.20417],[9.56372,39.20364],[9.56297,39.19921],[9.56285,39.19689],[9.56314,39.19348],[9.56352,39.19194],[9.56481,39.18909],[9.56541,39.18885],[9.56611,39.18899],[9.56662,39.18778],[9.56797,39.18774],[9.5689,39.18702],[9.57037,39.18644],[9.57196,39.18676],[9.5754,39.18653],[9.57554,39.18598],[9.57648,39.18555],[9.57646,39.1851],[9.57686,39.18508],[9.57704,39.18466],[9.57776,39.18439],[9.57837,39.18241],[9.57754,39.18151],[9.57793,39.18021],[9.57776,39.17997],[9.57799,39.17989],[9.5779,39.17935],[9.57823,39.1787],[9.57898,39.17814],[9.57958,39.17821],[9.57953,39.17784],[9.5791,39.1778],[9.57893,39.17734],[9.57939,39.17721],[9.57942,39.17685],[9.57915,39.17672],[9.57957,39.17626],[9.57897,39.17573],[9.57854,39.17577],[9.57801,39.17489],[9.57735,39.17486],[9.57736,39.1746],[9.57619,39.17369],[9.57632,39.17309],[9.5759,39.17283],[9.57594,39.17235],[9.57537,39.17193],[9.57458,39.1719],[9.57399,39.17152],[9.57377,39.17258],[9.57227,39.17266],[9.57074,39.17209],[9.56968,39.171],[9.57055,39.16911],[9.57021,39.16631],[9.57061,39.16615],[9.57051,39.16591],[9.57083,39.16594],[9.57052,39.16563],[9.57085,39.16554],[9.57085,39.16514],[9.57143,39.16449],[9.56943,39.16405],[9.56957,39.16357],[9.56878,39.16311],[9.56822,39.162],[9.56806,39.16131],[9.56843,39.16115],[9.56841,39.16039],[9.56941,39.15918],[9.5695,39.15866],[9.56927,39.15849],[9.56947,39.15782],[9.56892,39.15739],[9.56824,39.15761],[9.56703,39.15719],[9.56667,39.15665],[9.56684,39.15621],[9.56624,39.15576],[9.5664,39.15541],[9.56743,39.15506],[9.56773,39.1546],[9.56751,39.15389],[9.56873,39.15347],[9.56904,39.1531],[9.56866,39.15321],[9.56802,39.15277],[9.56724,39.15166],[9.5667,39.14959],[9.56725,39.14708],[9.56685,39.14673],[9.5656,39.14651],[9.5648,39.14591],[9.56509,39.14519],[9.56463,39.14516],[9.56422,39.14475],[9.56413,39.14333],[9.56404,39.14355],[9.56377,39.14314],[9.564,39.14169],[9.56332,39.1413],[9.56276,39.14051],[9.56179,39.14011],[9.56134,39.13939],[9.56176,39.13919],[9.56189,39.1388],[9.56045,39.13814],[9.56067,39.13776],[9.56043,39.13798],[9.56034,39.13761],[9.55988,39.13737],[9.55941,39.13773],[9.5581,39.1373],[9.55823,39.13677],[9.55798,39.13678],[9.55806,39.13636],[9.55765,39.13511],[9.55721,39.13457],[9.55737,39.13398],[9.55719,39.13383],[9.55723,39.13355],[9.55781,39.13314],[9.55774,39.13281],[9.55801,39.13292],[9.55785,39.13239],[9.5584,39.13262],[9.55866,39.13252],[9.55813,39.13228],[9.55839,39.1318],[9.55763,39.13157],[9.55734,39.13196],[9.55679,39.13212],[9.55661,39.13181],[9.55541,39.13179],[9.55559,39.13187],[9.55533,39.13203],[9.55537,39.1329],[9.55602,39.13309],[9.55596,39.13382],[9.55556,39.13422],[9.55515,39.13402],[9.5552,39.13429],[9.5547,39.13454],[9.55422,39.13426],[9.55393,39.13492],[9.55324,39.13507],[9.5507,39.13483],[9.55013,39.13387],[9.55021,39.13302],[9.5499,39.13307],[9.54995,39.13283],[9.54974,39.13307],[9.5495,39.13297],[9.54958,39.13263],[9.54928,39.13268],[9.54908,39.13234],[9.54812,39.13278],[9.54759,39.13267],[9.54725,39.13241],[9.54732,39.13185],[9.54711,39.13167],[9.54616,39.13226],[9.5455,39.13214],[9.54545,39.13184],[9.54474,39.13199],[9.54427,39.1325],[9.54366,39.13232],[9.54362,39.13203],[9.54328,39.1325],[9.54252,39.13284],[9.54153,39.13255],[9.54127,39.13175],[9.54094,39.13207],[9.54006,39.13221],[9.53932,39.13303],[9.53875,39.13294],[9.53791,39.1324],[9.53786,39.13127],[9.53808,39.13052],[9.53848,39.13023],[9.53848,39.12921],[9.53744,39.12928],[9.53618,39.13016],[9.53545,39.1302],[9.53401,39.12961],[9.5342,39.12868],[9.53271,39.12868],[9.53239,39.12906],[9.53183,39.1289],[9.52825,39.12589],[9.52497,39.12257],[9.52361,39.12092],[9.52367,39.12051],[9.52232,39.11937],[9.52291,39.1185],[9.52262,39.11815],[9.52223,39.11788],[9.52242,39.11832],[9.52168,39.1182],[9.52076,39.11729],[9.51891,39.11391],[9.51906,39.11198],[9.52049,39.11103],[9.52155,39.1115],[9.52311,39.11104],[9.52348,39.1108],[9.52357,39.11006],[9.52304,39.10893],[9.52274,39.10907],[9.52175,39.10839],[9.52161,39.10856],[9.52047,39.10816],[9.51884,39.10637],[9.51831,39.1048],[9.51889,39.10392],[9.51924,39.10391],[9.51934,39.10337],[9.5207,39.10166],[9.52078,39.10105],[9.52103,39.10102],[9.5216,39.09988],[9.52216,39.09944],[9.52218,39.09905],[9.52288,39.09867],[9.52228,39.0981]]],[[[9.52808,39.0842],[9.52729,39.08453],[9.52725,39.08435],[9.52661,39.08478],[9.52771,39.08566],[9.52818,39.08559],[9.52735,39.08661],[9.52759,39.08685],[9.52725,39.08721],[9.52782,39.08719],[9.52826,39.08757],[9.528,39.08815],[9.52818,39.08821],[9.52811,39.08888],[9.53001,39.08843],[9.52898,39.09009],[9.52965,39.09019],[9.53108,39.08984],[9.53161,39.09013],[9.53208,39.08973],[9.53268,39.08987],[9.53344,39.08945],[9.53349,39.08966],[9.53452,39.08934],[9.5351,39.08835],[9.5352,39.08751],[9.53446,39.08686],[9.53443,39.08601],[9.53399,39.08542],[9.53502,39.08449],[9.53619,39.08422],[9.53634,39.08391],[9.53605,39.08317],[9.53635,39.083],[9.53547,39.0831],[9.53579,39.08265],[9.53435,39.08202],[9.53327,39.08256],[9.53257,39.0834],[9.53245,39.08305],[9.53208,39.08322],[9.53236,39.08286],[9.53169,39.08322],[9.53178,39.08304],[9.53147,39.08277],[9.53089,39.08357],[9.53005,39.08363],[9.53014,39.08397],[9.52976,39.08431],[9.52808,39.0842]]],[[[9.60518,39.13337],[9.60471,39.13373],[9.60468,39.13439],[9.60405,39.1345],[9.6042,39.13543],[9.60453,39.13547],[9.60451,39.13624],[9.60369,39.13748],[9.60387,39.13789],[9.60364,39.13824],[9.60361,39.13959],[9.60426,39.1408],[9.60407,39.1419],[9.60422,39.14182],[9.60464,39.14246],[9.60426,39.14354],[9.60528,39.14428],[9.60538,39.1447],[9.60613,39.14541],[9.60649,39.14447],[9.60749,39.14386],[9.6075,39.14341],[9.60847,39.14234],[9.6081,39.1417],[9.60742,39.14182],[9.60658,39.14063],[9.60711,39.13962],[9.60736,39.13979],[9.6079,39.13926],[9.608,39.13894],[9.60768,39.13849],[9.60792,39.13783],[9.60734,39.13718],[9.60693,39.13727],[9.60683,39.13536],[9.6065,39.13423],[9.60523,39.13438],[9.60544,39.13355],[9.60518,39.13337]]],[[[9.60359,39.14675],[9.60273,39.14703],[9.60287,39.14718],[9.60251,39.14785],[9.60338,39.14879],[9.60514,39.14786],[9.60448,39.14706],[9.60359,39.14675]]],[[[9.60481,39.15059],[9.60389,39.15121],[9.60376,39.15204],[9.60429,39.15223],[9.60467,39.15187],[9.60457,39.15162],[9.60516,39.15122],[9.60529,39.15075],[9.60481,39.15059]]],[[[9.60511,39.14834],[9.60478,39.1489],[9.60522,39.14907],[9.60491,39.14959],[9.60593,39.15007],[9.60605,39.14964],[9.60576,39.14958],[9.60601,39.14909],[9.6056,39.14894],[9.60584,39.14865],[9.60511,39.14834]]],[[[9.53986,39.08366],[9.54049,39.08317],[9.53989,39.08279],[9.54014,39.08251],[9.53984,39.08193],[9.53904,39.08338],[9.53986,39.08366]]],[[[9.53661,39.08176],[9.53702,39.08101],[9.53682,39.08074],[9.53661,39.08096],[9.53615,39.08087],[9.53564,39.08122],[9.53558,39.08156],[9.53614,39.08209],[9.53661,39.08176]]],[[[9.54166,39.08359],[9.54142,39.08315],[9.5405,39.08335],[9.54009,39.08375],[9.54067,39.08407],[9.54166,39.08359]]],[[[9.53737,39.08416],[9.53613,39.08496],[9.53672,39.08516],[9.53737,39.08416]]],[[[9.49981,39.11279],[9.49911,39.11334],[9.49894,39.11371],[9.49939,39.11366],[9.49994,39.11311],[9.49981,39.11279]]],[[[9.46515,39.12392],[9.46475,39.124],[9.46452,39.12417],[9.46502,39.12436],[9.46515,39.12392]]],[[[9.4647,39.12354],[9.46454,39.12374],[9.46459,39.12395],[9.46493,39.12367],[9.4647,39.12354]]],[[[9.51187,39.10184],[9.51132,39.10207],[9.51133,39.10225],[9.51187,39.10184]]],[[[9.52584,39.08135],[9.52562,39.08125],[9.52542,39.08137],[9.52555,39.08145],[9.52584,39.08135]]],[[[9.53759,39.08428],[9.53759,39.08451],[9.53785,39.08446],[9.53759,39.08428]]]]}},{"type":"Feature","properties":{"nome":"Quirra","limiti_indicativi":true,"fonte":"GeoNue/Nordai — Esercitazione 3, regioni_storiciche"},"geometry":{"type":"MultiPolygon","coordinates":[[[[9.65441,39.56745],[9.65332,39.56639],[9.65344,39.5654],[9.65308,39.56453],[9.65278,39.5645],[9.6527,39.5641],[9.65206,39.56385],[9.65115,39.56287],[9.65046,39.56143],[9.64965,39.56079],[9.64988,39.56024],[9.65103,39.55966],[9.65111,39.55921],[9.65041,39.55767],[9.65101,39.55605],[9.65058,39.55491],[9.65104,39.55466],[9.65109,39.55394],[9.65192,39.55312],[9.65347,39.55331],[9.65374,39.55264],[9.65303,39.55182],[9.65248,39.55192],[9.65102,39.55119],[9.65126,39.54946],[9.65078,39.54881],[9.64942,39.54808],[9.64947,39.54775],[9.64868,39.54775],[9.64862,39.54731],[9.64901,39.54707],[9.6483,39.54607],[9.64859,39.54585],[9.64785,39.54568],[9.64666,39.54666],[9.64432,39.5468],[9.64273,39.54589],[9.64124,39.54434],[9.63984,39.54181],[9.63873,39.53864],[9.63779,39.53286],[9.63781,39.53037],[9.63535,39.52373],[9.63465,39.52369],[9.63326,39.52097],[9.63013,39.52129],[9.62809,39.52179],[9.62627,39.52189],[9.62507,39.5215],[9.6244,39.52181],[9.62395,39.52296],[9.62327,39.52362],[9.62271,39.52353],[9.62224,39.52283],[9.6211,39.52227],[9.62031,39.52245],[9.61895,39.52329],[9.61622,39.52357],[9.61326,39.52226],[9.61303,39.52196],[9.61359,39.52129],[9.61301,39.52028],[9.61136,39.52029],[9.61131,39.52095],[9.61063,39.52096],[9.61046,39.52069],[9.61108,39.51999],[9.61062,39.51972],[9.60937,39.51982],[9.60682,39.52102],[9.60544,39.52124],[9.60584,39.5226],[9.60537,39.5231],[9.60097,39.52377],[9.60048,39.52365],[9.59967,39.52289],[9.59831,39.52285],[9.59695,39.52348],[9.59518,39.52546],[9.59223,39.52684],[9.58906,39.52748],[9.589,39.5296],[9.58716,39.5329],[9.58569,39.53423],[9.57988,39.53705],[9.57891,39.53952],[9.57714,39.53955],[9.5732,39.539],[9.5691,39.54238],[9.5624,39.5452],[9.56068,39.54646],[9.55745,39.5468],[9.55402,39.54227],[9.55347,39.53907],[9.55874,39.53495],[9.55905,39.53274],[9.56072,39.53154],[9.56185,39.52964],[9.56059,39.52862],[9.55584,39.52679],[9.55534,39.52027],[9.55494,39.52043],[9.55452,39.51839],[9.55487,39.51699],[9.55439,39.51697],[9.55421,39.51624],[9.55371,39.5163],[9.55299,39.51528],[9.55235,39.51539],[9.55219,39.5142],[9.5508,39.51408],[9.55083,39.51295],[9.55009,39.51292],[9.54943,39.5132],[9.5488,39.51293],[9.54781,39.5114],[9.54792,39.51003],[9.54592,39.50879],[9.54004,39.50993],[9.53682,39.51163],[9.53606,39.51303],[9.53391,39.51467],[9.53318,39.51623],[9.53094,39.51912],[9.52938,39.51919],[9.52787,39.51825],[9.52682,39.51817],[9.5245,39.51735],[9.52153,39.51801],[9.51904,39.51602],[9.51553,39.51667],[9.51467,39.51708],[9.51434,39.51747],[9.51439,39.51798],[9.51477,39.51843],[9.51463,39.52278],[9.51242,39.52446],[9.50884,39.5254],[9.50529,39.53004],[9.48945,39.52841],[9.47932,39.5243],[9.49534,39.53543],[9.499,39.55158],[9.48806,39.54899],[9.47326,39.55795],[9.46759,39.56648],[9.46487,39.5686],[9.44681,39.5767],[9.43809,39.58777],[9.43561,39.60073],[9.42281,39.60536],[9.43145,39.60912],[9.41943,39.61729],[9.417,39.61726],[9.41675,39.61756],[9.41709,39.62021],[9.41959,39.62401],[9.41921,39.62724],[9.41819,39.62804],[9.41581,39.62869],[9.41104,39.63367],[9.40703,39.63577],[9.405,39.63879],[9.40703,39.64143],[9.40456,39.64365],[9.40465,39.64505],[9.40397,39.64549],[9.4029,39.6453],[9.40069,39.64899],[9.39734,39.65099],[9.39713,39.65159],[9.39937,39.65525],[9.39556,39.66386],[9.39579,39.66422],[9.39616,39.66329],[9.39667,39.6637],[9.39758,39.6634],[9.39886,39.66377],[9.39922,39.66517],[9.39864,39.66716],[9.39937,39.66965],[9.40045,39.67064],[9.40127,39.67059],[9.40209,39.67109],[9.4024,39.67359],[9.40312,39.67479],[9.40298,39.67515],[9.40138,39.67589],[9.40272,39.67797],[9.402,39.67816],[9.40181,39.68057],[9.40116,39.68129],[9.40297,39.68361],[9.40321,39.68432],[9.40136,39.68708],[9.40219,39.68858],[9.40392,39.68908],[9.40415,39.68939],[9.40294,39.69101],[9.40295,39.69153],[9.40403,39.69323],[9.40224,39.69575],[9.40084,39.69844],[9.39985,39.70187],[9.40032,39.70363],[9.39871,39.70429],[9.39909,39.70518],[9.40119,39.70638],[9.40521,39.70517],[9.4076,39.70739],[9.40858,39.71058],[9.41666,39.71373],[9.43621,39.7069],[9.44504,39.71054],[9.44775,39.71018],[9.45061,39.71184],[9.45203,39.71193],[9.45415,39.71252],[9.4553,39.7122],[9.45726,39.71035],[9.46144,39.71118],[9.46296,39.71115],[9.465,39.71275],[9.46601,39.71214],[9.46776,39.71256],[9.46905,39.71181],[9.47225,39.71208],[9.47181,39.71055],[9.47344,39.71051],[9.47328,39.7097],[9.47385,39.70965],[9.4754,39.71053],[9.47679,39.70879],[9.47853,39.70791],[9.47864,39.7067],[9.48185,39.70567],[9.48439,39.70572],[9.48574,39.70409],[9.48665,39.70434],[9.49055,39.70253],[9.49169,39.70143],[9.49449,39.69385],[9.4959,39.69186],[9.49673,39.69109],[9.49659,39.68984],[9.49786,39.68949],[9.49866,39.68856],[9.49899,39.68453],[9.50095,39.68337],[9.5011,39.68187],[9.50228,39.68121],[9.50168,39.67985],[9.50286,39.67865],[9.50302,39.67735],[9.50259,39.67647],[9.50145,39.67584],[9.50185,39.67504],[9.5026,39.67479],[9.50316,39.6737],[9.50291,39.67367],[9.50444,39.67137],[9.50462,39.66955],[9.50566,39.66872],[9.50645,39.66704],[9.5068,39.66685],[9.50725,39.66594],[9.50663,39.66545],[9.5068,39.66514],[9.5075,39.66498],[9.50806,39.6635],[9.5063,39.66109],[9.50702,39.65947],[9.50592,39.65721],[9.50601,39.65639],[9.50658,39.65528],[9.5066,39.65466],[9.50636,39.65438],[9.50676,39.65361],[9.50684,39.65162],[9.50724,39.65024],[9.50766,39.64973],[9.51162,39.64648],[9.51175,39.64582],[9.51191,39.63433],[9.5113,39.63311],[9.50645,39.61683],[9.50661,39.61625],[9.512,39.6134],[9.51309,39.61187],[9.51392,39.61123],[9.51639,39.6044],[9.51976,39.60292],[9.52405,39.60295],[9.52548,39.60268],[9.52536,39.60225],[9.52391,39.60183],[9.52319,39.60133],[9.52603,39.60204],[9.56181,39.61525],[9.56106,39.61672],[9.56031,39.61711],[9.5586,39.62052],[9.5576,39.6214],[9.55759,39.62247],[9.55679,39.62309],[9.55596,39.6259],[9.55568,39.62604],[9.55515,39.62728],[9.55531,39.62792],[9.56249,39.62992],[9.5655,39.62998],[9.56703,39.63058],[9.57083,39.63122],[9.57421,39.63293],[9.57573,39.63306],[9.57676,39.63363],[9.57851,39.63374],[9.57929,39.63421],[9.58236,39.63478],[9.583,39.6377],[9.58743,39.63285],[9.58869,39.63026],[9.58861,39.6287],[9.59039,39.62499],[9.60043,39.62644],[9.6083,39.62629],[9.61043,39.62767],[9.6179,39.62901],[9.62411,39.63506],[9.62492,39.6376],[9.62579,39.63843],[9.62666,39.64214],[9.62582,39.64383],[9.62831,39.64452],[9.62954,39.6452],[9.63051,39.64518],[9.63129,39.6458],[9.63117,39.64595],[9.63209,39.64631],[9.63385,39.64628],[9.63486,39.64681],[9.63544,39.64677],[9.63536,39.64657],[9.63615,39.6461],[9.63696,39.64623],[9.6378,39.64595],[9.63805,39.64613],[9.63786,39.64624],[9.63841,39.64645],[9.64199,39.64585],[9.64355,39.64606],[9.64425,39.64691],[9.64564,39.64771],[9.64719,39.64742],[9.6485,39.64766],[9.64807,39.64525],[9.64808,39.64479],[9.64873,39.64453],[9.64814,39.64398],[9.64842,39.64228],[9.64948,39.64061],[9.64967,39.63927],[9.65066,39.63844],[9.65089,39.63767],[9.65165,39.63662],[9.65202,39.63463],[9.65129,39.63302],[9.65166,39.63178],[9.65133,39.63044],[9.65018,39.62985],[9.64992,39.62918],[9.65235,39.62638],[9.65277,39.62507],[9.65347,39.62467],[9.65319,39.62425],[9.6532,39.6231],[9.65345,39.62208],[9.65396,39.62216],[9.65393,39.6215],[9.65314,39.62182],[9.65269,39.62165],[9.65211,39.61988],[9.6521,39.61885],[9.65257,39.61798],[9.65296,39.61626],[9.65368,39.61593],[9.65367,39.61551],[9.65467,39.61467],[9.65458,39.61422],[9.6551,39.61368],[9.65492,39.61262],[9.65526,39.61141],[9.65475,39.61025],[9.65471,39.60887],[9.65647,39.60516],[9.65659,39.60308],[9.65724,39.60152],[9.65706,39.60136],[9.65768,39.60038],[9.65719,39.60015],[9.65742,39.59861],[9.65724,39.598],[9.65732,39.59604],[9.65703,39.5943],[9.6565,39.59351],[9.65652,39.5913],[9.65624,39.59116],[9.65631,39.59074],[9.65588,39.59009],[9.65587,39.58912],[9.65652,39.58831],[9.65651,39.58716],[9.65706,39.58605],[9.65716,39.58362],[9.65682,39.58253],[9.65731,39.58053],[9.6572,39.57909],[9.65779,39.57833],[9.65775,39.57814],[9.65709,39.57811],[9.65676,39.57772],[9.65669,39.5769],[9.65693,39.57661],[9.65592,39.57549],[9.65552,39.57305],[9.65578,39.57185],[9.65566,39.57091],[9.65604,39.57039],[9.65601,39.56992],[9.65632,39.57031],[9.65625,39.56978],[9.65672,39.56968],[9.65658,39.56928],[9.65681,39.569],[9.65628,39.56894],[9.65609,39.56929],[9.65513,39.56921],[9.65503,39.56887],[9.65454,39.56869],[9.65441,39.56745]]],[[[9.6594,39.52423],[9.6585,39.52468],[9.65859,39.52428],[9.65816,39.52438],[9.65811,39.52488],[9.65953,39.52469],[9.65976,39.52438],[9.65927,39.52455],[9.6594,39.52423]]],[[[9.65796,39.52391],[9.65813,39.52424],[9.65825,39.52379],[9.65796,39.52391]]]]}},{"type":"Feature","properties":{"nome":"Planargia","limiti_indicativi":true,"fonte":"GeoNue/Nordai — Esercitazione 3, regioni_storiciche"},"geometry":{"type":"MultiPolygon","coordinates":[[[[8.48327,40.27125],[8.48414,40.2741],[8.48385,40.27665],[8.48352,40.27716],[8.48377,40.27847],[8.4833,40.27945],[8.48368,40.27999],[8.4836,40.28056],[8.48296,40.28195],[8.48356,40.28222],[8.48367,40.2829],[8.48344,40.28341],[8.48314,40.2834],[8.4825,40.28468],[8.48241,40.285],[8.48294,40.28515],[8.48286,40.28547],[8.48173,40.28657],[8.47987,40.28778],[8.47688,40.28878],[8.47557,40.28874],[8.47463,40.28815],[8.47486,40.2873],[8.4757,40.28728],[8.47476,40.28721],[8.47463,40.28669],[8.47534,40.28662],[8.47475,40.28659],[8.47475,40.28639],[8.47533,40.28632],[8.47475,40.28636],[8.47453,40.28573],[8.47535,40.28481],[8.47524,40.28465],[8.47489,40.28473],[8.47415,40.28606],[8.47378,40.28621],[8.47412,40.28714],[8.47325,40.28685],[8.47308,40.28638],[8.47253,40.28679],[8.4728,40.28749],[8.47383,40.28804],[8.47439,40.28965],[8.47547,40.2902],[8.47511,40.29081],[8.47607,40.29151],[8.47499,40.29136],[8.47414,40.2917],[8.47419,40.29252],[8.47451,40.2927],[8.47425,40.29315],[8.47389,40.29253],[8.47378,40.29276],[8.47304,40.29262],[8.47257,40.29296],[8.47287,40.29308],[8.47279,40.29352],[8.47151,40.29402],[8.47021,40.29373],[8.46981,40.29414],[8.46936,40.29403],[8.46871,40.29431],[8.46955,40.29379],[8.46919,40.29382],[8.46846,40.29438],[8.46841,40.29506],[8.46909,40.29529],[8.46907,40.29588],[8.46942,40.29648],[8.47109,40.29697],[8.47096,40.29721],[8.46797,40.2977],[8.46807,40.2981],[8.46776,40.29832],[8.46753,40.29839],[8.46739,40.29804],[8.46699,40.29843],[8.46641,40.29853],[8.46566,40.29962],[8.46455,40.30049],[8.46461,40.3023],[8.46383,40.30368],[8.4648,40.30591],[8.46661,40.30631],[8.46768,40.30614],[8.46817,40.30647],[8.46779,40.30676],[8.46975,40.30656],[8.47165,40.30487],[8.47274,40.30468],[8.47349,40.30471],[8.47471,40.30522],[8.47654,40.30446],[8.48528,40.30476],[8.48957,40.30654],[8.49038,40.30729],[8.4936,40.30865],[8.4962,40.31052],[8.49652,40.31153],[8.49725,40.31248],[8.49908,40.31339],[8.50075,40.31378],[8.50379,40.31341],[8.5043,40.31303],[8.50767,40.31251],[8.51024,40.31265],[8.5116,40.31296],[8.51391,40.31408],[8.51499,40.31408],[8.51691,40.31454],[8.51718,40.31271],[8.52002,40.31291],[8.5221,40.31364],[8.52308,40.31352],[8.52512,40.31269],[8.5291,40.31383],[8.53029,40.31505],[8.53199,40.31542],[8.53289,40.31355],[8.53395,40.31329],[8.53461,40.31491],[8.53608,40.31609],[8.53683,40.31624],[8.53809,40.31601],[8.53948,40.31696],[8.54079,40.31693],[8.54134,40.3188],[8.5442,40.32174],[8.54166,40.32261],[8.54133,40.32246],[8.54117,40.32146],[8.54021,40.32132],[8.53959,40.32198],[8.54039,40.3275],[8.54073,40.32832],[8.5418,40.32951],[8.54316,40.33027],[8.54484,40.33191],[8.54689,40.33472],[8.55,40.33627],[8.55061,40.33797],[8.55111,40.33864],[8.55132,40.33999],[8.55268,40.34146],[8.55473,40.34282],[8.55661,40.34455],[8.55753,40.34577],[8.5582,40.34794],[8.55964,40.34902],[8.56283,40.34683],[8.56656,40.34607],[8.57002,40.34654],[8.57214,40.3475],[8.5735,40.349],[8.57452,40.35102],[8.57463,40.35173],[8.57386,40.3535],[8.5745,40.3548],[8.57612,40.35674],[8.57597,40.35741],[8.57764,40.3581],[8.58049,40.35663],[8.58208,40.35681],[8.58792,40.34863],[8.59201,40.3469],[8.59178,40.34625],[8.59002,40.3452],[8.58972,40.34427],[8.59092,40.34233],[8.59001,40.34106],[8.58985,40.34028],[8.59002,40.33971],[8.59187,40.33905],[8.59323,40.33593],[8.59215,40.33515],[8.59148,40.33358],[8.59157,40.33273],[8.5924,40.33234],[8.59593,40.3322],[8.59736,40.33129],[8.59989,40.33216],[8.60033,40.33209],[8.60289,40.33041],[8.60492,40.32998],[8.60671,40.32908],[8.61029,40.32916],[8.61261,40.32636],[8.61307,40.32483],[8.61418,40.32408],[8.61471,40.32381],[8.61757,40.32355],[8.61871,40.32296],[8.621,40.32268],[8.62097,40.32203],[8.62018,40.32009],[8.6201,40.31879],[8.62032,40.31746],[8.6206,40.31698],[8.62144,40.31653],[8.62063,40.3152],[8.62067,40.3143],[8.62576,40.31383],[8.62724,40.31406],[8.62812,40.31388],[8.62932,40.31254],[8.63173,40.31142],[8.63393,40.31113],[8.63451,40.31171],[8.63565,40.31152],[8.63601,40.30934],[8.63692,40.30925],[8.63774,40.30839],[8.63746,40.30634],[8.63773,40.306],[8.63952,40.30596],[8.6401,40.3058],[8.6402,40.30554],[8.63883,40.30305],[8.63917,40.30209],[8.63888,40.30051],[8.63907,40.29933],[8.6394,40.2988],[8.64074,40.29843],[8.64223,40.29672],[8.64413,40.29637],[8.64669,40.29707],[8.64876,40.29878],[8.65103,40.2999],[8.65128,40.30055],[8.65126,40.30231],[8.65181,40.30328],[8.65339,40.30465],[8.65521,40.30489],[8.65562,40.30458],[8.65599,40.30466],[8.65616,40.30489],[8.65596,40.30556],[8.65723,40.30622],[8.65819,40.30638],[8.65833,40.30761],[8.65879,40.30816],[8.65848,40.30966],[8.659,40.31036],[8.66321,40.31117],[8.66384,40.31148],[8.66645,40.31125],[8.66929,40.31189],[8.67018,40.31177],[8.67176,40.31081],[8.67296,40.31059],[8.67568,40.31138],[8.67809,40.31263],[8.679,40.31448],[8.68167,40.31684],[8.68254,40.3188],[8.6848,40.31957],[8.68537,40.32169],[8.68869,40.32387],[8.68959,40.32421],[8.6898,40.32482],[8.68891,40.3253],[8.6888,40.3257],[8.68895,40.32714],[8.69085,40.32813],[8.69129,40.33014],[8.69244,40.33063],[8.69396,40.33054],[8.69473,40.33113],[8.69589,40.33095],[8.69626,40.33004],[8.69668,40.32968],[8.69753,40.32962],[8.70227,40.33059],[8.70307,40.33125],[8.70558,40.33045],[8.70663,40.33077],[8.70816,40.33052],[8.70853,40.32972],[8.71038,40.32802],[8.71278,40.32429],[8.71567,40.32209],[8.71808,40.319],[8.71871,40.31783],[8.72153,40.31559],[8.72262,40.31375],[8.72534,40.31125],[8.72545,40.31052],[8.72737,40.30871],[8.73165,40.30591],[8.73263,40.30465],[8.73204,40.30391],[8.72989,40.30234],[8.72963,40.30186],[8.7299,40.2996],[8.73023,40.299],[8.7294,40.29772],[8.72988,40.29704],[8.72966,40.29524],[8.72801,40.29294],[8.72849,40.29149],[8.72841,40.29105],[8.72575,40.28886],[8.72303,40.2849],[8.72194,40.28378],[8.72354,40.28141],[8.72239,40.276],[8.72268,40.27369],[8.71721,40.27061],[8.71072,40.26636],[8.70713,40.26335],[8.70343,40.26111],[8.69882,40.25736],[8.69522,40.25509],[8.69111,40.25151],[8.68482,40.25191],[8.67793,40.2504],[8.66799,40.24965],[8.6651,40.25004],[8.65749,40.25278],[8.65161,40.25586],[8.65032,40.25526],[8.6498,40.25464],[8.64799,40.25519],[8.64826,40.25704],[8.64685,40.25823],[8.64506,40.2583],[8.6434,40.25906],[8.64176,40.2594],[8.63667,40.26122],[8.63304,40.26073],[8.63166,40.26264],[8.63096,40.26312],[8.62888,40.26369],[8.62714,40.26367],[8.62627,40.26393],[8.62375,40.26138],[8.62141,40.26045],[8.61819,40.2597],[8.61471,40.25936],[8.61239,40.2584],[8.60667,40.25743],[8.60462,40.25584],[8.60404,40.255],[8.59958,40.25266],[8.59832,40.25168],[8.59785,40.25167],[8.59666,40.2507],[8.59197,40.249],[8.58862,40.24696],[8.58477,40.24558],[8.57903,40.24481],[8.57294,40.24638],[8.57205,40.24696],[8.57133,40.24519],[8.57062,40.24476],[8.56809,40.24422],[8.56514,40.24308],[8.56058,40.23814],[8.5607,40.23528],[8.55947,40.23286],[8.55829,40.2329],[8.55789,40.23316],[8.55655,40.23257],[8.5559,40.23281],[8.5553,40.23463],[8.55458,40.23496],[8.55335,40.23462],[8.55222,40.23323],[8.5515,40.23307],[8.55096,40.23356],[8.55055,40.23517],[8.54902,40.23543],[8.54734,40.23518],[8.54561,40.23459],[8.54476,40.23499],[8.54409,40.23347],[8.5434,40.2335],[8.54257,40.23416],[8.54181,40.23436],[8.54151,40.23371],[8.54178,40.23321],[8.54075,40.23233],[8.53819,40.23329],[8.53776,40.23297],[8.53717,40.23331],[8.53632,40.23305],[8.53437,40.23361],[8.53329,40.23347],[8.53131,40.2327],[8.52767,40.23094],[8.52615,40.231],[8.52502,40.23075],[8.52461,40.22985],[8.52388,40.22952],[8.52315,40.22947],[8.52094,40.23004],[8.5197,40.22983],[8.51927,40.22923],[8.51965,40.22588],[8.51935,40.22485],[8.51891,40.22429],[8.51658,40.22382],[8.51624,40.22351],[8.51599,40.2225],[8.5163,40.22111],[8.51564,40.22048],[8.51333,40.22021],[8.51056,40.21834],[8.50985,40.21743],[8.50981,40.21659],[8.51144,40.21546],[8.51142,40.21494],[8.51051,40.21393],[8.50974,40.21358],[8.50893,40.21359],[8.50801,40.2141],[8.50751,40.21401],[8.50621,40.20953],[8.50581,40.20909],[8.50502,40.20878],[8.50415,40.20887],[8.50202,40.21045],[8.49985,40.20935],[8.49974,40.2086],[8.5003,40.20806],[8.49986,40.20756],[8.49948,40.20736],[8.49745,40.20763],[8.49738,40.2069],[8.49831,40.20503],[8.49586,40.20438],[8.49562,40.20413],[8.4957,40.20055],[8.494,40.19984],[8.49466,40.19913],[8.49501,40.19814],[8.49196,40.19784],[8.49183,40.19756],[8.49228,40.19702],[8.49165,40.19482],[8.49043,40.1947],[8.4886,40.19498],[8.48639,40.19374],[8.48332,40.19257],[8.48315,40.19224],[8.48408,40.19064],[8.48343,40.1896],[8.48297,40.18931],[8.48262,40.18929],[8.47981,40.1908],[8.47858,40.19042],[8.47868,40.18771],[8.47783,40.18699],[8.47634,40.18659],[8.47626,40.18621],[8.47864,40.1859],[8.47935,40.18558],[8.47984,40.18507],[8.47979,40.18433],[8.47923,40.18369],[8.47599,40.18198],[8.47526,40.18115],[8.47482,40.17973],[8.47429,40.17912],[8.47355,40.17892],[8.47022,40.17906],[8.46966,40.17942],[8.46906,40.18057],[8.46825,40.18089],[8.46731,40.1808],[8.46665,40.18044],[8.46555,40.18079],[8.46413,40.18069],[8.46326,40.17996],[8.46247,40.17877],[8.4628,40.1775],[8.46252,40.1771],[8.45984,40.17632],[8.45783,40.17629],[8.45708,40.17589],[8.45713,40.17516],[8.45632,40.17586],[8.45603,40.17659],[8.45637,40.17696],[8.45778,40.17753],[8.45835,40.17853],[8.45867,40.17998],[8.45854,40.18293],[8.45984,40.18412],[8.4608,40.18456],[8.4614,40.18546],[8.46198,40.18581],[8.46206,40.18747],[8.46334,40.18909],[8.46317,40.18944],[8.46411,40.19068],[8.46402,40.19138],[8.46448,40.19136],[8.4654,40.19202],[8.4653,40.19256],[8.46603,40.19341],[8.46526,40.19503],[8.46506,40.19652],[8.4656,40.19683],[8.46587,40.19745],[8.46662,40.19772],[8.46678,40.19865],[8.46742,40.19875],[8.46786,40.19932],[8.46719,40.20031],[8.46702,40.2012],[8.46584,40.20202],[8.46622,40.20234],[8.46544,40.20313],[8.46535,40.20409],[8.46476,40.20544],[8.46416,40.20612],[8.46378,40.20602],[8.46403,40.20665],[8.46326,40.20701],[8.46312,40.2079],[8.46254,40.20806],[8.46172,40.20893],[8.46222,40.20951],[8.46234,40.21017],[8.46141,40.21186],[8.46194,40.212],[8.46106,40.21309],[8.46172,40.2134],[8.46173,40.21379],[8.46213,40.21411],[8.46315,40.21418],[8.46315,40.21536],[8.46359,40.21583],[8.46375,40.21648],[8.46348,40.21762],[8.46439,40.21834],[8.46394,40.21881],[8.46326,40.21895],[8.46332,40.21968],[8.46412,40.22005],[8.4641,40.22083],[8.46374,40.22123],[8.46429,40.22133],[8.46502,40.22226],[8.46478,40.22255],[8.46519,40.22289],[8.46552,40.22279],[8.46559,40.22338],[8.46591,40.2232],[8.46617,40.22354],[8.46533,40.22438],[8.46596,40.22513],[8.4662,40.22604],[8.46586,40.22749],[8.46399,40.22808],[8.46322,40.22889],[8.46294,40.22848],[8.46289,40.22753],[8.46144,40.22757],[8.46214,40.22795],[8.46201,40.22822],[8.46265,40.2284],[8.46275,40.22889],[8.46167,40.22973],[8.46438,40.22999],[8.46491,40.23098],[8.4646,40.23133],[8.46384,40.23155],[8.46382,40.23198],[8.46519,40.2318],[8.46634,40.23267],[8.46709,40.23271],[8.46726,40.23315],[8.46707,40.23371],[8.46761,40.23377],[8.46821,40.23458],[8.46847,40.23565],[8.46902,40.23601],[8.46927,40.23677],[8.46965,40.23641],[8.46999,40.23668],[8.46983,40.2369],[8.47019,40.23724],[8.47,40.23781],[8.47049,40.23827],[8.47072,40.2395],[8.47132,40.24039],[8.47119,40.24122],[8.47172,40.24157],[8.47172,40.24207],[8.47272,40.24264],[8.47322,40.24242],[8.47413,40.24345],[8.47453,40.24612],[8.47367,40.24752],[8.47364,40.24838],[8.47487,40.25005],[8.47612,40.25386],[8.47685,40.25468],[8.47627,40.25535],[8.47687,40.25639],[8.47689,40.25728],[8.47782,40.25772],[8.4785,40.25863],[8.47798,40.25991],[8.47797,40.26093],[8.47872,40.26319],[8.47866,40.26391],[8.47992,40.26628],[8.47952,40.26709],[8.47967,40.26807],[8.48123,40.27019],[8.48327,40.27125]]],[[[8.45636,40.20972],[8.45418,40.21023],[8.4546,40.21049],[8.45554,40.20999],[8.45593,40.21018],[8.45636,40.20972]]],[[[8.45807,40.21293],[8.45922,40.21281],[8.45929,40.21252],[8.45901,40.21232],[8.45845,40.21242],[8.45807,40.21293]]],[[[8.45852,40.20412],[8.45784,40.20379],[8.45753,40.20415],[8.45844,40.20439],[8.45852,40.20412]]],[[[8.46256,40.23274],[8.46315,40.23283],[8.46331,40.23236],[8.46258,40.23238],[8.46256,40.23274]]],[[[8.46521,40.1974],[8.46456,40.19756],[8.4645,40.19769],[8.46525,40.19775],[8.46521,40.1974]]],[[[8.45958,40.20901],[8.46007,40.20904],[8.46041,40.20878],[8.45984,40.20874],[8.45958,40.20901]]],[[[8.45638,40.20936],[8.45596,40.20906],[8.45581,40.20934],[8.456,40.20952],[8.45638,40.20936]]],[[[8.46858,40.29632],[8.46818,40.29598],[8.46808,40.29603],[8.46858,40.29632]]],[[[8.4603,40.21116],[8.46006,40.21112],[8.45971,40.2113],[8.45994,40.2113],[8.4603,40.21116]]],[[[8.46348,40.20687],[8.46344,40.20656],[8.46322,40.20654],[8.46325,40.20667],[8.46348,40.20687]]],[[[8.48027,40.2868],[8.48011,40.28692],[8.48053,40.28706],[8.48027,40.2868]]]]}},{"type":"Feature","properties":{"nome":"Barbagia di Belvì","limiti_indicativi":true,"fonte":"GeoNue/Nordai — Esercitazione 3, regioni_storiciche"},"geometry":{"type":"Polygon","coordinates":[[[9.01236,39.94962],[9.01278,39.95112],[9.01439,39.95069],[9.01572,39.95096],[9.0164,39.95154],[9.01737,39.9518],[9.01817,39.95111],[9.01895,39.9509],[9.01922,39.95139],[9.01834,39.9529],[9.01856,39.95314],[9.01978,39.95337],[9.02035,39.95418],[9.0209,39.95403],[9.02132,39.95268],[9.02189,39.95249],[9.02373,39.95289],[9.02432,39.95413],[9.02507,39.95349],[9.0267,39.95308],[9.02861,39.95182],[9.02992,39.95212],[9.03003,39.95243],[9.02974,39.95307],[9.03025,39.95358],[9.02971,39.95417],[9.0297,39.95495],[9.03211,39.95622],[9.03112,39.9571],[9.02958,39.95718],[9.02948,39.9579],[9.03056,39.95862],[9.03075,39.95923],[9.03211,39.96064],[9.03209,39.96121],[9.03112,39.96211],[9.03105,39.96299],[9.0313,39.96324],[9.03495,39.96151],[9.03503,39.95968],[9.03628,39.95934],[9.03682,39.95984],[9.03914,39.95929],[9.0431,39.96014],[9.04584,39.9583],[9.04664,39.95808],[9.04681,39.95844],[9.04561,39.95923],[9.04557,39.95943],[9.04618,39.95981],[9.04739,39.95988],[9.04819,39.96037],[9.04921,39.96038],[9.05083,39.96093],[9.05142,39.96082],[9.05273,39.95994],[9.05328,39.96038],[9.0531,39.96153],[9.05437,39.96176],[9.05537,39.96148],[9.05745,39.96187],[9.05968,39.96182],[9.06021,39.96227],[9.05809,39.96378],[9.05777,39.96453],[9.05789,39.96481],[9.05938,39.96497],[9.05989,39.96481],[9.06102,39.96514],[9.06154,39.96495],[9.06238,39.96563],[9.06313,39.96582],[9.06353,39.96582],[9.06396,39.96532],[9.06409,39.96361],[9.06329,39.96292],[9.06346,39.9622],[9.06396,39.96198],[9.06445,39.96203],[9.06845,39.96425],[9.07348,39.96495],[9.0753,39.9647],[9.07706,39.96602],[9.0801,39.96534],[9.08159,39.966],[9.08234,39.96586],[9.08265,39.9634],[9.08391,39.96198],[9.08542,39.9622],[9.08382,39.96342],[9.08462,39.96399],[9.08504,39.96546],[9.08697,39.96349],[9.08798,39.96326],[9.08924,39.9654],[9.09188,39.96546],[9.09173,39.96434],[9.09235,39.96372],[9.09482,39.96485],[9.09565,39.96379],[9.09877,39.96245],[9.09809,39.96549],[9.0985,39.96602],[9.10075,39.96584],[9.1,39.96677],[9.10149,39.96816],[9.10472,39.96517],[9.10624,39.96503],[9.11157,39.96673],[9.11442,39.9684],[9.11873,39.96724],[9.12293,39.96741],[9.12448,39.96793],[9.12809,39.9676],[9.12562,39.97036],[9.13254,39.97176],[9.13051,39.97598],[9.13152,39.97661],[9.13721,39.97641],[9.13911,39.97678],[9.14215,39.97813],[9.1483,39.9794],[9.15116,39.9784],[9.15295,39.9829],[9.15194,39.98683],[9.1537,39.98727],[9.15852,39.99086],[9.15838,39.99248],[9.16162,39.99107],[9.16308,39.98823],[9.16632,39.98464],[9.16771,39.98485],[9.17008,39.9842],[9.17593,39.98633],[9.17839,39.98625],[9.18034,39.98548],[9.18175,39.98615],[9.18733,39.98671],[9.18724,39.98565],[9.18991,39.98414],[9.19157,39.98181],[9.1948,39.98229],[9.19779,39.98104],[9.19939,39.98149],[9.20116,39.97995],[9.20177,39.98038],[9.21279,39.9835],[9.21604,39.98363],[9.22092,39.98],[9.22635,39.97955],[9.23157,39.97549],[9.23792,39.97673],[9.23913,39.97617],[9.23986,39.97507],[9.24384,39.97404],[9.24904,39.97094],[9.25041,39.96851],[9.25333,39.96801],[9.25692,39.96822],[9.25967,39.97012],[9.26248,39.96963],[9.26209,39.96683],[9.26345,39.96184],[9.26619,39.96044],[9.27008,39.95571],[9.27233,39.95345],[9.27513,39.95159],[9.27727,39.94898],[9.27615,39.94772],[9.27809,39.94518],[9.27877,39.94374],[9.281,39.94296],[9.28117,39.94169],[9.283,39.9396],[9.2825,39.93873],[9.28383,39.93689],[9.28452,39.93694],[9.28491,39.93533],[9.28636,39.93436],[9.28797,39.93169],[9.28632,39.92956],[9.28753,39.92692],[9.28889,39.9262],[9.2892,39.92528],[9.28748,39.92329],[9.28444,39.92343],[9.28265,39.92123],[9.28162,39.92227],[9.28075,39.92056],[9.27893,39.92024],[9.2805,39.91902],[9.28023,39.91706],[9.27885,39.91673],[9.27733,39.91457],[9.27405,39.91373],[9.26802,39.91631],[9.26589,39.916],[9.26127,39.91409],[9.25933,39.91391],[9.26072,39.91654],[9.25819,39.91717],[9.25471,39.91927],[9.2535,39.9186],[9.25288,39.91716],[9.24996,39.91749],[9.24639,39.91729],[9.24428,39.91788],[9.24349,39.91729],[9.24235,39.91564],[9.24046,39.91488],[9.23908,39.91348],[9.23475,39.91326],[9.23136,39.91072],[9.23072,39.9099],[9.23003,39.90561],[9.22775,39.90477],[9.22628,39.90501],[9.22443,39.90614],[9.22217,39.91004],[9.22045,39.91152],[9.21889,39.91229],[9.21858,39.91099],[9.21813,39.91107],[9.21612,39.91302],[9.21309,39.91482],[9.21073,39.91346],[9.20967,39.91132],[9.21132,39.90517],[9.21108,39.90382],[9.20819,39.90585],[9.20476,39.90637],[9.20392,39.9078],[9.20189,39.90607],[9.19874,39.90463],[9.19991,39.89833],[9.19731,39.89647],[9.19386,39.89496],[9.19275,39.89328],[9.19065,39.89324],[9.18863,39.89255],[9.1877,39.89056],[9.18807,39.88962],[9.18912,39.8893],[9.19148,39.88924],[9.19243,39.88728],[9.19027,39.88235],[9.18801,39.88008],[9.18765,39.87886],[9.19023,39.87778],[9.19379,39.87742],[9.19517,39.87677],[9.19359,39.87285],[9.19433,39.87134],[9.19407,39.86829],[9.1952,39.86699],[9.19478,39.86545],[9.18884,39.8679],[9.18736,39.86792],[9.18753,39.86507],[9.18854,39.86294],[9.18637,39.86164],[9.18504,39.85776],[9.18481,39.85497],[9.18549,39.85228],[9.18508,39.85032],[9.1851,39.8489],[9.19348,39.84605],[9.19709,39.84672],[9.19975,39.84098],[9.19944,39.83951],[9.19968,39.8325],[9.19938,39.8278],[9.20059,39.82616],[9.19962,39.82572],[9.19815,39.82555],[9.19575,39.82625],[9.19205,39.82583],[9.19126,39.8266],[9.19112,39.82708],[9.18859,39.82761],[9.18569,39.82684],[9.17919,39.8276],[9.17442,39.82924],[9.17118,39.83088],[9.16781,39.83159],[9.1661,39.83263],[9.16566,39.83218],[9.16393,39.83251],[9.15238,39.83984],[9.14631,39.84544],[9.13738,39.84332],[9.12951,39.84082],[9.13048,39.83992],[9.12766,39.83965],[9.11354,39.84981],[9.10612,39.8468],[9.1053,39.86827],[9.10502,39.869],[9.10121,39.87207],[9.10049,39.87192],[9.09712,39.8771],[9.0948,39.87779],[9.09304,39.88244],[9.09079,39.88298],[9.08699,39.88503],[9.08233,39.88546],[9.07725,39.89216],[9.06758,39.89415],[9.06545,39.89579],[9.06328,39.89592],[9.06272,39.89768],[9.06126,39.8984],[9.05982,39.89816],[9.05817,39.89899],[9.05759,39.89959],[9.05511,39.89951],[9.04882,39.90097],[9.0392,39.91181],[9.02773,39.91454],[9.0232,39.91331],[9.02124,39.91362],[9.01797,39.91521],[9.01099,39.91666],[9.00419,39.91553],[9.00015,39.91716],[8.99656,39.91821],[8.99588,39.91712],[8.99049,39.91588],[8.98816,39.91372],[8.98691,39.91601],[8.98363,39.91635],[8.98316,39.91712],[8.98562,39.91982],[8.98616,39.92252],[8.98555,39.92348],[8.989,39.92608],[8.99006,39.92946],[8.98994,39.93451],[8.99062,39.93519],[8.99249,39.93506],[8.99444,39.93585],[8.9936,39.93741],[8.99039,39.93995],[8.98948,39.94232],[8.98853,39.9431],[8.98853,39.94419],[8.99018,39.94535],[8.9915,39.94548],[8.99455,39.94766],[8.99609,39.94797],[8.99856,39.94652],[9.00072,39.94639],[9.00053,39.94528],[9.00129,39.94519],[9.00258,39.94604],[9.00635,39.94495],[9.00712,39.94606],[9.00897,39.94576],[9.01104,39.94776],[9.01109,39.94866],[9.01236,39.94962]]]}},{"type":"Feature","properties":{"nome":"Barbagia di Ollolai","limiti_indicativi":true,"fonte":"GeoNue/Nordai — Esercitazione 3, regioni_storiciche"},"geometry":{"type":"Polygon","coordinates":[[[9.11252,40.05396],[9.11225,40.05376],[9.10569,40.05342],[9.10039,40.05398],[9.09939,40.05345],[9.09523,40.05299],[9.09021,40.05199],[9.08912,40.0524],[9.08789,40.05247],[9.08763,40.05273],[9.08488,40.05256],[9.08418,40.05221],[9.0842,40.05064],[9.08382,40.04991],[9.084,40.04943],[9.08334,40.04916],[9.08243,40.04775],[9.08181,40.04735],[9.08136,40.04644],[9.08177,40.04601],[9.08256,40.04616],[9.08331,40.04584],[9.08313,40.04496],[9.08331,40.04276],[9.08058,40.04034],[9.07822,40.03951],[9.07621,40.0397],[9.0749,40.03935],[9.07387,40.03945],[9.0716,40.04026],[9.06981,40.04132],[9.06589,40.04275],[9.06188,40.04341],[9.05931,40.04342],[9.05495,40.04239],[9.0506,40.04243],[9.04889,40.04286],[9.04569,40.04188],[9.04443,40.04179],[9.04406,40.04144],[9.03975,40.04017],[9.03865,40.03956],[9.03568,40.03933],[9.03329,40.03874],[9.03049,40.03751],[9.02935,40.03746],[9.02658,40.03798],[9.02802,40.04085],[9.0293,40.04191],[9.031,40.04272],[9.0309,40.0447],[9.03345,40.04713],[9.03588,40.04892],[9.03598,40.05075],[9.037,40.05241],[9.0378,40.05298],[9.03857,40.053],[9.03945,40.0539],[9.04109,40.05491],[9.04121,40.05815],[9.04857,40.0586],[9.04315,40.06137],[9.04147,40.0614],[9.0405,40.06194],[9.03891,40.06181],[9.03643,40.06409],[9.03609,40.06695],[9.0353,40.08423],[9.03535,40.0873],[9.03568,40.0882],[9.03528,40.08935],[9.03531,40.09556],[9.03278,40.09803],[9.03118,40.09872],[9.03074,40.09934],[9.0306,40.10011],[9.02832,40.10212],[9.02319,40.11238],[9.02173,40.11347],[9.02185,40.11426],[9.02264,40.11507],[9.02016,40.11631],[9.01937,40.11746],[9.01756,40.11871],[9.01766,40.11935],[9.01723,40.12026],[9.01729,40.12091],[9.01645,40.12124],[9.01606,40.12196],[9.01615,40.12274],[9.01716,40.12361],[9.01624,40.12432],[9.0162,40.12498],[9.01573,40.12537],[9.01586,40.12566],[9.01702,40.1262],[9.01234,40.12812],[9.01034,40.12964],[9.00861,40.12998],[9.00657,40.13146],[9.00537,40.13181],[9.00569,40.13206],[9.00534,40.13337],[9.00303,40.13439],[9.00275,40.13489],[9.003,40.13513],[9.00574,40.13535],[9.00792,40.1363],[9.01022,40.13672],[9.01047,40.13725],[9.01135,40.13797],[9.01259,40.14],[9.01325,40.14048],[9.01351,40.14135],[9.01453,40.14271],[9.01531,40.14325],[9.01757,40.1441],[9.01848,40.14503],[9.01834,40.14756],[9.01769,40.14907],[9.01774,40.15101],[9.01841,40.15211],[9.01837,40.15272],[9.01891,40.154],[9.01833,40.1596],[9.01772,40.16175],[9.01697,40.16299],[9.01703,40.16411],[9.01334,40.16613],[9.01288,40.16669],[9.01279,40.17043],[9.00699,40.17234],[9.00582,40.17295],[9.00564,40.17307],[9.00616,40.17462],[9.006,40.17504],[9.00535,40.17527],[9.0046,40.1751],[9.00147,40.17766],[9.00087,40.17769],[8.99889,40.17656],[8.99786,40.17944],[8.99978,40.18291],[9.00033,40.18331],[9.00335,40.18407],[9.00564,40.18572],[9.00927,40.18711],[9.01288,40.18923],[9.01367,40.18997],[9.01477,40.19204],[9.01496,40.19345],[9.01587,40.19399],[9.01682,40.19355],[9.0173,40.19383],[9.01842,40.19285],[9.02079,40.19226],[9.02102,40.18994],[9.02192,40.18924],[9.02481,40.18911],[9.02786,40.18713],[9.02894,40.18615],[9.02949,40.18495],[9.03041,40.18402],[9.0301,40.18266],[9.03089,40.18236],[9.03091,40.18085],[9.03169,40.18001],[9.03362,40.17981],[9.03537,40.17917],[9.03786,40.18039],[9.03875,40.18007],[9.04047,40.18072],[9.04311,40.18027],[9.04425,40.18047],[9.04637,40.18033],[9.0466,40.18054],[9.04637,40.18121],[9.04648,40.18174],[9.04763,40.18275],[9.05013,40.18286],[9.05223,40.18248],[9.05212,40.18324],[9.0533,40.18488],[9.05292,40.18646],[9.05452,40.18754],[9.05466,40.18817],[9.05655,40.1897],[9.05735,40.18987],[9.05708,40.19088],[9.05746,40.19185],[9.05674,40.19282],[9.05675,40.1941],[9.05615,40.19555],[9.05606,40.19672],[9.05718,40.199],[9.05531,40.20263],[9.05293,40.20393],[9.05573,40.21033],[9.0564,40.21122],[9.05651,40.21188],[9.05876,40.21375],[9.05893,40.21457],[9.06019,40.21591],[9.06765,40.22068],[9.07282,40.22493],[9.07535,40.22918],[9.07929,40.23253],[9.08167,40.2328],[9.08289,40.23412],[9.08301,40.23469],[9.08603,40.23645],[9.08599,40.23732],[9.0855,40.23831],[9.08373,40.23941],[9.08339,40.24039],[9.08356,40.24093],[9.08478,40.24166],[9.0849,40.24223],[9.08539,40.24205],[9.0863,40.24219],[9.08765,40.24138],[9.08794,40.2407],[9.0891,40.23991],[9.09101,40.2392],[9.09632,40.2391],[9.09862,40.2386],[9.10139,40.23711],[9.10339,40.23659],[9.10424,40.2361],[9.11789,40.23433],[9.12193,40.23502],[9.12555,40.23497],[9.12651,40.23461],[9.12847,40.23467],[9.12986,40.23513],[9.13164,40.23499],[9.13213,40.23509],[9.13225,40.23538],[9.15972,40.23817],[9.16207,40.23924],[9.16255,40.23907],[9.16351,40.23671],[9.1648,40.23582],[9.1657,40.23479],[9.1704,40.23409],[9.1716,40.23529],[9.17193,40.23637],[9.17194,40.23751],[9.17402,40.23698],[9.18056,40.23425],[9.18237,40.2342],[9.18298,40.23497],[9.18476,40.23592],[9.1854,40.23777],[9.18653,40.23839],[9.18715,40.23839],[9.18774,40.23814],[9.19019,40.23551],[9.19221,40.23385],[9.19854,40.23147],[9.19908,40.23031],[9.19914,40.22961],[9.20023,40.22897],[9.20184,40.22835],[9.20335,40.22827],[9.2041,40.22734],[9.20745,40.22555],[9.20867,40.22527],[9.21075,40.22366],[9.21592,40.22111],[9.21666,40.22092],[9.21794,40.22138],[9.22016,40.22154],[9.22323,40.21997],[9.2245,40.21864],[9.22387,40.21674],[9.22571,40.21593],[9.22689,40.21595],[9.22792,40.21539],[9.23158,40.2125],[9.23273,40.21483],[9.23421,40.21591],[9.23514,40.21759],[9.23619,40.22],[9.23695,40.2228],[9.24032,40.22578],[9.24137,40.22581],[9.24154,40.22632],[9.24086,40.22869],[9.24276,40.2302],[9.24704,40.23183],[9.24962,40.23241],[9.25045,40.23298],[9.25393,40.23426],[9.25425,40.23459],[9.25433,40.23637],[9.25495,40.23649],[9.25521,40.23773],[9.2571,40.23784],[9.25812,40.23818],[9.25976,40.24031],[9.26097,40.24247],[9.26244,40.24375],[9.26302,40.24486],[9.26351,40.24671],[9.26462,40.24882],[9.26618,40.24912],[9.26742,40.25017],[9.26909,40.25095],[9.27244,40.25534],[9.27394,40.25574],[9.27481,40.25627],[9.27646,40.25825],[9.27742,40.25846],[9.27986,40.25833],[9.28163,40.25772],[9.28269,40.25773],[9.28468,40.25695],[9.28684,40.25797],[9.2889,40.25772],[9.28931,40.25654],[9.28907,40.25626],[9.28913,40.25521],[9.29089,40.25412],[9.29184,40.25431],[9.29299,40.25417],[9.29439,40.25584],[9.29651,40.25663],[9.29749,40.25762],[9.29835,40.26034],[9.2999,40.26029],[9.30027,40.26169],[9.30138,40.2622],[9.30345,40.26246],[9.30624,40.26467],[9.3078,40.26543],[9.30856,40.26646],[9.31255,40.26748],[9.31441,40.26836],[9.31582,40.27018],[9.31953,40.27187],[9.3205,40.27357],[9.32162,40.27437],[9.32266,40.27473],[9.32392,40.27466],[9.32525,40.27495],[9.3261,40.27556],[9.32686,40.2757],[9.32692,40.27601],[9.32771,40.27641],[9.32824,40.27637],[9.32938,40.2777],[9.32938,40.27842],[9.32965,40.27852],[9.33302,40.27839],[9.33485,40.27944],[9.33629,40.27933],[9.33872,40.28027],[9.33926,40.28006],[9.34112,40.2804],[9.34096,40.27871],[9.34072,40.27859],[9.34034,40.27695],[9.34067,40.27375],[9.34167,40.271],[9.34306,40.27019],[9.34476,40.26848],[9.34646,40.26752],[9.35079,40.26647],[9.35115,40.26514],[9.35357,40.26417],[9.35846,40.26553],[9.36169,40.26358],[9.36154,40.26318],[9.36186,40.26245],[9.36412,40.26234],[9.36472,40.26198],[9.36499,40.26127],[9.36596,40.26029],[9.36732,40.26062],[9.36926,40.26026],[9.36958,40.25955],[9.37077,40.25867],[9.37363,40.25715],[9.37727,40.2556],[9.38056,40.25468],[9.37919,40.25123],[9.37904,40.25017],[9.37922,40.2495],[9.37877,40.24814],[9.37872,40.24581],[9.37915,40.24443],[9.3787,40.24378],[9.37844,40.24203],[9.37897,40.24131],[9.38057,40.24046],[9.38269,40.23824],[9.38665,40.23619],[9.39105,40.23339],[9.39636,40.23627],[9.40684,40.2347],[9.4085,40.23423],[9.41358,40.2338],[9.42143,40.23261],[9.44391,40.22076],[9.45234,40.21795],[9.457,40.21667],[9.48386,40.20984],[9.48644,40.20647],[9.49308,40.2005],[9.50957,40.18663],[9.50818,40.18644],[9.50808,40.18599],[9.50378,40.18559],[9.50211,40.18508],[9.5008,40.1853],[9.49975,40.18447],[9.49903,40.18437],[9.49767,40.18456],[9.49564,40.1865],[9.49529,40.18641],[9.49487,40.18464],[9.49505,40.18354],[9.49213,40.18194],[9.48955,40.17809],[9.48982,40.17763],[9.48886,40.17606],[9.4844,40.17154],[9.47755,40.16814],[9.47692,40.16606],[9.47778,40.16236],[9.47752,40.16072],[9.47815,40.15504],[9.47782,40.15466],[9.47631,40.15403],[9.47599,40.15362],[9.47597,40.14958],[9.47679,40.14972],[9.47672,40.14921],[9.47511,40.1479],[9.47276,40.14744],[9.47041,40.14604],[9.4687,40.1456],[9.4667,40.14569],[9.46076,40.14373],[9.45824,40.14435],[9.45694,40.14402],[9.45566,40.14281],[9.45376,40.14061],[9.45298,40.13854],[9.44986,40.13589],[9.44985,40.13526],[9.44806,40.13396],[9.44846,40.13168],[9.4476,40.12954],[9.44437,40.12828],[9.44378,40.12636],[9.44208,40.12564],[9.44171,40.12493],[9.44041,40.1243],[9.44082,40.1226],[9.44074,40.12202],[9.44117,40.12148],[9.44144,40.12009],[9.44202,40.11928],[9.44178,40.11755],[9.44134,40.11635],[9.44313,40.11522],[9.4427,40.11238],[9.44219,40.1119],[9.43863,40.11139],[9.43712,40.11082],[9.43678,40.10994],[9.43669,40.10763],[9.43339,40.10566],[9.4335,40.10507],[9.43477,40.10461],[9.4345,40.10405],[9.43413,40.10387],[9.43221,40.10467],[9.43155,40.10459],[9.43119,40.10367],[9.4267,40.10239],[9.42623,40.10133],[9.42562,40.10122],[9.42429,40.10169],[9.41918,40.10022],[9.41667,40.09843],[9.41633,40.09769],[9.4165,40.09663],[9.41587,40.0956],[9.41454,40.09483],[9.41139,40.09539],[9.41031,40.09518],[9.40951,40.09464],[9.40705,40.09462],[9.40359,40.09341],[9.39919,40.094],[9.39689,40.09186],[9.39639,40.09196],[9.39612,40.09274],[9.39354,40.09423],[9.3928,40.09437],[9.39275,40.09402],[9.39318,40.09346],[9.39182,40.09306],[9.39174,40.09214],[9.39012,40.09031],[9.38815,40.0898],[9.3877,40.08904],[9.38433,40.08838],[9.38438,40.08786],[9.38574,40.08715],[9.38604,40.08666],[9.38572,40.08463],[9.38597,40.08266],[9.38337,40.08255],[9.38243,40.07971],[9.38182,40.07938],[9.38191,40.07865],[9.38103,40.07787],[9.37767,40.07733],[9.37663,40.07686],[9.37428,40.07662],[9.37168,40.07434],[9.37001,40.07364],[9.36889,40.07231],[9.36326,40.07383],[9.36186,40.0745],[9.35956,40.07478],[9.35659,40.07335],[9.3519,40.07422],[9.3452,40.07347],[9.34193,40.07251],[9.337,40.07256],[9.33392,40.06955],[9.33324,40.06822],[9.333,40.06723],[9.33333,40.06409],[9.33315,40.06257],[9.32986,40.06105],[9.32769,40.05963],[9.32646,40.05943],[9.32547,40.05845],[9.32356,40.05733],[9.32288,40.05573],[9.32286,40.05244],[9.32319,40.05105],[9.32366,40.04996],[9.32396,40.04986],[9.32429,40.0488],[9.32309,40.04778],[9.31983,40.04589],[9.32008,40.04505],[9.32112,40.04405],[9.32148,40.04334],[9.32145,40.04186],[9.31964,40.0408],[9.31914,40.03965],[9.31825,40.03892],[9.31004,40.03844],[9.30192,40.03748],[9.29971,40.03689],[9.29847,40.03649],[9.29825,40.03608],[9.29843,40.03515],[9.29603,40.0343],[9.29437,40.03196],[9.29315,40.03112],[9.29059,40.03188],[9.28958,40.03194],[9.28751,40.03299],[9.27712,40.03706],[9.27312,40.03952],[9.27087,40.04145],[9.26977,40.04274],[9.26853,40.04631],[9.26462,40.04934],[9.26403,40.05007],[9.2635,40.05145],[9.25366,40.05086],[9.2528,40.05076],[9.25222,40.05036],[9.25126,40.05032],[9.24805,40.05087],[9.24573,40.05323],[9.24437,40.0535],[9.24377,40.0544],[9.24383,40.05484],[9.24356,40.05523],[9.2438,40.05596],[9.24423,40.05625],[9.24407,40.05707],[9.24439,40.05785],[9.24435,40.05904],[9.24384,40.05942],[9.24367,40.0599],[9.24372,40.06177],[9.24343,40.06214],[9.2438,40.06266],[9.24254,40.0635],[9.24128,40.06347],[9.24098,40.06385],[9.241,40.06456],[9.24226,40.06486],[9.24137,40.066],[9.24133,40.06711],[9.24139,40.0676],[9.24228,40.06807],[9.24206,40.06838],[9.24216,40.06926],[9.24102,40.07047],[9.24087,40.07142],[9.23711,40.07192],[9.23609,40.07375],[9.23615,40.07487],[9.23446,40.07597],[9.23271,40.07629],[9.23133,40.07621],[9.225,40.07397],[9.22258,40.07268],[9.22162,40.06989],[9.2234,40.06355],[9.22325,40.06309],[9.22206,40.06224],[9.2249,40.05951],[9.22367,40.05838],[9.22226,40.05767],[9.22218,40.05726],[9.22106,40.05622],[9.21962,40.0561],[9.21898,40.05551],[9.21747,40.05521],[9.21671,40.05476],[9.21459,40.05504],[9.21467,40.05537],[9.21433,40.05571],[9.21338,40.05603],[9.21205,40.05574],[9.21019,40.05606],[9.20974,40.05662],[9.20936,40.05642],[9.20552,40.05765],[9.20471,40.05703],[9.20405,40.05704],[9.20145,40.05811],[9.19902,40.05727],[9.19844,40.05886],[9.19815,40.05895],[9.19782,40.05892],[9.19757,40.05787],[9.19652,40.05758],[9.19501,40.05833],[9.19491,40.05848],[9.19534,40.05897],[9.19492,40.05932],[9.19356,40.05943],[9.19081,40.06026],[9.19038,40.06014],[9.19039,40.05965],[9.18841,40.05873],[9.18662,40.05887],[9.18541,40.05942],[9.1844,40.0595],[9.18307,40.06041],[9.18211,40.05949],[9.18092,40.05998],[9.17738,40.05948],[9.17741,40.05881],[9.17642,40.05826],[9.17522,40.05816],[9.17325,40.05701],[9.17084,40.05609],[9.16011,40.05342],[9.15235,40.05057],[9.14612,40.05002],[9.14539,40.04957],[9.14168,40.04964],[9.14144,40.04918],[9.14048,40.04883],[9.13995,40.04828],[9.13751,40.04865],[9.13522,40.04796],[9.13222,40.04882],[9.13088,40.04967],[9.12912,40.05021],[9.12687,40.05037],[9.12522,40.05121],[9.12167,40.05116],[9.11985,40.05162],[9.11808,40.05172],[9.11252,40.05396]]]}},{"type":"Feature","properties":{"nome":"Barbagia di Seulo","limiti_indicativi":true,"fonte":"GeoNue/Nordai — Esercitazione 3, regioni_storiciche"},"geometry":{"type":"Polygon","coordinates":[[[9.40244,39.68871],[9.40182,39.68822],[9.40139,39.68729],[9.40161,39.68661],[9.39965,39.68689],[9.39804,39.68749],[9.3963,39.68746],[9.39437,39.68779],[9.39227,39.6896],[9.39128,39.68985],[9.39081,39.69091],[9.39004,39.69165],[9.38897,39.69258],[9.3876,39.69305],[9.38683,39.69389],[9.38391,39.69548],[9.38113,39.69547],[9.37229,39.69349],[9.36437,39.69028],[9.3629,39.68826],[9.35345,39.68816],[9.34798,39.68717],[9.3474,39.68663],[9.34552,39.68609],[9.34039,39.68521],[9.329,39.68257],[9.32902,39.68276],[9.32744,39.68256],[9.32617,39.68203],[9.32482,39.68194],[9.32297,39.68254],[9.32284,39.68238],[9.32119,39.68283],[9.32117,39.68303],[9.31834,39.68407],[9.31691,39.6808],[9.31441,39.67838],[9.3138,39.67713],[9.31357,39.67709],[9.31383,39.67584],[9.31373,39.67474],[9.31169,39.67417],[9.31026,39.67425],[9.31,39.6752],[9.30857,39.67733],[9.30691,39.67915],[9.30472,39.68056],[9.30383,39.68171],[9.30372,39.68293],[9.30321,39.68377],[9.3008,39.6854],[9.29937,39.68807],[9.29966,39.69112],[9.30048,39.69451],[9.30022,39.69634],[9.29878,39.70064],[9.289,39.71164],[9.28693,39.71336],[9.28281,39.71524],[9.28064,39.71684],[9.27735,39.71708],[9.27561,39.7178],[9.27392,39.72046],[9.2734,39.72092],[9.272,39.72177],[9.26912,39.72287],[9.26515,39.72592],[9.26234,39.72729],[9.25908,39.7275],[9.25671,39.72828],[9.25233,39.73225],[9.24903,39.73675],[9.24836,39.73881],[9.24645,39.74011],[9.24374,39.74132],[9.24197,39.74179],[9.23866,39.74392],[9.23824,39.7447],[9.23736,39.74897],[9.23813,39.74935],[9.23799,39.75027],[9.23547,39.75781],[9.23442,39.75949],[9.23017,39.76397],[9.2281,39.76668],[9.22769,39.77052],[9.22922,39.77247],[9.22987,39.77267],[9.22957,39.77492],[9.22808,39.77614],[9.22733,39.77715],[9.22914,39.78392],[9.22732,39.78742],[9.22484,39.78911],[9.22445,39.78983],[9.22275,39.79157],[9.22195,39.79298],[9.22198,39.79359],[9.22282,39.79537],[9.22264,39.79682],[9.22063,39.80171],[9.22033,39.80515],[9.21998,39.80598],[9.21944,39.80634],[9.21931,39.80755],[9.2174,39.81042],[9.2175,39.81063],[9.21289,39.81362],[9.21213,39.81617],[9.21047,39.82005],[9.21058,39.82114],[9.20984,39.82193],[9.20987,39.82318],[9.20234,39.82435],[9.20057,39.82615],[9.20021,39.82692],[9.19941,39.82776],[9.19968,39.8325],[9.19944,39.83951],[9.19975,39.84098],[9.19709,39.84672],[9.19348,39.84605],[9.1851,39.8489],[9.18508,39.85032],[9.18549,39.85228],[9.18481,39.85497],[9.18504,39.85776],[9.18637,39.86164],[9.18854,39.86294],[9.18753,39.86507],[9.18736,39.86792],[9.18884,39.8679],[9.19478,39.86545],[9.1952,39.86699],[9.19407,39.86829],[9.19433,39.87134],[9.19359,39.87285],[9.19517,39.87677],[9.19379,39.87742],[9.19023,39.87778],[9.18765,39.87886],[9.18801,39.88008],[9.19027,39.88235],[9.19243,39.88728],[9.19148,39.88924],[9.18912,39.8893],[9.18807,39.88962],[9.1877,39.89056],[9.18863,39.89255],[9.19065,39.89324],[9.19275,39.89328],[9.19386,39.89496],[9.19731,39.89647],[9.19991,39.89833],[9.19874,39.90463],[9.20189,39.90607],[9.20392,39.9078],[9.20476,39.90637],[9.20819,39.90585],[9.21108,39.90382],[9.21132,39.90517],[9.20967,39.91132],[9.21073,39.91346],[9.21309,39.91482],[9.21612,39.91302],[9.21813,39.91107],[9.21858,39.91099],[9.21889,39.91229],[9.22045,39.91152],[9.22217,39.91004],[9.22443,39.90614],[9.22628,39.90501],[9.22775,39.90477],[9.23003,39.90561],[9.23072,39.9099],[9.23136,39.91072],[9.23475,39.91326],[9.23908,39.91348],[9.24046,39.91488],[9.24235,39.91564],[9.24349,39.91729],[9.24428,39.91788],[9.24639,39.91729],[9.24996,39.91749],[9.25288,39.91716],[9.2535,39.9186],[9.25471,39.91927],[9.25819,39.91717],[9.26072,39.91654],[9.25933,39.91391],[9.26127,39.91409],[9.26589,39.916],[9.26802,39.91631],[9.27405,39.91373],[9.27733,39.91457],[9.27885,39.91673],[9.28023,39.91706],[9.28272,39.91703],[9.28299,39.91694],[9.28315,39.91611],[9.28251,39.91342],[9.28263,39.9124],[9.28295,39.91168],[9.28391,39.91119],[9.28446,39.91142],[9.2848,39.91228],[9.28578,39.91252],[9.28625,39.91339],[9.28642,39.91413],[9.28564,39.91467],[9.28561,39.91521],[9.28784,39.91639],[9.28894,39.91823],[9.28948,39.91826],[9.29003,39.9179],[9.29136,39.91537],[9.29139,39.91424],[9.29296,39.91318],[9.29362,39.91325],[9.29589,39.91492],[9.29728,39.91452],[9.29914,39.91292],[9.30097,39.91259],[9.30287,39.91271],[9.30496,39.91392],[9.30875,39.91388],[9.31232,39.91449],[9.31303,39.91425],[9.31377,39.91264],[9.31506,39.91102],[9.31638,39.9106],[9.31692,39.91073],[9.31766,39.91159],[9.31864,39.91151],[9.31967,39.91081],[9.32113,39.90869],[9.32257,39.90797],[9.32375,39.90827],[9.32552,39.90964],[9.32827,39.91073],[9.33017,39.91058],[9.33238,39.90954],[9.33519,39.90901],[9.33696,39.90938],[9.33834,39.91146],[9.33902,39.91201],[9.33952,39.91196],[9.34046,39.91114],[9.34089,39.90964],[9.34117,39.90944],[9.34584,39.91167],[9.34789,39.91214],[9.34876,39.91204],[9.3494,39.91162],[9.34967,39.91109],[9.34831,39.90935],[9.3484,39.9087],[9.3491,39.90773],[9.35026,39.90701],[9.35119,39.90692],[9.35223,39.90631],[9.35305,39.90562],[9.35483,39.90334],[9.3561,39.90337],[9.35917,39.90519],[9.35997,39.90606],[9.36197,39.90676],[9.36277,39.90652],[9.36393,39.90534],[9.36596,39.90459],[9.3674,39.90475],[9.36897,39.9056],[9.37001,39.90758],[9.37154,39.90833],[9.37137,39.90894],[9.36893,39.91041],[9.36756,39.91238],[9.3679,39.91423],[9.36855,39.91455],[9.36969,39.91451],[9.37079,39.9139],[9.37203,39.91162],[9.37355,39.91021],[9.37599,39.90965],[9.37869,39.91036],[9.37904,39.91069],[9.379,39.91199],[9.3779,39.91365],[9.37663,39.91629],[9.37782,39.9173],[9.38056,39.91728],[9.38514,39.9165],[9.38843,39.91231],[9.40792,39.89693],[9.41239,39.89267],[9.41234,39.88961],[9.41571,39.88639],[9.41704,39.88373],[9.41417,39.87849],[9.41457,39.87488],[9.41391,39.8728],[9.41071,39.87201],[9.4098,39.87122],[9.40877,39.86874],[9.40623,39.86562],[9.40568,39.86325],[9.40813,39.8622],[9.40834,39.86084],[9.4054,39.8572],[9.40571,39.85575],[9.40536,39.85044],[9.40581,39.84909],[9.40469,39.84815],[9.4043,39.84739],[9.40286,39.84683],[9.40205,39.84623],[9.40046,39.84582],[9.39982,39.84528],[9.39936,39.84475],[9.39874,39.84287],[9.39775,39.84205],[9.39113,39.84411],[9.38572,39.84354],[9.38495,39.84425],[9.38412,39.84425],[9.38178,39.84324],[9.38097,39.84213],[9.38024,39.84184],[9.37883,39.84202],[9.37477,39.84034],[9.3725,39.84103],[9.37055,39.84088],[9.36969,39.83946],[9.36983,39.83398],[9.37109,39.83193],[9.37518,39.83212],[9.37853,39.83087],[9.37854,39.82996],[9.37706,39.82976],[9.37649,39.82856],[9.37744,39.82224],[9.3732,39.81782],[9.36825,39.81558],[9.3655,39.81571],[9.36493,39.81467],[9.36174,39.81315],[9.3623,39.8042],[9.36304,39.80186],[9.36702,39.79899],[9.36875,39.79681],[9.37044,39.79634],[9.3729,39.79239],[9.37649,39.79112],[9.37743,39.78684],[9.38218,39.78304],[9.38291,39.78048],[9.38443,39.77854],[9.3907,39.778],[9.39369,39.77855],[9.39387,39.77838],[9.39456,39.77674],[9.39476,39.77482],[9.3959,39.77389],[9.39577,39.77259],[9.39857,39.77014],[9.40015,39.76626],[9.40464,39.76405],[9.40516,39.76244],[9.40665,39.76086],[9.40601,39.75699],[9.41209,39.75302],[9.41367,39.75076],[9.41149,39.74911],[9.40809,39.75074],[9.40672,39.75074],[9.40383,39.74911],[9.40255,39.74961],[9.40162,39.74938],[9.4015,39.74783],[9.40052,39.74722],[9.39837,39.74462],[9.39848,39.74426],[9.39895,39.74404],[9.40164,39.74398],[9.40259,39.74334],[9.40227,39.74083],[9.40165,39.74056],[9.39979,39.74069],[9.39937,39.74037],[9.39953,39.73989],[9.40099,39.73849],[9.40115,39.7378],[9.40004,39.73363],[9.39909,39.73289],[9.397,39.73392],[9.38533,39.72396],[9.38624,39.72193],[9.38542,39.71648],[9.3862,39.71441],[9.38737,39.71291],[9.39118,39.71424],[9.39203,39.71423],[9.3939,39.71304],[9.39399,39.71113],[9.39259,39.70946],[9.39218,39.7077],[9.39324,39.70697],[9.39636,39.70628],[9.39871,39.70429],[9.40032,39.70363],[9.39985,39.70187],[9.40084,39.69844],[9.40224,39.69575],[9.40403,39.69323],[9.40295,39.69153],[9.40294,39.69101],[9.40413,39.68929],[9.40244,39.68871]]]}},{"type":"Feature","properties":{"nome":"Barigadu","limiti_indicativi":true,"fonte":"GeoNue/Nordai — Esercitazione 3, regioni_storiciche"},"geometry":{"type":"Polygon","coordinates":[[[8.78936,39.97484],[8.78748,39.97805],[8.78667,39.98002],[8.78546,39.98125],[8.7831,39.98849],[8.7814,39.98911],[8.78063,39.98876],[8.77972,39.9889],[8.7776,39.98736],[8.77697,39.98807],[8.77576,39.98802],[8.77377,39.98743],[8.7718,39.98645],[8.77142,39.98598],[8.77125,39.98455],[8.76972,39.98312],[8.76929,39.98156],[8.76872,39.98109],[8.7659,39.98131],[8.76589,39.98104],[8.76521,39.98086],[8.76477,39.98011],[8.76389,39.9796],[8.76248,39.979],[8.76087,39.97888],[8.75988,39.97799],[8.76027,39.97738],[8.75986,39.97631],[8.75865,39.97538],[8.75911,39.97455],[8.75887,39.9742],[8.75769,39.97403],[8.75756,39.97331],[8.75717,39.97289],[8.75672,39.97299],[8.75557,39.97249],[8.75435,39.97253],[8.75285,39.97207],[8.75267,39.97114],[8.75215,39.97065],[8.75165,39.96924],[8.75054,39.96888],[8.74973,39.96813],[8.74416,39.96741],[8.74302,39.96743],[8.74148,39.96783],[8.74096,39.96822],[8.7384,39.9724],[8.73731,39.97624],[8.73765,39.97759],[8.74076,39.98022],[8.74202,39.98274],[8.7433,39.9874],[8.74184,39.98829],[8.74205,39.98873],[8.74174,39.98933],[8.74188,39.98956],[8.7413,39.99003],[8.74123,39.99081],[8.74261,39.99218],[8.74278,39.99284],[8.74266,39.9932],[8.74225,39.99312],[8.74104,39.9944],[8.74058,39.99457],[8.74049,39.99504],[8.73917,39.99552],[8.73952,39.99647],[8.73881,39.99726],[8.73892,39.99758],[8.73856,39.99808],[8.73666,39.99897],[8.73722,39.99914],[8.73662,39.99982],[8.7359,40.00167],[8.73644,40.00268],[8.73616,40.00403],[8.73643,40.00532],[8.73779,40.0068],[8.73812,40.0081],[8.74238,40.01043],[8.74401,40.01113],[8.74652,40.01086],[8.7472,40.01104],[8.74846,40.0104],[8.75067,40.01057],[8.75136,40.01156],[8.75159,40.01325],[8.75297,40.01448],[8.75426,40.01449],[8.75626,40.01385],[8.75718,40.01389],[8.75829,40.01509],[8.75916,40.015],[8.75973,40.0154],[8.75977,40.01681],[8.76138,40.01724],[8.76375,40.01851],[8.76586,40.01913],[8.76816,40.01884],[8.77157,40.01929],[8.78031,40.01956],[8.78488,40.02033],[8.78677,40.01953],[8.78776,40.01987],[8.78893,40.02068],[8.79038,40.021],[8.79326,40.0207],[8.79424,40.02089],[8.79542,40.02177],[8.8045,40.03219],[8.80784,40.03501],[8.80962,40.03565],[8.81145,40.03731],[8.81183,40.03845],[8.81279,40.0394],[8.8135,40.03959],[8.8154,40.03936],[8.81834,40.03946],[8.82128,40.0387],[8.82443,40.03847],[8.8362,40.03901],[8.85034,40.04036],[8.84977,40.0416],[8.84911,40.04417],[8.85012,40.04694],[8.85253,40.04587],[8.85278,40.04733],[8.85093,40.04807],[8.85125,40.04853],[8.85271,40.04821],[8.85372,40.0485],[8.85543,40.05047],[8.85644,40.05323],[8.85698,40.05404],[8.85609,40.05511],[8.85811,40.05692],[8.85891,40.05858],[8.85946,40.0588],[8.86071,40.06016],[8.86168,40.06189],[8.86269,40.06229],[8.86499,40.06386],[8.8679,40.06747],[8.86935,40.07112],[8.86989,40.0716],[8.87075,40.07187],[8.87502,40.07231],[8.87666,40.07598],[8.87981,40.07784],[8.88162,40.07922],[8.88256,40.08045],[8.88305,40.08234],[8.88118,40.0864],[8.88147,40.08722],[8.88375,40.09005],[8.88576,40.0945],[8.88493,40.099],[8.88596,40.10039],[8.88825,40.10169],[8.89146,40.10207],[8.89701,40.10008],[8.89887,40.09858],[8.89984,40.09813],[8.90134,40.09786],[8.90295,40.09718],[8.90403,40.09727],[8.90752,40.09671],[8.91242,40.09697],[8.91425,40.09666],[8.9181,40.09696],[8.9193,40.09666],[8.92032,40.09591],[8.92285,40.0957],[8.92409,40.09605],[8.92479,40.09561],[8.92684,40.09777],[8.92718,40.09762],[8.92833,40.09602],[8.92882,40.09583],[8.93054,40.09613],[8.93184,40.09537],[8.93428,40.09571],[8.93635,40.09635],[8.93676,40.09679],[8.93681,40.09734],[8.93793,40.09948],[8.93881,40.10019],[8.93963,40.10184],[8.9403,40.10219],[8.94003,40.10303],[8.9409,40.10438],[8.9406,40.10533],[8.9416,40.10606],[8.94259,40.10587],[8.9434,40.10632],[8.9446,40.10754],[8.94457,40.10853],[8.9463,40.11016],[8.94641,40.11141],[8.94726,40.11304],[8.94723,40.11374],[8.94769,40.11474],[8.9475,40.11632],[8.94866,40.1169],[8.94932,40.11789],[8.94895,40.11846],[8.94963,40.1197],[8.95194,40.12169],[8.95306,40.12177],[8.95343,40.12222],[8.95348,40.12279],[8.95412,40.1227],[8.95439,40.12208],[8.95749,40.12269],[8.95765,40.12365],[8.95717,40.12407],[8.95688,40.12715],[8.9558,40.12815],[8.95634,40.12904],[8.95533,40.13034],[8.95619,40.13203],[8.95647,40.13319],[8.95685,40.13675],[8.95723,40.13782],[8.95701,40.14043],[8.95745,40.14221],[8.95929,40.14584],[8.96002,40.14584],[8.96275,40.14406],[8.96386,40.14407],[8.96478,40.14439],[8.96693,40.14586],[8.96737,40.14653],[8.96912,40.14779],[8.96828,40.14925],[8.96863,40.15024],[8.96771,40.15169],[8.96784,40.15273],[8.96755,40.15296],[8.96716,40.15423],[8.96601,40.15468],[8.96474,40.15441],[8.96494,40.15462],[8.9683,40.15675],[8.972,40.15807],[8.97653,40.15806],[8.97803,40.15762],[8.97911,40.15662],[8.98067,40.15683],[8.98202,40.15755],[8.9812,40.15838],[8.98151,40.15987],[8.98112,40.16141],[8.98118,40.16214],[8.98142,40.16292],[8.98235,40.16385],[8.98354,40.166],[8.98473,40.16664],[8.98502,40.16744],[8.98581,40.16805],[8.98648,40.16904],[8.98869,40.16856],[8.99078,40.16892],[8.99175,40.16878],[8.99334,40.16934],[8.99302,40.16968],[8.99459,40.17138],[8.99482,40.1721],[8.99293,40.1727],[8.99222,40.17335],[8.99185,40.17447],[8.99136,40.17486],[8.99227,40.17624],[8.99277,40.17645],[8.99506,40.17667],[8.99769,40.17585],[9.00087,40.17769],[9.00147,40.17766],[9.0046,40.1751],[9.00535,40.17527],[9.006,40.17504],[9.00616,40.17462],[9.00564,40.17307],[9.00582,40.17295],[9.00699,40.17234],[9.01279,40.17043],[9.01288,40.16669],[9.01334,40.16613],[9.01699,40.16423],[9.01697,40.16299],[9.01772,40.16175],[9.01833,40.1596],[9.01891,40.154],[9.01837,40.15272],[9.01841,40.15211],[9.01774,40.15101],[9.01769,40.14907],[9.01834,40.14756],[9.01848,40.14503],[9.01757,40.1441],[9.01531,40.14325],[9.01453,40.14271],[9.01351,40.14135],[9.01325,40.14048],[9.01259,40.14],[9.01135,40.13797],[9.01047,40.13725],[9.01022,40.13672],[9.00792,40.1363],[9.00574,40.13535],[9.003,40.13513],[9.00279,40.13475],[9.00324,40.13427],[9.00534,40.13337],[9.00569,40.13206],[9.00537,40.13181],[9.00657,40.13146],[9.00861,40.12998],[9.01034,40.12964],[9.01234,40.12812],[9.01702,40.1262],[9.01586,40.12566],[9.01573,40.12537],[9.0162,40.12498],[9.01624,40.12432],[9.01716,40.12361],[9.01615,40.12274],[9.01606,40.12196],[9.01645,40.12124],[9.01729,40.12091],[9.01723,40.12026],[9.01766,40.11935],[9.01756,40.11871],[9.01937,40.11746],[9.02016,40.11631],[9.02264,40.11507],[9.02185,40.11426],[9.02173,40.11347],[9.02319,40.11238],[9.02832,40.10212],[9.0306,40.10011],[9.03074,40.09934],[9.03118,40.09872],[9.03278,40.09803],[9.03531,40.09556],[9.03528,40.08935],[9.03568,40.0882],[9.03535,40.0873],[9.0353,40.08423],[9.03609,40.06695],[9.03643,40.06409],[9.03891,40.06181],[9.0405,40.06194],[9.04147,40.0614],[9.04315,40.06137],[9.04857,40.0586],[9.04121,40.05815],[9.04109,40.05491],[9.03945,40.0539],[9.03857,40.053],[9.0378,40.05298],[9.037,40.05241],[9.03598,40.05075],[9.03588,40.04892],[9.03345,40.04713],[9.0309,40.0447],[9.031,40.04272],[9.0293,40.04191],[9.02802,40.04085],[9.02668,40.038],[9.02548,40.03838],[9.02309,40.04006],[9.01924,40.04427],[9.01683,40.04505],[9.01605,40.04554],[9.01347,40.04555],[9.0128,40.04577],[9.00756,40.05035],[9.00661,40.05359],[9.00595,40.05455],[9.00395,40.05559],[9.00095,40.05636],[9.00069,40.05676],[8.99927,40.05692],[8.99801,40.0566],[8.99658,40.05709],[8.9959,40.05706],[8.99525,40.05666],[8.99368,40.05705],[8.99208,40.05802],[8.98972,40.05788],[8.98768,40.05703],[8.98634,40.05591],[8.98543,40.05472],[8.98196,40.05274],[8.98155,40.05222],[8.98021,40.05191],[8.97623,40.05005],[8.97419,40.04778],[8.97305,40.04746],[8.97138,40.04757],[8.9687,40.04712],[8.96623,40.04621],[8.96621,40.04598],[8.96727,40.04552],[8.96591,40.04455],[8.96518,40.04338],[8.96525,40.04259],[8.96597,40.04195],[8.96634,40.04117],[8.96592,40.04086],[8.96615,40.04019],[8.96608,40.03902],[8.96558,40.03867],[8.96539,40.03787],[8.96173,40.03556],[8.96141,40.03543],[8.96104,40.03571],[8.95899,40.03488],[8.95891,40.03459],[8.9579,40.03417],[8.95683,40.0329],[8.95529,40.03237],[8.95525,40.03181],[8.95411,40.03115],[8.95259,40.02901],[8.95317,40.02801],[8.95308,40.02711],[8.95188,40.02691],[8.95167,40.0256],[8.94985,40.02529],[8.94972,40.02453],[8.94841,40.0244],[8.94782,40.02395],[8.9479,40.02347],[8.94878,40.02298],[8.94895,40.02262],[8.94786,40.02158],[8.94732,40.02067],[8.94543,40.02052],[8.94629,40.01977],[8.94523,40.01835],[8.94562,40.01806],[8.94544,40.01666],[8.94612,40.01621],[8.94584,40.01563],[8.94653,40.01523],[8.94666,40.01464],[8.94571,40.01414],[8.94536,40.01325],[8.94757,40.01192],[8.94715,40.00888],[8.94636,40.00816],[8.94572,40.00661],[8.94678,40.00634],[8.94841,40.00653],[8.94857,40.00496],[8.95092,40.00372],[8.952,40.0037],[8.95287,40.00008],[8.9539,39.99722],[8.95296,39.99609],[8.95209,39.99542],[8.95123,39.99516],[8.9475,39.99491],[8.94507,39.99433],[8.9435,39.99468],[8.94297,39.99448],[8.94183,39.99316],[8.94011,39.99225],[8.93945,39.99221],[8.93793,39.99267],[8.93676,39.99175],[8.93572,39.99175],[8.93541,39.99083],[8.9351,39.99064],[8.93531,39.99009],[8.93509,39.98981],[8.93413,39.98968],[8.9338,39.98934],[8.93308,39.98934],[8.93245,39.9888],[8.93152,39.98888],[8.92864,39.9874],[8.92716,39.98765],[8.92631,39.98606],[8.9257,39.98594],[8.92511,39.9862],[8.9249,39.9836],[8.92211,39.98078],[8.92068,39.98021],[8.91796,39.98085],[8.9158,39.97987],[8.91571,39.97948],[8.91324,39.97966],[8.91251,39.97803],[8.90881,39.97681],[8.90593,39.97503],[8.89566,39.97438],[8.8948,39.96674],[8.89168,39.96421],[8.89123,39.96331],[8.88832,39.96212],[8.88399,39.96146],[8.88184,39.95848],[8.88165,39.95722],[8.87944,39.95647],[8.87842,39.95548],[8.8795,39.95398],[8.88143,39.95294],[8.88695,39.95186],[8.8873,39.94977],[8.88721,39.94798],[8.8857,39.94208],[8.88638,39.94076],[8.88887,39.93875],[8.88942,39.93727],[8.88712,39.93604],[8.88215,39.93516],[8.8811,39.93311],[8.87961,39.93196],[8.87898,39.92995],[8.87798,39.9301],[8.8607,39.92329],[8.84057,39.91707],[8.83651,39.92345],[8.82705,39.92998],[8.82433,39.93261],[8.82242,39.93501],[8.82212,39.93791],[8.8202,39.93916],[8.81288,39.94215],[8.80554,39.95083],[8.80427,39.95175],[8.8025,39.95378],[8.80225,39.9546],[8.80071,39.95503],[8.79941,39.95606],[8.79491,39.96194],[8.7902,39.96409],[8.79034,39.96616],[8.78877,39.96798],[8.78875,39.97205],[8.78908,39.97278],[8.78936,39.97484]]]}},{"type":"Feature","properties":{"nome":"Gerrei","limiti_indicativi":true,"fonte":"GeoNue/Nordai — Esercitazione 3, regioni_storiciche"},"geometry":{"type":"Polygon","coordinates":[[[9.43809,39.58777],[9.44681,39.5767],[9.46487,39.5686],[9.46759,39.56648],[9.47326,39.55795],[9.48806,39.54899],[9.499,39.55158],[9.49534,39.53543],[9.47932,39.5243],[9.47477,39.50577],[9.47236,39.50062],[9.47078,39.49846],[9.46971,39.48954],[9.4737,39.48484],[9.47653,39.47779],[9.47748,39.46916],[9.47859,39.46687],[9.48011,39.46552],[9.48051,39.46406],[9.47657,39.45969],[9.47431,39.45427],[9.47205,39.45448],[9.46847,39.45168],[9.46646,39.4513],[9.45984,39.45098],[9.45641,39.45165],[9.45212,39.45168],[9.44818,39.45086],[9.44601,39.45112],[9.44302,39.44827],[9.43975,39.44784],[9.43921,39.44484],[9.44056,39.44224],[9.44101,39.43952],[9.43837,39.43734],[9.42618,39.43061],[9.40948,39.42396],[9.36875,39.42358],[9.37028,39.39615],[9.3315,39.35025],[9.33158,39.35006],[9.33091,39.35026],[9.24311,39.34712],[9.24199,39.34758],[9.24334,39.34896],[9.24483,39.35164],[9.24913,39.36069],[9.25353,39.3635],[9.2551,39.36359],[9.25853,39.36619],[9.25903,39.36746],[9.26281,39.36986],[9.26232,39.37125],[9.26302,39.37299],[9.26439,39.37328],[9.26688,39.37601],[9.2672,39.37727],[9.27047,39.3799],[9.26954,39.38423],[9.27021,39.38622],[9.27217,39.38872],[9.2721,39.39228],[9.27114,39.39426],[9.27122,39.39558],[9.27206,39.39828],[9.27511,39.40243],[9.27475,39.4072],[9.27387,39.40848],[9.28166,39.41324],[9.27965,39.41729],[9.27681,39.4216],[9.27254,39.42634],[9.26951,39.43086],[9.26497,39.43317],[9.26175,39.43352],[9.259,39.43658],[9.25115,39.44146],[9.24978,39.44303],[9.24913,39.44302],[9.2456,39.44739],[9.24293,39.44897],[9.24223,39.45033],[9.24045,39.45085],[9.24273,39.45781],[9.24244,39.46013],[9.24789,39.46895],[9.24939,39.47323],[9.24898,39.47464],[9.24884,39.48205],[9.24784,39.48314],[9.24251,39.4862],[9.25037,39.49763],[9.25265,39.5057],[9.25233,39.52602],[9.24913,39.53512],[9.24636,39.53801],[9.2494,39.5401],[9.24849,39.54168],[9.25092,39.55129],[9.25042,39.55616],[9.25119,39.55907],[9.25092,39.5606],[9.25165,39.56222],[9.25255,39.56298],[9.25433,39.56297],[9.25462,39.56436],[9.25742,39.56663],[9.25859,39.56812],[9.25914,39.57108],[9.26171,39.57405],[9.26432,39.57522],[9.26452,39.57793],[9.26373,39.57997],[9.26581,39.58247],[9.26544,39.58301],[9.26669,39.58368],[9.26754,39.58461],[9.26662,39.58533],[9.26704,39.5867],[9.26858,39.58668],[9.26841,39.58827],[9.27106,39.58944],[9.2752,39.59567],[9.27834,39.59659],[9.2833,39.59954],[9.29386,39.60203],[9.29521,39.60298],[9.29684,39.60256],[9.29625,39.60489],[9.2968,39.60522],[9.30142,39.60404],[9.3057,39.60551],[9.30685,39.60718],[9.30721,39.60949],[9.30862,39.61223],[9.31108,39.61392],[9.31365,39.6172],[9.30977,39.62087],[9.3098,39.62215],[9.3112,39.6248],[9.31126,39.62704],[9.31072,39.62759],[9.30792,39.62817],[9.30726,39.62905],[9.30718,39.63448],[9.30622,39.63607],[9.30382,39.63787],[9.30197,39.64163],[9.30524,39.64371],[9.30759,39.646],[9.30851,39.6499],[9.30923,39.65153],[9.30869,39.65275],[9.30807,39.65329],[9.30715,39.6551],[9.30607,39.65639],[9.30603,39.65683],[9.3076,39.65833],[9.31005,39.65958],[9.3112,39.66203],[9.3143,39.66556],[9.3146,39.66763],[9.31423,39.66882],[9.3146,39.66991],[9.31511,39.6703],[9.31509,39.67118],[9.31026,39.67425],[9.31169,39.67417],[9.31373,39.67474],[9.31383,39.67584],[9.31357,39.67709],[9.3138,39.67713],[9.31441,39.67838],[9.31691,39.6808],[9.31834,39.68407],[9.32117,39.68303],[9.32119,39.68283],[9.32284,39.68238],[9.32297,39.68254],[9.32482,39.68194],[9.32617,39.68203],[9.32744,39.68256],[9.32902,39.68276],[9.329,39.68257],[9.34039,39.68521],[9.34552,39.68609],[9.3474,39.68663],[9.34798,39.68717],[9.35345,39.68816],[9.3629,39.68826],[9.36437,39.69028],[9.37229,39.69349],[9.38113,39.69547],[9.38391,39.69548],[9.38683,39.69389],[9.3876,39.69305],[9.38897,39.69258],[9.39004,39.69165],[9.39081,39.69091],[9.39128,39.68985],[9.39227,39.6896],[9.39437,39.68779],[9.3963,39.68746],[9.39804,39.68749],[9.39965,39.68689],[9.40161,39.68661],[9.40321,39.68414],[9.40116,39.68129],[9.40181,39.68057],[9.402,39.67816],[9.40272,39.67797],[9.40138,39.67589],[9.40298,39.67515],[9.40312,39.67479],[9.4024,39.67359],[9.40205,39.67102],[9.40127,39.67059],[9.40045,39.67064],[9.39937,39.66965],[9.39864,39.66716],[9.39922,39.66517],[9.39886,39.66377],[9.39758,39.6634],[9.39667,39.6637],[9.39616,39.66329],[9.39579,39.66422],[9.39556,39.66386],[9.39937,39.65525],[9.39727,39.65188],[9.39734,39.65099],[9.40053,39.64916],[9.4029,39.6453],[9.40397,39.64549],[9.40465,39.64505],[9.40456,39.64365],[9.40703,39.64143],[9.405,39.63879],[9.40703,39.63577],[9.41104,39.63367],[9.41581,39.62869],[9.41819,39.62804],[9.41921,39.62724],[9.41959,39.62401],[9.41709,39.62021],[9.41673,39.6185],[9.41675,39.61756],[9.417,39.61726],[9.41943,39.61729],[9.43145,39.60912],[9.42281,39.60536],[9.43561,39.60073],[9.43809,39.58777]]]}},{"type":"Feature","properties":{"nome":"Goceano","limiti_indicativi":true,"fonte":"GeoNue/Nordai — Esercitazione 3, regioni_storiciche"},"geometry":{"type":"Polygon","coordinates":[[[9.15845,40.51107],[9.1596,40.51179],[9.16744,40.51481],[9.17077,40.5166],[9.17292,40.51728],[9.17783,40.51803],[9.1822,40.51969],[9.18811,40.52209],[9.19102,40.52413],[9.19157,40.52253],[9.19141,40.52173],[9.18947,40.51892],[9.18955,40.51767],[9.19036,40.51533],[9.18654,40.51522],[9.18526,40.51326],[9.18238,40.51171],[9.18211,40.51071],[9.18253,40.50964],[9.18267,40.50824],[9.18429,40.50812],[9.18703,40.50879],[9.18922,40.50857],[9.19011,40.50815],[9.19058,40.5075],[9.19205,40.50707],[9.19678,40.50486],[9.20924,40.506],[9.22744,40.50137],[9.23167,40.50232],[9.23365,40.50454],[9.23397,40.50463],[9.23668,40.50464],[9.23809,40.50449],[9.23903,40.50411],[9.24226,40.50425],[9.24424,40.50348],[9.24679,40.50427],[9.24757,40.50544],[9.2485,40.506],[9.249,40.50672],[9.25037,40.50636],[9.25193,40.50704],[9.25313,40.50862],[9.25249,40.50889],[9.25234,40.51054],[9.25355,40.51168],[9.25577,40.51243],[9.258,40.51177],[9.25876,40.51195],[9.26013,40.51171],[9.26237,40.51187],[9.26404,40.51166],[9.2649,40.51124],[9.26608,40.5114],[9.26702,40.51101],[9.26932,40.51102],[9.27208,40.51068],[9.27304,40.51083],[9.2738,40.51131],[9.27564,40.5107],[9.27761,40.51054],[9.27736,40.50878],[9.2768,40.50756],[9.27628,40.50514],[9.27762,40.50373],[9.27764,40.50309],[9.27718,40.50205],[9.27782,40.49991],[9.27719,40.49866],[9.27858,40.49782],[9.27878,40.49749],[9.27862,40.49638],[9.28253,40.49112],[9.28299,40.48759],[9.2826,40.48524],[9.28402,40.48476],[9.28435,40.48435],[9.28433,40.48391],[9.28496,40.48322],[9.28494,40.48177],[9.28391,40.48169],[9.28363,40.47948],[9.28302,40.47852],[9.28391,40.47811],[9.28462,40.47741],[9.28405,40.47653],[9.28174,40.47673],[9.28074,40.47615],[9.27977,40.47609],[9.2781,40.47525],[9.27751,40.4746],[9.27715,40.4736],[9.27762,40.47296],[9.2777,40.4719],[9.27698,40.47004],[9.27253,40.46899],[9.27112,40.46925],[9.27057,40.46982],[9.26947,40.47017],[9.26697,40.46857],[9.26487,40.46839],[9.26377,40.46785],[9.26392,40.46765],[9.26371,40.46738],[9.26233,40.46749],[9.2611,40.46802],[9.26044,40.46792],[9.25931,40.46717],[9.25755,40.4671],[9.25451,40.46782],[9.25342,40.46669],[9.25229,40.46666],[9.25142,40.46625],[9.25147,40.46533],[9.25093,40.46519],[9.25071,40.46435],[9.2503,40.46388],[9.25034,40.46316],[9.24739,40.46193],[9.24771,40.46108],[9.24852,40.46045],[9.24907,40.45917],[9.24963,40.45883],[9.25203,40.45887],[9.249,40.45655],[9.2445,40.45177],[9.24351,40.45038],[9.24195,40.44898],[9.2407,40.44846],[9.23975,40.44738],[9.23879,40.44609],[9.23662,40.44047],[9.23292,40.43465],[9.23153,40.43309],[9.23068,40.43116],[9.22805,40.42911],[9.22635,40.42648],[9.22642,40.42543],[9.22481,40.42128],[9.2247,40.4199],[9.22609,40.41045],[9.22377,40.41099],[9.22195,40.41072],[9.21563,40.40837],[9.21104,40.40617],[9.20929,40.40509],[9.2085,40.40375],[9.20718,40.40477],[9.20452,40.40336],[9.20175,40.39995],[9.2,40.39819],[9.19959,40.39681],[9.19893,40.39588],[9.19637,40.39519],[9.19379,40.39291],[9.19106,40.39124],[9.18766,40.38974],[9.18732,40.38941],[9.18663,40.38618],[9.18573,40.38483],[9.1857,40.38321],[9.18482,40.37924],[9.1846,40.37637],[9.18399,40.37381],[9.18285,40.37164],[9.17953,40.37133],[9.17692,40.3727],[9.17477,40.37198],[9.17238,40.37233],[9.17065,40.37208],[9.16994,40.37257],[9.16614,40.37108],[9.16154,40.36868],[9.152,40.36623],[9.1493,40.36528],[9.14757,40.36519],[9.14312,40.36275],[9.14219,40.36276],[9.14055,40.36176],[9.13121,40.36028],[9.11713,40.35857],[9.11546,40.35565],[9.11429,40.35264],[9.1053,40.35129],[9.10438,40.35065],[9.10458,40.35048],[9.10449,40.34962],[9.10378,40.34868],[9.10134,40.34774],[9.10049,40.34804],[9.09854,40.34683],[9.09676,40.34622],[9.09411,40.34578],[9.09177,40.34454],[9.07748,40.33846],[9.07602,40.33844],[9.07196,40.33757],[9.06195,40.33691],[9.05564,40.33375],[9.05321,40.33228],[9.05191,40.33061],[9.05123,40.33019],[9.05059,40.32825],[9.05015,40.32764],[9.04823,40.32623],[9.04575,40.32662],[9.04349,40.32601],[9.04242,40.3261],[9.04009,40.32462],[9.03979,40.3238],[9.03986,40.32104],[9.03962,40.32027],[9.04057,40.31977],[9.04144,40.31769],[9.04177,40.31751],[9.04195,40.31623],[9.04341,40.31441],[9.04345,40.31365],[9.04243,40.31337],[9.04182,40.31223],[9.04055,40.31148],[9.0399,40.31072],[9.03987,40.30985],[9.03858,40.30914],[9.03784,40.30837],[9.03399,40.30332],[9.03232,40.30223],[9.03053,40.30174],[9.02843,40.30156],[9.02816,40.30065],[9.0264,40.299],[9.02812,40.29747],[9.02757,40.29667],[9.02686,40.2967],[9.02557,40.29761],[9.02557,40.29794],[9.02492,40.29849],[9.02219,40.29997],[9.01724,40.30524],[9.0109,40.31115],[9.01002,40.31242],[9.00711,40.31466],[9.00584,40.31613],[9.00401,40.31654],[8.99903,40.31883],[8.99084,40.3234],[8.98862,40.32572],[8.98584,40.32805],[8.98544,40.32905],[8.9846,40.3299],[8.98477,40.33072],[8.98142,40.33208],[8.98155,40.33292],[8.9809,40.33559],[8.98158,40.33806],[8.98155,40.33892],[8.97918,40.3403],[8.97718,40.34235],[8.97417,40.34299],[8.97241,40.34381],[8.96748,40.34688],[8.96703,40.34729],[8.96658,40.349],[8.96675,40.35074],[8.96642,40.35147],[8.96436,40.3528],[8.96178,40.35523],[8.95702,40.35903],[8.95299,40.36436],[8.95055,40.36677],[8.94957,40.36822],[8.94012,40.37054],[8.93786,40.37144],[8.93665,40.37144],[8.93255,40.37259],[8.91041,40.38203],[8.90541,40.38558],[8.9005,40.38859],[8.90026,40.38968],[8.89906,40.39097],[8.8992,40.39135],[8.89784,40.39217],[8.89796,40.3936],[8.89741,40.39449],[8.89715,40.3957],[8.89823,40.39775],[8.89899,40.39807],[8.89969,40.39951],[8.90135,40.40096],[8.90068,40.40193],[8.8989,40.40298],[8.89781,40.40508],[8.89785,40.40554],[8.90395,40.40518],[8.90428,40.40576],[8.90543,40.40656],[8.90583,40.40756],[8.90789,40.40799],[8.90878,40.40989],[8.91015,40.41019],[8.91051,40.41127],[8.91289,40.41383],[8.91292,40.41419],[8.91329,40.41446],[8.91356,40.41617],[8.91324,40.41672],[8.91491,40.41846],[8.91539,40.41951],[8.9153,40.42012],[8.91566,40.42056],[8.91604,40.4205],[8.91661,40.42208],[8.91759,40.42254],[8.91753,40.42326],[8.91641,40.42363],[8.91641,40.42496],[8.91742,40.4244],[8.91923,40.42441],[8.92158,40.42476],[8.92334,40.42581],[8.92375,40.42698],[8.92333,40.42893],[8.92632,40.42953],[8.927,40.4303],[8.92713,40.43193],[8.92686,40.43257],[8.92816,40.43324],[8.92839,40.43386],[8.92829,40.43497],[8.92904,40.436],[8.92898,40.43761],[8.92931,40.43791],[8.9293,40.43872],[8.93136,40.44195],[8.93114,40.44322],[8.93144,40.44456],[8.93106,40.44611],[8.93051,40.44669],[8.93095,40.4478],[8.93088,40.44833],[8.93121,40.44862],[8.93108,40.45006],[8.93295,40.4511],[8.93379,40.45119],[8.93411,40.45078],[8.93498,40.45056],[8.93526,40.45088],[8.93662,40.45136],[8.93771,40.45388],[8.93889,40.45519],[8.93989,40.45804],[8.93937,40.46113],[8.93889,40.46132],[8.9374,40.46061],[8.93715,40.46071],[8.93698,40.46105],[8.93768,40.46302],[8.93717,40.46438],[8.93729,40.46576],[8.9369,40.4666],[8.93574,40.46774],[8.93799,40.46874],[8.93869,40.46946],[8.93908,40.47049],[8.94066,40.47173],[8.94114,40.4731],[8.94306,40.47458],[8.94323,40.47486],[8.94292,40.47543],[8.94318,40.47681],[8.93999,40.47865],[8.93658,40.47887],[8.93548,40.47869],[8.93551,40.48009],[8.93979,40.48098],[8.94318,40.48228],[8.94406,40.48227],[8.94653,40.48303],[8.94689,40.48349],[8.94723,40.48518],[8.94757,40.48544],[8.94873,40.48571],[8.95026,40.48552],[8.95077,40.48502],[8.95411,40.48679],[8.95669,40.48862],[8.95959,40.48848],[8.9617,40.48929],[8.96366,40.48927],[8.96441,40.48901],[8.96452,40.48935],[8.96727,40.48963],[8.96873,40.48894],[8.97118,40.4891],[8.97199,40.48882],[8.97382,40.48932],[8.97527,40.4904],[8.97703,40.49096],[8.97761,40.49075],[8.97772,40.49047],[8.97706,40.48783],[8.9784,40.48713],[8.98005,40.48787],[8.98259,40.48829],[8.98323,40.48786],[8.98605,40.48892],[8.98637,40.48875],[8.9879,40.48906],[8.98918,40.49014],[8.98935,40.49155],[8.98995,40.49258],[8.99074,40.49311],[8.99138,40.49301],[8.99151,40.49357],[8.99217,40.49405],[8.99431,40.49408],[8.99534,40.49328],[8.99849,40.49458],[9.00013,40.49473],[9.00085,40.49452],[9.00058,40.49588],[9.00071,40.49633],[9.00261,40.49769],[9.00285,40.49843],[9.00577,40.49909],[9.00608,40.49991],[9.0059,40.50044],[9.00657,40.50044],[9.00819,40.50182],[9.00868,40.50156],[9.01027,40.50222],[9.01064,40.5032],[9.01223,40.50556],[9.01337,40.50556],[9.01407,40.50512],[9.01487,40.50502],[9.01652,40.50586],[9.01686,40.50631],[9.01824,40.50636],[9.01848,40.50657],[9.01821,40.50773],[9.01897,40.5082],[9.01925,40.50897],[9.02035,40.50902],[9.02066,40.50928],[9.02047,40.51031],[9.02124,40.51077],[9.02173,40.51213],[9.02299,40.51365],[9.02296,40.51545],[9.02645,40.51804],[9.02749,40.52098],[9.02921,40.52108],[9.03111,40.52332],[9.03184,40.52311],[9.0319,40.52367],[9.03558,40.52634],[9.03613,40.52615],[9.03681,40.52636],[9.03883,40.52797],[9.03886,40.52846],[9.04054,40.52956],[9.04523,40.53161],[9.05271,40.53731],[9.05366,40.53764],[9.06398,40.5356],[9.06585,40.5356],[9.06698,40.53301],[9.06805,40.53209],[9.06965,40.53146],[9.07087,40.53153],[9.07234,40.53307],[9.07299,40.53312],[9.074,40.53076],[9.07234,40.53043],[9.07176,40.53006],[9.07387,40.52905],[9.08024,40.52963],[9.08181,40.53057],[9.08465,40.53018],[9.08973,40.53237],[9.09036,40.53235],[9.0917,40.5319],[9.09391,40.53185],[9.0967,40.53134],[9.09767,40.53081],[9.10535,40.52944],[9.11286,40.52872],[9.1138,40.52894],[9.11875,40.52785],[9.12749,40.52696],[9.13538,40.52565],[9.1365,40.52571],[9.13808,40.52675],[9.14002,40.5285],[9.14019,40.52917],[9.14379,40.5323],[9.15082,40.53444],[9.15465,40.53513],[9.155,40.53447],[9.15492,40.5338],[9.15388,40.53155],[9.15247,40.5262],[9.15145,40.52615],[9.15098,40.52571],[9.15237,40.52541],[9.1523,40.52471],[9.15158,40.5231],[9.1523,40.52268],[9.1523,40.52191],[9.15165,40.52094],[9.15169,40.51913],[9.15118,40.51813],[9.15178,40.51763],[9.15182,40.5168],[9.15151,40.51644],[9.15216,40.51426],[9.155,40.51515],[9.15608,40.51436],[9.1574,40.51168],[9.15845,40.51107]]]}},{"type":"Feature","properties":{"nome":"Mandrolisai","limiti_indicativi":true,"fonte":"GeoNue/Nordai — Esercitazione 3, regioni_storiciche"},"geometry":{"type":"Polygon","coordinates":[[[9.28935,39.96639],[9.28903,39.96492],[9.28699,39.96282],[9.28681,39.96039],[9.28285,39.95498],[9.28252,39.95229],[9.27809,39.94518],[9.27615,39.94772],[9.27727,39.94898],[9.27513,39.95159],[9.27233,39.95345],[9.27008,39.95571],[9.26619,39.96044],[9.26345,39.96184],[9.26209,39.96683],[9.26248,39.96963],[9.25967,39.97012],[9.25692,39.96822],[9.25333,39.96801],[9.25041,39.96851],[9.24904,39.97094],[9.24384,39.97404],[9.23986,39.97507],[9.23913,39.97617],[9.23792,39.97673],[9.23157,39.97549],[9.22635,39.97955],[9.22092,39.98],[9.21604,39.98363],[9.21279,39.9835],[9.20177,39.98038],[9.20116,39.97995],[9.19939,39.98149],[9.19779,39.98104],[9.1948,39.98229],[9.19157,39.98181],[9.18991,39.98414],[9.18724,39.98565],[9.18733,39.98671],[9.18175,39.98615],[9.18034,39.98548],[9.17839,39.98625],[9.17593,39.98633],[9.17008,39.9842],[9.16771,39.98485],[9.16632,39.98464],[9.16308,39.98823],[9.16162,39.99107],[9.15838,39.99248],[9.15852,39.99086],[9.1537,39.98727],[9.15194,39.98683],[9.15295,39.9829],[9.15116,39.9784],[9.1483,39.9794],[9.14215,39.97813],[9.13911,39.97678],[9.13721,39.97641],[9.13152,39.97661],[9.13051,39.97598],[9.13254,39.97176],[9.12562,39.97036],[9.12809,39.9676],[9.12448,39.96793],[9.12293,39.96741],[9.11873,39.96724],[9.11442,39.9684],[9.11157,39.96673],[9.10624,39.96503],[9.10472,39.96517],[9.10149,39.96816],[9.1,39.96677],[9.10075,39.96584],[9.0985,39.96602],[9.09809,39.96549],[9.09877,39.96245],[9.09565,39.96379],[9.09482,39.96485],[9.09235,39.96372],[9.09173,39.96434],[9.09188,39.96546],[9.08924,39.9654],[9.08798,39.96326],[9.08697,39.96349],[9.08504,39.96546],[9.08462,39.96399],[9.08382,39.96342],[9.08542,39.9622],[9.08391,39.96198],[9.08265,39.9634],[9.08234,39.96586],[9.08159,39.966],[9.0801,39.96534],[9.07706,39.96602],[9.0753,39.9647],[9.07348,39.96495],[9.06845,39.96425],[9.06445,39.96203],[9.06396,39.96198],[9.06346,39.9622],[9.06329,39.96292],[9.06409,39.96361],[9.06396,39.96532],[9.06353,39.96582],[9.06313,39.96582],[9.06238,39.96563],[9.06154,39.96495],[9.06102,39.96514],[9.05989,39.96481],[9.05938,39.96497],[9.05789,39.96481],[9.05777,39.96453],[9.05809,39.96378],[9.06021,39.96227],[9.05968,39.96182],[9.05745,39.96187],[9.05537,39.96148],[9.05437,39.96176],[9.0531,39.96153],[9.05328,39.96038],[9.05273,39.95994],[9.05142,39.96082],[9.05083,39.96093],[9.04921,39.96038],[9.04819,39.96037],[9.04739,39.95988],[9.04618,39.95981],[9.04557,39.95943],[9.04561,39.95923],[9.04681,39.95844],[9.04664,39.95808],[9.04584,39.9583],[9.0431,39.96014],[9.03914,39.95929],[9.03682,39.95984],[9.03628,39.95934],[9.03503,39.95968],[9.03495,39.96151],[9.0313,39.96324],[9.03105,39.96299],[9.03112,39.96211],[9.03209,39.96121],[9.03211,39.96064],[9.03075,39.95923],[9.03056,39.95862],[9.02948,39.9579],[9.02958,39.95718],[9.03112,39.9571],[9.03211,39.95622],[9.0297,39.95495],[9.02971,39.95417],[9.03025,39.95358],[9.02974,39.95307],[9.03003,39.95243],[9.02992,39.95212],[9.02861,39.95182],[9.0267,39.95308],[9.02507,39.95349],[9.02432,39.95413],[9.02373,39.95289],[9.02189,39.95249],[9.02132,39.95268],[9.0209,39.95403],[9.02035,39.95418],[9.01978,39.95337],[9.01856,39.95314],[9.01834,39.9529],[9.01922,39.95139],[9.01895,39.9509],[9.01817,39.95111],[9.01737,39.9518],[9.0164,39.95154],[9.01572,39.95096],[9.01439,39.95069],[9.01278,39.95112],[9.01248,39.94975],[9.01109,39.94866],[9.01104,39.94776],[9.00897,39.94576],[9.00712,39.94606],[9.00635,39.94495],[9.00258,39.94604],[9.00129,39.94519],[9.00053,39.94528],[9.00072,39.94639],[8.99856,39.94652],[8.99609,39.94797],[8.99455,39.94766],[8.9915,39.94548],[8.99018,39.94535],[8.98853,39.94419],[8.98853,39.9431],[8.98948,39.94232],[8.99039,39.93995],[8.9936,39.93741],[8.99444,39.93585],[8.99249,39.93506],[8.99062,39.93519],[8.98994,39.93451],[8.99006,39.92946],[8.989,39.92608],[8.98555,39.92348],[8.98616,39.92252],[8.98562,39.91982],[8.98316,39.91712],[8.98363,39.91635],[8.98691,39.91601],[8.98816,39.91372],[8.98382,39.91229],[8.98181,39.91312],[8.98081,39.91299],[8.98134,39.90883],[8.98081,39.90836],[8.97836,39.90856],[8.97922,39.90468],[8.97713,39.90433],[8.9734,39.90552],[8.97375,39.90406],[8.97289,39.90253],[8.975,39.90063],[8.97446,39.89992],[8.97172,39.90103],[8.97229,39.8989],[8.97085,39.8987],[8.9701,39.89687],[8.9695,39.89642],[8.96658,39.89567],[8.96424,39.89572],[8.96071,39.89466],[8.95897,39.89353],[8.95857,39.89289],[8.9593,39.89148],[8.96046,39.89041],[8.96045,39.88979],[8.95765,39.8894],[8.95679,39.89052],[8.95635,39.89074],[8.95488,39.89003],[8.95271,39.88986],[8.95179,39.89047],[8.95139,39.89136],[8.95084,39.89181],[8.94816,39.89245],[8.94609,39.89458],[8.94385,39.89474],[8.94294,39.89632],[8.94202,39.89687],[8.94142,39.89673],[8.94129,39.89629],[8.94249,39.89454],[8.94257,39.89396],[8.94077,39.89392],[8.93708,39.89303],[8.93612,39.89315],[8.93588,39.8936],[8.93614,39.89428],[8.93843,39.89508],[8.9394,39.89642],[8.93923,39.89831],[8.9394,39.89981],[8.9378,39.90148],[8.93597,39.90136],[8.93541,39.90039],[8.93561,39.899],[8.93471,39.89792],[8.93197,39.89772],[8.93027,39.89716],[8.92936,39.8973],[8.92878,39.89901],[8.92684,39.90124],[8.92478,39.90234],[8.92368,39.90363],[8.92324,39.90534],[8.92364,39.90723],[8.92329,39.90768],[8.92251,39.90779],[8.92144,39.90888],[8.92178,39.91039],[8.92148,39.91151],[8.92054,39.91168],[8.91708,39.9113],[8.91505,39.91231],[8.91472,39.91349],[8.91655,39.91527],[8.91687,39.9161],[8.91663,39.91695],[8.91574,39.91756],[8.91223,39.91873],[8.91086,39.92164],[8.9079,39.9246],[8.90652,39.92534],[8.9049,39.92528],[8.90401,39.92551],[8.90284,39.9267],[8.90194,39.92722],[8.90022,39.92964],[8.89912,39.93047],[8.89898,39.93074],[8.8992,39.93146],[8.8979,39.93281],[8.89607,39.93372],[8.89462,39.93366],[8.89363,39.93403],[8.89221,39.93574],[8.88999,39.93661],[8.88943,39.93723],[8.88887,39.93875],[8.88613,39.94108],[8.88571,39.94235],[8.88725,39.94834],[8.8873,39.94977],[8.88695,39.95186],[8.88143,39.95294],[8.8795,39.95398],[8.87842,39.95548],[8.87944,39.95647],[8.88165,39.95722],[8.88184,39.95848],[8.88399,39.96146],[8.88832,39.96212],[8.89123,39.96331],[8.89168,39.96421],[8.8948,39.96674],[8.89566,39.97438],[8.90593,39.97503],[8.90881,39.97681],[8.91251,39.97803],[8.91324,39.97966],[8.91571,39.97948],[8.9158,39.97987],[8.91796,39.98085],[8.92068,39.98021],[8.92211,39.98078],[8.9249,39.9836],[8.92511,39.9862],[8.9257,39.98594],[8.92631,39.98606],[8.92716,39.98765],[8.92864,39.9874],[8.93152,39.98888],[8.93245,39.9888],[8.93308,39.98934],[8.9338,39.98934],[8.93413,39.98968],[8.93509,39.98981],[8.93531,39.99009],[8.9351,39.99064],[8.93541,39.99083],[8.93572,39.99175],[8.93676,39.99175],[8.93793,39.99267],[8.93945,39.99221],[8.94011,39.99225],[8.94183,39.99316],[8.94297,39.99448],[8.9435,39.99468],[8.94507,39.99433],[8.9475,39.99491],[8.95123,39.99516],[8.95209,39.99542],[8.95296,39.99609],[8.9539,39.99722],[8.95287,40.00008],[8.952,40.0037],[8.95092,40.00372],[8.94857,40.00496],[8.94841,40.00653],[8.94678,40.00634],[8.94572,40.00661],[8.94636,40.00816],[8.94715,40.00888],[8.94757,40.01192],[8.94536,40.01325],[8.94571,40.01414],[8.94666,40.01464],[8.94653,40.01523],[8.94584,40.01563],[8.94612,40.01621],[8.94544,40.01666],[8.94562,40.01806],[8.94523,40.01835],[8.94629,40.01977],[8.94543,40.02052],[8.94732,40.02067],[8.94786,40.02158],[8.94895,40.02262],[8.94878,40.02298],[8.9479,40.02347],[8.94782,40.02395],[8.94841,40.0244],[8.94972,40.02453],[8.94985,40.02529],[8.95167,40.0256],[8.95188,40.02691],[8.95308,40.02711],[8.95317,40.02801],[8.95259,40.02901],[8.95411,40.03115],[8.95525,40.03181],[8.95529,40.03237],[8.95683,40.0329],[8.9579,40.03417],[8.95891,40.03459],[8.95899,40.03488],[8.96104,40.03571],[8.96141,40.03543],[8.96173,40.03556],[8.96539,40.03787],[8.96558,40.03867],[8.96608,40.03902],[8.96615,40.04019],[8.96592,40.04086],[8.96634,40.04117],[8.96597,40.04195],[8.96525,40.04259],[8.96518,40.04338],[8.96591,40.04455],[8.96727,40.04552],[8.96621,40.04598],[8.96623,40.04621],[8.9687,40.04712],[8.97138,40.04757],[8.97305,40.04746],[8.97419,40.04778],[8.97623,40.05005],[8.98021,40.05191],[8.98155,40.05222],[8.98196,40.05274],[8.98543,40.05472],[8.98734,40.05681],[8.98972,40.05788],[8.99208,40.05802],[8.99368,40.05705],[8.99525,40.05666],[8.9959,40.05706],[8.99658,40.05709],[8.99801,40.0566],[8.99927,40.05692],[9.00069,40.05676],[9.00095,40.05636],[9.00395,40.05559],[9.00595,40.05455],[9.00661,40.05359],[9.00756,40.05035],[9.0128,40.04577],[9.01347,40.04555],[9.01605,40.04554],[9.01683,40.04505],[9.01924,40.04427],[9.02309,40.04006],[9.02548,40.03838],[9.02767,40.0377],[9.03049,40.03751],[9.03329,40.03874],[9.03568,40.03933],[9.03865,40.03956],[9.03975,40.04017],[9.04406,40.04144],[9.04443,40.04179],[9.04569,40.04188],[9.04889,40.04286],[9.0506,40.04243],[9.05495,40.04239],[9.05931,40.04342],[9.06188,40.04341],[9.06589,40.04275],[9.06981,40.04132],[9.0716,40.04026],[9.07387,40.03945],[9.0749,40.03935],[9.07621,40.0397],[9.07757,40.03945],[9.08058,40.04034],[9.08331,40.04276],[9.08313,40.04496],[9.08331,40.04584],[9.08256,40.04616],[9.08177,40.04601],[9.08136,40.04644],[9.08181,40.04735],[9.08243,40.04775],[9.08334,40.04916],[9.084,40.04943],[9.08382,40.04991],[9.0842,40.05064],[9.08418,40.05221],[9.08516,40.05267],[9.08763,40.05273],[9.08789,40.05247],[9.08912,40.0524],[9.09021,40.05199],[9.09523,40.05299],[9.09939,40.05345],[9.10039,40.05398],[9.10569,40.05342],[9.11225,40.05376],[9.11252,40.05396],[9.11808,40.05172],[9.11985,40.05162],[9.12167,40.05116],[9.12522,40.05121],[9.12687,40.05037],[9.12912,40.05021],[9.13088,40.04967],[9.13222,40.04882],[9.13487,40.04801],[9.13751,40.04865],[9.13995,40.04828],[9.14048,40.04883],[9.14144,40.04918],[9.14168,40.04964],[9.14539,40.04957],[9.14612,40.05002],[9.15235,40.05057],[9.16011,40.05342],[9.17084,40.05609],[9.17325,40.05701],[9.17522,40.05816],[9.17642,40.05826],[9.17741,40.05881],[9.17738,40.05948],[9.18092,40.05998],[9.18211,40.05949],[9.18307,40.06041],[9.1844,40.0595],[9.18541,40.05942],[9.18662,40.05887],[9.18841,40.05873],[9.19039,40.05965],[9.19038,40.06014],[9.19081,40.06026],[9.19356,40.05943],[9.19492,40.05932],[9.19534,40.05897],[9.19491,40.05848],[9.19501,40.05833],[9.19652,40.05758],[9.19757,40.05787],[9.19782,40.05892],[9.19815,40.05895],[9.19844,40.05886],[9.19902,40.05727],[9.20145,40.05811],[9.20405,40.05704],[9.20471,40.05703],[9.20552,40.05765],[9.20936,40.05642],[9.20974,40.05662],[9.21019,40.05606],[9.21205,40.05574],[9.21338,40.05603],[9.21433,40.05571],[9.21467,40.05537],[9.21459,40.05504],[9.21671,40.05476],[9.21747,40.05521],[9.21898,40.05551],[9.21962,40.0561],[9.22106,40.05622],[9.22218,40.05726],[9.22226,40.05767],[9.22367,40.05838],[9.2249,40.05951],[9.22206,40.06224],[9.22325,40.06309],[9.2234,40.06355],[9.22162,40.06989],[9.22258,40.07268],[9.225,40.07397],[9.23209,40.07633],[9.23432,40.07601],[9.23568,40.07523],[9.23615,40.07487],[9.23609,40.07375],[9.23684,40.07212],[9.23771,40.07173],[9.23845,40.0719],[9.24087,40.07142],[9.24102,40.07047],[9.24216,40.06926],[9.24206,40.06838],[9.24228,40.06807],[9.24139,40.0676],[9.24133,40.06711],[9.24137,40.066],[9.24226,40.06486],[9.241,40.06456],[9.24098,40.06385],[9.24128,40.06347],[9.24254,40.0635],[9.2438,40.06266],[9.24343,40.06214],[9.24372,40.06177],[9.24367,40.0599],[9.24384,40.05942],[9.24435,40.05904],[9.24439,40.05785],[9.24407,40.05707],[9.24423,40.05625],[9.2438,40.05596],[9.24356,40.05523],[9.24383,40.05484],[9.24377,40.0544],[9.24437,40.0535],[9.24573,40.05323],[9.24805,40.05087],[9.25126,40.05032],[9.25222,40.05036],[9.2528,40.05076],[9.25366,40.05086],[9.2635,40.05145],[9.26403,40.05007],[9.26462,40.04934],[9.26853,40.04631],[9.26977,40.04274],[9.27087,40.04145],[9.27312,40.03952],[9.27712,40.03706],[9.28751,40.03299],[9.28958,40.03194],[9.29059,40.03188],[9.29316,40.03113],[9.29573,40.02717],[9.29589,40.02665],[9.29563,40.02576],[9.29587,40.02448],[9.29702,40.02244],[9.29811,40.02115],[9.29915,40.02065],[9.30005,40.01872],[9.30256,40.01579],[9.30336,40.01568],[9.30987,40.01313],[9.31026,40.01271],[9.31288,40.01177],[9.31559,40.01021],[9.31825,40.00932],[9.31889,40.00852],[9.31874,40.00504],[9.31944,40.00112],[9.31913,39.99951],[9.32117,39.99598],[9.32291,39.99527],[9.31553,39.99025],[9.30416,39.98686],[9.29661,39.9833],[9.29094,39.983],[9.28803,39.97655],[9.29051,39.97164],[9.29006,39.9702],[9.28876,39.96893],[9.28935,39.96639]]]}},{"type":"Feature","properties":{"nome":"Marghine","limiti_indicativi":true,"fonte":"GeoNue/Nordai — Esercitazione 3, regioni_storiciche"},"geometry":{"type":"Polygon","coordinates":[[[8.96418,40.24805],[8.95116,40.25413],[8.95003,40.25318],[8.94939,40.25225],[8.94923,40.25128],[8.94963,40.25013],[8.94939,40.24966],[8.94703,40.24743],[8.94631,40.24565],[8.94654,40.24557],[8.94622,40.24439],[8.94635,40.2433],[8.94582,40.2424],[8.94552,40.2429],[8.94482,40.24326],[8.94339,40.24306],[8.94263,40.2436],[8.94191,40.24366],[8.94145,40.24431],[8.94057,40.24468],[8.94024,40.24525],[8.93722,40.24606],[8.93335,40.24299],[8.93214,40.24252],[8.93165,40.24207],[8.9281,40.24178],[8.92778,40.24098],[8.92716,40.24115],[8.92611,40.24217],[8.92555,40.2422],[8.92454,40.24305],[8.92491,40.24431],[8.9249,40.24561],[8.92376,40.24645],[8.92352,40.24736],[8.92311,40.24801],[8.92237,40.24838],[8.9216,40.24983],[8.92082,40.24954],[8.91953,40.24992],[8.91887,40.25058],[8.91688,40.25148],[8.91685,40.25197],[8.91638,40.25233],[8.91341,40.25317],[8.90981,40.25356],[8.90894,40.25468],[8.90596,40.25537],[8.9054,40.25602],[8.90159,40.25769],[8.90033,40.25761],[8.89699,40.25874],[8.89246,40.25934],[8.89098,40.26071],[8.89012,40.25991],[8.88921,40.25946],[8.88818,40.25768],[8.88554,40.25711],[8.88544,40.25654],[8.88127,40.25571],[8.8794,40.25595],[8.87772,40.25361],[8.87608,40.2534],[8.87245,40.25126],[8.87213,40.25045],[8.87032,40.24829],[8.86986,40.2462],[8.86722,40.2452],[8.86733,40.24434],[8.86639,40.24425],[8.86422,40.24011],[8.86306,40.23954],[8.86327,40.23759],[8.86297,40.237],[8.86335,40.23627],[8.86281,40.2353],[8.86026,40.23438],[8.85794,40.23308],[8.85681,40.23174],[8.85658,40.23223],[8.85493,40.23284],[8.85331,40.23281],[8.85097,40.23339],[8.84934,40.23292],[8.84754,40.23463],[8.84697,40.23474],[8.84596,40.23415],[8.84514,40.23463],[8.84428,40.23463],[8.84257,40.23423],[8.84214,40.23377],[8.84147,40.23405],[8.84055,40.23395],[8.84008,40.23448],[8.83877,40.23414],[8.83875,40.23496],[8.83718,40.23632],[8.83695,40.23824],[8.83344,40.23751],[8.8314,40.23596],[8.83122,40.23617],[8.82937,40.23527],[8.82947,40.23506],[8.82896,40.2348],[8.82746,40.23427],[8.82506,40.23429],[8.82493,40.23449],[8.82361,40.23457],[8.82266,40.23377],[8.82194,40.23375],[8.82082,40.23419],[8.81984,40.23377],[8.81887,40.23435],[8.8188,40.23467],[8.81933,40.235],[8.81901,40.23552],[8.81727,40.23551],[8.81511,40.23463],[8.81323,40.23303],[8.81268,40.23295],[8.81249,40.2331],[8.81253,40.23418],[8.81106,40.23421],[8.81046,40.23367],[8.80962,40.23392],[8.80819,40.23503],[8.80712,40.23524],[8.80653,40.23634],[8.80557,40.23622],[8.80412,40.23794],[8.8034,40.23827],[8.8026,40.23813],[8.8006,40.23714],[8.79912,40.23605],[8.79733,40.23521],[8.79505,40.23314],[8.79377,40.23355],[8.7926,40.23359],[8.79213,40.23338],[8.79169,40.2338],[8.79032,40.23367],[8.78864,40.23272],[8.78794,40.23132],[8.7874,40.23224],[8.78577,40.23245],[8.78486,40.23205],[8.78451,40.23158],[8.78296,40.23131],[8.78183,40.22992],[8.7809,40.23022],[8.77702,40.22888],[8.77738,40.22817],[8.7772,40.22802],[8.77806,40.2269],[8.77831,40.2269],[8.7792,40.22535],[8.77832,40.22523],[8.77674,40.2255],[8.77588,40.22476],[8.77552,40.22546],[8.77457,40.22527],[8.77325,40.22348],[8.77222,40.22301],[8.77151,40.22213],[8.76963,40.22145],[8.76873,40.22085],[8.76837,40.2197],[8.76762,40.21968],[8.76715,40.21919],[8.76737,40.21888],[8.76728,40.2183],[8.76932,40.21604],[8.76917,40.21571],[8.7665,40.2162],[8.76316,40.21637],[8.76185,40.21583],[8.76105,40.21388],[8.76182,40.21351],[8.76455,40.21329],[8.7645,40.21146],[8.76495,40.21077],[8.76595,40.211],[8.76712,40.21036],[8.76675,40.20994],[8.76781,40.20887],[8.76989,40.20841],[8.77016,40.20764],[8.76355,40.20551],[8.76126,40.20353],[8.76019,40.20401],[8.75846,40.20423],[8.75611,40.20522],[8.75242,40.205],[8.75203,40.20493],[8.752,40.20471],[8.75033,40.2048],[8.74426,40.20649],[8.74271,40.20717],[8.74238,40.20917],[8.74155,40.21083],[8.74123,40.21292],[8.7414,40.21317],[8.74081,40.21474],[8.74018,40.21502],[8.74041,40.21601],[8.74022,40.21705],[8.73635,40.2171],[8.7349,40.2167],[8.73391,40.21608],[8.73385,40.2158],[8.72868,40.21485],[8.72753,40.21489],[8.72359,40.21398],[8.722,40.21457],[8.71877,40.2152],[8.71724,40.21583],[8.71477,40.21622],[8.71403,40.21579],[8.71223,40.21539],[8.71109,40.21546],[8.71091,40.21587],[8.71127,40.21656],[8.71323,40.2182],[8.71515,40.22041],[8.71609,40.221],[8.71786,40.2235],[8.71846,40.22377],[8.71919,40.22623],[8.71846,40.22659],[8.71733,40.22658],[8.71724,40.2269],[8.71818,40.22762],[8.71965,40.22772],[8.71983,40.22829],[8.72079,40.22872],[8.72051,40.2306],[8.72149,40.23151],[8.72149,40.2322],[8.72013,40.2329],[8.71918,40.23301],[8.71628,40.23177],[8.70817,40.22769],[8.70747,40.22677],[8.70687,40.22673],[8.69619,40.22174],[8.69044,40.22263],[8.68215,40.2235],[8.6786,40.22417],[8.67689,40.22417],[8.67277,40.22503],[8.67066,40.22467],[8.66861,40.22467],[8.66903,40.2259],[8.66889,40.22674],[8.66838,40.22801],[8.66768,40.22857],[8.6674,40.22962],[8.66745,40.23113],[8.66851,40.23517],[8.66851,40.23806],[8.669,40.24071],[8.66892,40.24223],[8.66937,40.24288],[8.66905,40.24335],[8.66892,40.24532],[8.66815,40.24911],[8.66758,40.24966],[8.67793,40.2504],[8.68482,40.25191],[8.69111,40.25151],[8.69522,40.25509],[8.69882,40.25736],[8.70343,40.26111],[8.70713,40.26335],[8.71072,40.26636],[8.71721,40.27061],[8.72268,40.27369],[8.72239,40.276],[8.72354,40.28141],[8.72194,40.28378],[8.72303,40.2849],[8.72575,40.28886],[8.72841,40.29105],[8.72849,40.29149],[8.72801,40.29294],[8.72966,40.29524],[8.72988,40.29704],[8.7294,40.29772],[8.73023,40.299],[8.7299,40.2996],[8.72963,40.30186],[8.72989,40.30234],[8.73204,40.30391],[8.73263,40.30465],[8.73165,40.30591],[8.72737,40.30871],[8.72545,40.31052],[8.72534,40.31125],[8.72262,40.31375],[8.72153,40.31559],[8.71871,40.31783],[8.71808,40.319],[8.71567,40.32209],[8.71278,40.32429],[8.71038,40.32802],[8.70853,40.32972],[8.70816,40.33052],[8.70663,40.33077],[8.70558,40.33045],[8.70307,40.33125],[8.70508,40.33223],[8.70722,40.33255],[8.708,40.33452],[8.70789,40.33579],[8.70837,40.33745],[8.70826,40.33862],[8.70855,40.33978],[8.70971,40.3408],[8.7117,40.34107],[8.71418,40.34229],[8.71467,40.34331],[8.71513,40.34371],[8.71768,40.34378],[8.71882,40.34342],[8.71972,40.34383],[8.72128,40.34237],[8.72222,40.34239],[8.72323,40.34287],[8.72491,40.34243],[8.72659,40.34231],[8.72758,40.34341],[8.72792,40.34468],[8.72857,40.34481],[8.7293,40.34601],[8.73253,40.34778],[8.73361,40.34979],[8.73752,40.35331],[8.74505,40.35426],[8.74663,40.35395],[8.74845,40.35417],[8.74916,40.35362],[8.75014,40.35068],[8.75069,40.35014],[8.75351,40.3495],[8.75526,40.34876],[8.75728,40.3493],[8.75831,40.35028],[8.75946,40.35049],[8.76013,40.35185],[8.76084,40.3522],[8.7648,40.35249],[8.76804,40.35221],[8.76973,40.35138],[8.77104,40.3516],[8.77289,40.35109],[8.77486,40.35109],[8.77491,40.35001],[8.77723,40.34872],[8.77832,40.34872],[8.77883,40.34926],[8.78034,40.35003],[8.78249,40.34991],[8.78364,40.35216],[8.78327,40.35382],[8.78372,40.3547],[8.78631,40.35696],[8.78821,40.35804],[8.79752,40.3599],[8.80099,40.36135],[8.80393,40.36185],[8.80745,40.36313],[8.81239,40.36399],[8.81261,40.36493],[8.81366,40.3661],[8.81335,40.36706],[8.8139,40.36956],[8.81595,40.3724],[8.81671,40.37443],[8.8181,40.37537],[8.81746,40.37573],[8.81593,40.37744],[8.81659,40.37969],[8.81679,40.3819],[8.81665,40.38684],[8.81739,40.39262],[8.81655,40.39628],[8.81627,40.39898],[8.81662,40.39922],[8.81664,40.39984],[8.81527,40.40508],[8.81401,40.40824],[8.81672,40.40843],[8.81758,40.40814],[8.81952,40.40853],[8.82242,40.40865],[8.82282,40.40833],[8.82251,40.40804],[8.82295,40.40778],[8.82462,40.40879],[8.82579,40.40989],[8.82615,40.41138],[8.82583,40.41271],[8.82612,40.41297],[8.82727,40.4129],[8.83005,40.41181],[8.83242,40.41232],[8.83306,40.41183],[8.83382,40.41036],[8.83556,40.41025],[8.83637,40.40939],[8.83948,40.4079],[8.84253,40.40681],[8.84617,40.40669],[8.85207,40.4073],[8.85275,40.40748],[8.85357,40.40877],[8.85402,40.40885],[8.85394,40.40825],[8.85554,40.40371],[8.85589,40.40328],[8.85724,40.403],[8.85759,40.40267],[8.85709,40.4016],[8.85718,40.40112],[8.85667,40.3992],[8.85691,40.39902],[8.85574,40.39712],[8.85578,40.39547],[8.85501,40.39344],[8.85541,40.39233],[8.85635,40.39148],[8.85776,40.39121],[8.85917,40.39145],[8.8642,40.38985],[8.86595,40.38972],[8.86884,40.39048],[8.8704,40.39162],[8.87255,40.39213],[8.87409,40.39191],[8.87525,40.39204],[8.87811,40.39287],[8.87979,40.39454],[8.88036,40.39575],[8.88209,40.39701],[8.88364,40.39782],[8.88564,40.39794],[8.88794,40.39846],[8.88992,40.40072],[8.89029,40.40192],[8.89123,40.40328],[8.8924,40.40344],[8.89441,40.40466],[8.89785,40.40554],[8.89781,40.40508],[8.8989,40.40298],[8.90068,40.40193],[8.90135,40.40096],[8.89969,40.39951],[8.89899,40.39807],[8.89823,40.39775],[8.89715,40.3957],[8.89741,40.39449],[8.89796,40.3936],[8.89784,40.39217],[8.8992,40.39135],[8.89906,40.39097],[8.90026,40.38968],[8.9005,40.38859],[8.90541,40.38558],[8.91041,40.38203],[8.93255,40.37259],[8.93665,40.37144],[8.93786,40.37144],[8.94012,40.37054],[8.94957,40.36822],[8.95055,40.36677],[8.95299,40.36436],[8.95702,40.35903],[8.96178,40.35523],[8.96436,40.3528],[8.96642,40.35147],[8.96675,40.35074],[8.96658,40.349],[8.96703,40.34729],[8.96748,40.34688],[8.97241,40.34381],[8.97417,40.34299],[8.97718,40.34235],[8.97918,40.3403],[8.98155,40.33892],[8.98158,40.33806],[8.9809,40.33559],[8.98155,40.33292],[8.98142,40.33208],[8.98477,40.33072],[8.9846,40.3299],[8.98544,40.32905],[8.98584,40.32805],[8.98862,40.32572],[8.99084,40.3234],[8.99903,40.31883],[9.00401,40.31654],[9.00584,40.31613],[9.00711,40.31466],[9.01002,40.31242],[9.0109,40.31115],[9.01724,40.30524],[9.02219,40.29997],[9.02492,40.29849],[9.02557,40.29794],[9.02557,40.29761],[9.02686,40.2967],[9.02757,40.29667],[9.0279,40.29728],[9.02947,40.29531],[9.03003,40.29495],[9.03028,40.29251],[9.02988,40.2915],[9.03047,40.2912],[9.02946,40.29031],[9.02822,40.28844],[9.02726,40.28879],[9.02628,40.28777],[9.02609,40.28495],[9.02702,40.28242],[9.0283,40.28265],[9.03039,40.28208],[9.03197,40.28073],[9.03203,40.28021],[9.03174,40.27983],[9.03114,40.28],[9.02944,40.27831],[9.02854,40.27624],[9.02861,40.27459],[9.02909,40.27415],[9.02847,40.27309],[9.02766,40.27311],[9.02721,40.27183],[9.02737,40.27118],[9.02834,40.26994],[9.02895,40.26989],[9.02947,40.26928],[9.02982,40.26758],[9.02975,40.26517],[9.02804,40.26252],[9.02739,40.26016],[9.02494,40.25729],[9.02408,40.25753],[9.02265,40.25488],[9.01946,40.25372],[9.01901,40.25302],[9.01775,40.25255],[9.01664,40.25264],[9.01369,40.25123],[9.01264,40.24933],[9.01124,40.24858],[9.01058,40.24794],[9.01012,40.24619],[9.01038,40.24595],[9.00972,40.24365],[9.00985,40.2419],[9.00951,40.24176],[9.00948,40.24076],[9.00897,40.24003],[9.0087,40.23849],[9.00896,40.23701],[9.00002,40.23981],[8.99416,40.24077],[8.99032,40.24171],[8.9845,40.24393],[8.98193,40.24367],[8.97245,40.24739],[8.96912,40.24827],[8.9671,40.24868],[8.96418,40.24805]]]}},{"type":"Feature","properties":{"nome":"Marmilla","limiti_indicativi":true,"fonte":"GeoNue/Nordai — Esercitazione 3, regioni_storiciche"},"geometry":{"type":"Polygon","coordinates":[[[9.03902,39.7568],[9.0397,39.75646],[9.04166,39.75634],[9.04364,39.75727],[9.0441,39.75805],[9.04668,39.7586],[9.05314,39.7582],[9.05697,39.75693],[9.06331,39.7558],[9.07001,39.75238],[9.07187,39.75235],[9.07367,39.75015],[9.07208,39.74799],[9.07218,39.74605],[9.07194,39.7447],[9.07093,39.74258],[9.06961,39.74196],[9.06629,39.74298],[9.065,39.74231],[9.06474,39.74001],[9.06331,39.73817],[9.06324,39.73516],[9.05806,39.73301],[9.05836,39.73124],[9.05755,39.73075],[9.0551,39.73115],[9.05302,39.73005],[9.05254,39.72889],[9.05497,39.72734],[9.05677,39.72499],[9.06169,39.72222],[9.0595,39.71924],[9.05959,39.7185],[9.05637,39.71002],[9.05794,39.7053],[9.059,39.70493],[9.05934,39.70204],[9.0584,39.70101],[9.05789,39.69879],[9.05682,39.69749],[9.05571,39.69691],[9.05318,39.69705],[9.05161,39.69652],[9.04777,39.68946],[9.04836,39.68328],[9.04961,39.68103],[9.04929,39.67411],[9.04956,39.66985],[9.05015,39.66869],[9.04999,39.66786],[9.04862,39.66597],[9.04805,39.66403],[9.04892,39.66251],[9.04815,39.66144],[9.04841,39.66022],[9.04751,39.65795],[9.04735,39.65175],[9.04761,39.65026],[9.04726,39.6502],[9.04707,39.6485],[9.04722,39.64724],[9.04653,39.64345],[9.04849,39.64333],[9.03528,39.62644],[9.03409,39.62546],[9.03148,39.62473],[9.03154,39.62446],[9.0299,39.62374],[9.02909,39.62256],[9.02883,39.62276],[9.027,39.61935],[9.02733,39.61927],[9.02609,39.61703],[9.02495,39.61617],[9.02419,39.61585],[9.02396,39.61607],[9.0198,39.61432],[9.02087,39.61156],[9.0214,39.61115],[9.02324,39.60653],[9.02298,39.60628],[9.02308,39.60602],[9.02441,39.60433],[9.02466,39.60203],[9.02501,39.60202],[9.02537,39.59936],[9.01928,39.59901],[9.01633,39.59483],[9.01425,39.58768],[9.00918,39.58547],[9.00386,39.58395],[9.00284,39.58395],[8.99911,39.58776],[8.9912,39.59238],[8.98764,39.59302],[8.98114,39.59743],[8.97923,39.59664],[8.9788,39.59729],[8.97468,39.59591],[8.97181,39.5941],[8.97206,39.59379],[8.97029,39.5922],[8.96668,39.59083],[8.96157,39.59221],[8.96097,39.59182],[8.9557,39.59374],[8.95534,39.59339],[8.95205,39.59552],[8.95029,39.59715],[8.94815,39.59728],[8.9457,39.59846],[8.94121,39.59815],[8.93849,39.59933],[8.93392,39.60069],[8.92792,39.60515],[8.91943,39.61022],[8.91704,39.60977],[8.90691,39.61121],[8.90263,39.61127],[8.89848,39.61256],[8.89613,39.61467],[8.89525,39.61681],[8.89406,39.61775],[8.8942,39.61894],[8.88994,39.62272],[8.88951,39.62389],[8.89004,39.62657],[8.88867,39.6295],[8.88468,39.63098],[8.88483,39.63201],[8.87648,39.64128],[8.87385,39.64347],[8.86822,39.64672],[8.86854,39.64899],[8.86692,39.6541],[8.86509,39.65808],[8.86269,39.66138],[8.86139,39.66188],[8.86151,39.66327],[8.86052,39.66508],[8.85575,39.66314],[8.85211,39.66304],[8.84895,39.6644],[8.84967,39.66511],[8.8564,39.66875],[8.85897,39.6676],[8.86192,39.66786],[8.86197,39.66986],[8.86418,39.67265],[8.86437,39.68278],[8.86806,39.68534],[8.86909,39.68621],[8.86974,39.6872],[8.87278,39.68799],[8.87362,39.68844],[8.87431,39.68954],[8.87698,39.69246],[8.87924,39.69652],[8.87973,39.69965],[8.88161,39.70496],[8.88932,39.70637],[8.89325,39.70765],[8.89322,39.70865],[8.89409,39.70924],[8.89416,39.71153],[8.88122,39.73024],[8.87507,39.73459],[8.86758,39.737],[8.86539,39.73596],[8.8639,39.73768],[8.86407,39.73963],[8.86174,39.74136],[8.8581,39.74198],[8.8551,39.74361],[8.85198,39.74422],[8.84743,39.75838],[8.84515,39.76156],[8.84551,39.76266],[8.8447,39.76319],[8.84618,39.76515],[8.84693,39.7651],[8.84617,39.76665],[8.84688,39.76795],[8.84683,39.7698],[8.84793,39.76982],[8.8484,39.77258],[8.84794,39.77363],[8.85036,39.77679],[8.85328,39.77891],[8.85629,39.77879],[8.86126,39.77538],[8.86665,39.77574],[8.86783,39.77518],[8.87084,39.77568],[8.8747,39.77853],[8.87602,39.78137],[8.87897,39.7833],[8.88493,39.78579],[8.88684,39.78728],[8.88503,39.78821],[8.88099,39.79235],[8.88174,39.79285],[8.8837,39.7922],[8.88618,39.79226],[8.88796,39.79281],[8.88899,39.79479],[8.88985,39.79439],[8.8964,39.79525],[8.90184,39.79468],[8.90583,39.79626],[8.9095,39.7948],[8.91281,39.79497],[8.91571,39.7932],[8.92073,39.79282],[8.92658,39.79333],[8.92894,39.79294],[8.93048,39.79219],[8.93179,39.79085],[8.93419,39.79058],[8.93714,39.79111],[8.93854,39.79035],[8.93877,39.78841],[8.94093,39.78456],[8.94195,39.78405],[8.94404,39.78446],[8.9453,39.78395],[8.94722,39.78157],[8.95193,39.77848],[8.95187,39.77795],[8.95206,39.77784],[8.95381,39.77787],[8.95749,39.77923],[8.96649,39.77721],[8.97128,39.77723],[8.97295,39.77845],[8.97614,39.77873],[8.97836,39.7802],[8.97901,39.77799],[8.98376,39.77642],[8.99569,39.7683],[8.99823,39.76777],[8.99861,39.76645],[8.99744,39.766],[8.9963,39.76385],[8.99643,39.76214],[8.99747,39.7611],[9.00138,39.76083],[9.00218,39.76128],[9.00518,39.75991],[9.00884,39.75951],[9.01264,39.76055],[9.01369,39.75963],[9.01482,39.75946],[9.01981,39.76094],[9.02177,39.75991],[9.02223,39.75901],[9.02397,39.75841],[9.02697,39.75931],[9.02991,39.75944],[9.02991,39.75895],[9.03119,39.75867],[9.03293,39.75883],[9.03606,39.75799],[9.0361,39.75818],[9.03754,39.75792],[9.03805,39.75718],[9.03887,39.75666],[9.03902,39.7568]]]}},{"type":"Feature","properties":{"nome":"Media valle del Tirso","limiti_indicativi":true,"fonte":"GeoNue/Nordai — Esercitazione 3, regioni_storiciche"},"geometry":{"type":"Polygon","coordinates":[[[8.9475,40.11632],[8.94769,40.11474],[8.94723,40.11374],[8.94726,40.11304],[8.94641,40.11141],[8.9463,40.11016],[8.94457,40.10853],[8.9446,40.10754],[8.9434,40.10632],[8.94259,40.10587],[8.9416,40.10606],[8.94074,40.10553],[8.94059,40.10521],[8.94089,40.1043],[8.94003,40.10303],[8.9403,40.10219],[8.93963,40.10184],[8.93881,40.10019],[8.93793,40.09948],[8.93662,40.09654],[8.93428,40.09571],[8.93184,40.09537],[8.93054,40.09613],[8.92882,40.09583],[8.92833,40.09602],[8.92718,40.09762],[8.92684,40.09777],[8.92479,40.09561],[8.92409,40.09605],[8.92285,40.0957],[8.92032,40.09591],[8.9193,40.09666],[8.9181,40.09696],[8.91425,40.09666],[8.91242,40.09697],[8.90752,40.09671],[8.90403,40.09727],[8.90295,40.09718],[8.90134,40.09786],[8.89984,40.09813],[8.89887,40.09858],[8.89701,40.10008],[8.89146,40.10207],[8.88825,40.10169],[8.88596,40.10039],[8.88493,40.099],[8.88576,40.0945],[8.88375,40.09005],[8.88147,40.08722],[8.88118,40.0864],[8.88305,40.08234],[8.88256,40.08045],[8.88162,40.07922],[8.87981,40.07784],[8.87666,40.07598],[8.87502,40.07231],[8.87075,40.07187],[8.86989,40.0716],[8.86935,40.07112],[8.8679,40.06747],[8.86499,40.06386],[8.86269,40.06229],[8.86168,40.06189],[8.86071,40.06016],[8.85946,40.0588],[8.85891,40.05858],[8.85811,40.05692],[8.85609,40.05511],[8.85698,40.05404],[8.85644,40.05323],[8.85543,40.05047],[8.85372,40.0485],[8.85271,40.04821],[8.85125,40.04853],[8.85093,40.04807],[8.85278,40.04733],[8.85253,40.04587],[8.85012,40.04694],[8.84911,40.04417],[8.84977,40.0416],[8.85034,40.04036],[8.8362,40.03901],[8.82443,40.03847],[8.82128,40.0387],[8.81834,40.03946],[8.8154,40.03936],[8.8135,40.03959],[8.81279,40.0394],[8.81183,40.03845],[8.81145,40.03731],[8.80962,40.03565],[8.80784,40.03501],[8.8045,40.03219],[8.7949,40.02134],[8.79365,40.02073],[8.79038,40.021],[8.78893,40.02068],[8.78776,40.01987],[8.78677,40.01953],[8.78488,40.02033],[8.78031,40.01956],[8.77157,40.01929],[8.76816,40.01884],[8.76608,40.01916],[8.76375,40.01851],[8.76138,40.01724],[8.75964,40.0167],[8.75938,40.01736],[8.75772,40.0171],[8.75222,40.01709],[8.74822,40.01634],[8.74458,40.01446],[8.74236,40.01287],[8.73554,40.0118],[8.72812,40.01345],[8.72729,40.0142],[8.71992,40.0176],[8.71658,40.01787],[8.71486,40.02003],[8.71387,40.02087],[8.71258,40.02137],[8.71182,40.02114],[8.71115,40.0225],[8.71163,40.02288],[8.71015,40.02448],[8.70886,40.02753],[8.70811,40.02788],[8.70843,40.02832],[8.7078,40.03075],[8.70925,40.03146],[8.70991,40.03252],[8.70838,40.03407],[8.70752,40.03572],[8.70681,40.0358],[8.70496,40.03683],[8.70418,40.03921],[8.70246,40.04127],[8.70217,40.04225],[8.70121,40.04198],[8.69957,40.04104],[8.69908,40.04125],[8.69884,40.04169],[8.69955,40.04377],[8.69796,40.04406],[8.69571,40.04509],[8.69333,40.04497],[8.6925,40.04646],[8.69228,40.04714],[8.69271,40.04756],[8.69209,40.04865],[8.69064,40.04952],[8.68938,40.04954],[8.68898,40.05021],[8.68737,40.05043],[8.68639,40.05091],[8.68356,40.05343],[8.68474,40.05351],[8.68544,40.05385],[8.6865,40.05804],[8.68874,40.06012],[8.68697,40.06398],[8.68931,40.06972],[8.68902,40.07273],[8.69144,40.07468],[8.69179,40.07577],[8.69013,40.07785],[8.68917,40.07835],[8.687,40.08024],[8.6879,40.0812],[8.688,40.08233],[8.68934,40.08313],[8.68955,40.08451],[8.69007,40.08498],[8.68969,40.08793],[8.68936,40.08819],[8.69024,40.08951],[8.69093,40.08954],[8.69424,40.09089],[8.69714,40.0914],[8.69844,40.09079],[8.70275,40.09164],[8.70333,40.09331],[8.70136,40.09701],[8.69638,40.099],[8.69523,40.1002],[8.69401,40.10084],[8.68971,40.10126],[8.68817,40.10205],[8.68976,40.10293],[8.6904,40.10297],[8.69061,40.10423],[8.69133,40.10541],[8.69401,40.10672],[8.69524,40.10679],[8.69578,40.10716],[8.69635,40.10807],[8.6959,40.10896],[8.69706,40.11137],[8.69736,40.11252],[8.69781,40.11299],[8.70075,40.11402],[8.701,40.11497],[8.70039,40.11618],[8.70075,40.11667],[8.70412,40.1192],[8.70506,40.11923],[8.70535,40.11952],[8.7055,40.12026],[8.70471,40.12126],[8.7051,40.1241],[8.70628,40.12638],[8.70762,40.12761],[8.70782,40.13042],[8.70841,40.13071],[8.70989,40.13082],[8.71125,40.13221],[8.71187,40.13158],[8.71258,40.13137],[8.71392,40.13182],[8.71731,40.13156],[8.72048,40.1325],[8.72647,40.12898],[8.72947,40.12842],[8.73181,40.12839],[8.73341,40.12917],[8.73516,40.12926],[8.73601,40.13005],[8.73599,40.13063],[8.73684,40.13205],[8.73691,40.1336],[8.7353,40.13762],[8.73411,40.13905],[8.73242,40.14174],[8.7312,40.14256],[8.7287,40.14262],[8.72586,40.14579],[8.72471,40.14661],[8.72368,40.14797],[8.72364,40.1486],[8.72317,40.14924],[8.72338,40.15029],[8.72214,40.15207],[8.72129,40.15421],[8.71772,40.15879],[8.71541,40.16093],[8.71785,40.16349],[8.72005,40.16471],[8.72143,40.16581],[8.72584,40.17018],[8.72626,40.17104],[8.72474,40.17174],[8.7246,40.17222],[8.72771,40.17314],[8.73316,40.17542],[8.7365,40.17749],[8.73704,40.17847],[8.74124,40.18061],[8.741,40.18098],[8.74179,40.18315],[8.74208,40.18494],[8.74276,40.18496],[8.74387,40.18687],[8.74354,40.18798],[8.74363,40.1887],[8.74489,40.19151],[8.74427,40.19233],[8.74509,40.19288],[8.74549,40.19445],[8.74398,40.19673],[8.74356,40.19954],[8.74373,40.19967],[8.74329,40.20097],[8.74005,40.20226],[8.73397,40.20329],[8.73147,40.20413],[8.73009,40.20504],[8.72886,40.20539],[8.72518,40.20518],[8.72291,40.20451],[8.72101,40.20461],[8.71804,40.20538],[8.71694,40.20596],[8.71469,40.2079],[8.71176,40.21107],[8.71099,40.21251],[8.71019,40.2134],[8.70862,40.21444],[8.70729,40.21395],[8.70432,40.2135],[8.6969,40.21293],[8.69486,40.21194],[8.69053,40.21035],[8.69021,40.21042],[8.68496,40.20687],[8.68445,40.20701],[8.68399,40.20614],[8.68277,40.20532],[8.68226,40.20364],[8.68202,40.20353],[8.68081,40.20319],[8.67842,40.20336],[8.67762,40.20375],[8.67286,40.20415],[8.67252,40.20435],[8.67314,40.20634],[8.67281,40.20741],[8.67313,40.20939],[8.67279,40.21155],[8.67183,40.21302],[8.67202,40.21317],[8.67137,40.21438],[8.67104,40.21637],[8.67009,40.218],[8.67029,40.21898],[8.66995,40.22068],[8.66936,40.2216],[8.66854,40.22206],[8.66897,40.22362],[8.66861,40.22467],[8.67066,40.22467],[8.67277,40.22503],[8.67689,40.22417],[8.6786,40.22417],[8.68215,40.2235],[8.69044,40.22263],[8.69619,40.22174],[8.70687,40.22673],[8.70747,40.22677],[8.70817,40.22769],[8.71628,40.23177],[8.7195,40.23305],[8.72123,40.23248],[8.72149,40.2322],[8.72149,40.23151],[8.72051,40.2306],[8.7208,40.2292],[8.7207,40.22857],[8.71983,40.22829],[8.71965,40.22772],[8.71818,40.22762],[8.71724,40.2269],[8.71733,40.22658],[8.71846,40.22659],[8.71919,40.22623],[8.71846,40.22377],[8.71786,40.2235],[8.71609,40.221],[8.71515,40.22041],[8.71323,40.2182],[8.71127,40.21656],[8.71091,40.21587],[8.71109,40.21546],[8.71223,40.21539],[8.71403,40.21579],[8.71477,40.21622],[8.71724,40.21583],[8.71877,40.2152],[8.722,40.21457],[8.72359,40.21398],[8.72753,40.21489],[8.72868,40.21485],[8.73385,40.2158],[8.73391,40.21608],[8.7349,40.2167],[8.73635,40.2171],[8.74022,40.21705],[8.74041,40.21601],[8.74018,40.21502],[8.74081,40.21474],[8.7414,40.21317],[8.74123,40.21292],[8.74155,40.21083],[8.74238,40.20917],[8.74271,40.20717],[8.74426,40.20649],[8.75033,40.2048],[8.752,40.20471],[8.75203,40.20493],[8.75242,40.205],[8.75611,40.20522],[8.75846,40.20423],[8.76019,40.20401],[8.76126,40.20353],[8.76355,40.20551],[8.77016,40.20764],[8.76989,40.20841],[8.76781,40.20887],[8.76675,40.20994],[8.76712,40.21036],[8.76595,40.211],[8.76495,40.21077],[8.7645,40.21146],[8.76455,40.21329],[8.76182,40.21351],[8.76105,40.21388],[8.76185,40.21583],[8.76316,40.21637],[8.7665,40.2162],[8.76917,40.21571],[8.76932,40.21604],[8.76728,40.2183],[8.76737,40.21888],[8.76715,40.21919],[8.76762,40.21968],[8.76837,40.2197],[8.76873,40.22085],[8.76963,40.22145],[8.77151,40.22213],[8.77222,40.22301],[8.77325,40.22348],[8.77457,40.22527],[8.77552,40.22546],[8.77588,40.22476],[8.77674,40.2255],[8.77832,40.22523],[8.7792,40.22535],[8.77831,40.2269],[8.77806,40.2269],[8.7772,40.22802],[8.77738,40.22817],[8.77702,40.22888],[8.7809,40.23022],[8.78183,40.22992],[8.78296,40.23131],[8.78451,40.23158],[8.78486,40.23205],[8.78577,40.23245],[8.7874,40.23224],[8.78794,40.23132],[8.78864,40.23272],[8.79032,40.23367],[8.79169,40.2338],[8.79213,40.23338],[8.7926,40.23359],[8.79377,40.23355],[8.79505,40.23314],[8.79733,40.23521],[8.79912,40.23605],[8.8006,40.23714],[8.8026,40.23813],[8.8034,40.23827],[8.80412,40.23794],[8.80557,40.23622],[8.80653,40.23634],[8.80712,40.23524],[8.80819,40.23503],[8.80962,40.23392],[8.81046,40.23367],[8.81106,40.23421],[8.81253,40.23418],[8.81249,40.2331],[8.81268,40.23295],[8.81323,40.23303],[8.81511,40.23463],[8.81727,40.23551],[8.81901,40.23552],[8.81933,40.235],[8.8188,40.23467],[8.81887,40.23435],[8.81984,40.23377],[8.82082,40.23419],[8.82194,40.23375],[8.82266,40.23377],[8.82361,40.23457],[8.82493,40.23449],[8.82506,40.23429],[8.82746,40.23427],[8.82896,40.2348],[8.82947,40.23506],[8.82937,40.23527],[8.83122,40.23617],[8.8314,40.23596],[8.83344,40.23751],[8.83695,40.23824],[8.83718,40.23632],[8.83875,40.23496],[8.83877,40.23414],[8.84008,40.23448],[8.84055,40.23395],[8.84147,40.23405],[8.84214,40.23377],[8.84257,40.23423],[8.84428,40.23463],[8.84514,40.23463],[8.84596,40.23415],[8.84697,40.23474],[8.84754,40.23463],[8.84934,40.23292],[8.85097,40.23339],[8.85331,40.23281],[8.85493,40.23284],[8.85658,40.23223],[8.85681,40.23174],[8.85794,40.23308],[8.86026,40.23438],[8.86281,40.2353],[8.86335,40.23627],[8.86297,40.237],[8.86327,40.23759],[8.86306,40.23954],[8.86422,40.24011],[8.86639,40.24425],[8.86733,40.24434],[8.86722,40.2452],[8.86986,40.2462],[8.87032,40.24829],[8.87213,40.25045],[8.87245,40.25126],[8.87608,40.2534],[8.87772,40.25361],[8.8794,40.25595],[8.88127,40.25571],[8.88544,40.25654],[8.88554,40.25711],[8.88818,40.25768],[8.88921,40.25946],[8.89012,40.25991],[8.89098,40.26071],[8.89246,40.25934],[8.89699,40.25874],[8.90033,40.25761],[8.90159,40.25769],[8.9054,40.25602],[8.90596,40.25537],[8.90894,40.25468],[8.90981,40.25356],[8.91341,40.25317],[8.91638,40.25233],[8.91685,40.25197],[8.91688,40.25148],[8.91887,40.25058],[8.91953,40.24992],[8.92082,40.24954],[8.9216,40.24983],[8.92237,40.24838],[8.92311,40.24801],[8.92352,40.24736],[8.92376,40.24645],[8.9249,40.24561],[8.92491,40.24431],[8.92454,40.24305],[8.92555,40.2422],[8.92611,40.24217],[8.92716,40.24115],[8.92778,40.24098],[8.9281,40.24178],[8.93165,40.24207],[8.93214,40.24252],[8.93335,40.24299],[8.93722,40.24606],[8.94024,40.24525],[8.94057,40.24468],[8.94145,40.24431],[8.94191,40.24366],[8.94263,40.2436],[8.94339,40.24306],[8.94482,40.24326],[8.94552,40.2429],[8.94582,40.2424],[8.94635,40.2433],[8.94622,40.24439],[8.94654,40.24557],[8.94631,40.24565],[8.94703,40.24743],[8.94939,40.24966],[8.94963,40.25013],[8.94923,40.25128],[8.94939,40.25225],[8.95003,40.25318],[8.95116,40.25413],[8.96418,40.24805],[8.9671,40.24868],[8.96912,40.24827],[8.97245,40.24739],[8.98193,40.24367],[8.9845,40.24393],[8.99032,40.24171],[8.99416,40.24077],[9.00002,40.23981],[9.00896,40.23701],[9.0087,40.23849],[9.00897,40.24003],[9.00948,40.24076],[9.00951,40.24176],[9.00985,40.2419],[9.00972,40.24365],[9.01038,40.24595],[9.01012,40.24619],[9.01058,40.24794],[9.01124,40.24858],[9.01264,40.24933],[9.01369,40.25123],[9.01664,40.25264],[9.01775,40.25255],[9.01901,40.25302],[9.01946,40.25372],[9.02265,40.25488],[9.02408,40.25753],[9.02494,40.25729],[9.02739,40.26016],[9.02804,40.26252],[9.02975,40.26517],[9.02982,40.26758],[9.02947,40.26928],[9.02988,40.26938],[9.03167,40.26959],[9.03342,40.26945],[9.03915,40.26773],[9.04044,40.26782],[9.04304,40.26683],[9.04596,40.26646],[9.04613,40.26613],[9.04834,40.26641],[9.05086,40.26466],[9.05162,40.2632],[9.05198,40.26316],[9.05256,40.26369],[9.05338,40.26331],[9.0585,40.26415],[9.05971,40.26389],[9.05944,40.26161],[9.05951,40.25951],[9.05991,40.25829],[9.0597,40.25744],[9.06033,40.25679],[9.06348,40.25624],[9.06337,40.25503],[9.06379,40.25469],[9.06695,40.25425],[9.06795,40.25562],[9.07033,40.25462],[9.07183,40.25558],[9.07218,40.25613],[9.0751,40.25656],[9.0767,40.2561],[9.07768,40.25609],[9.07772,40.25519],[9.08049,40.25456],[9.08114,40.25401],[9.0819,40.2527],[9.08189,40.2506],[9.08345,40.25019],[9.08391,40.24914],[9.08493,40.24859],[9.08465,40.24763],[9.08501,40.24709],[9.08455,40.24618],[9.08475,40.24486],[9.08434,40.24318],[9.0849,40.24223],[9.08487,40.24185],[9.08356,40.24093],[9.08339,40.24039],[9.08373,40.23941],[9.0855,40.23831],[9.08599,40.23732],[9.08603,40.23645],[9.08301,40.23469],[9.08289,40.23412],[9.08167,40.2328],[9.07929,40.23253],[9.07535,40.22918],[9.07282,40.22493],[9.06765,40.22068],[9.06019,40.21591],[9.05893,40.21457],[9.05876,40.21375],[9.05651,40.21188],[9.0564,40.21122],[9.05573,40.21033],[9.05293,40.20393],[9.05531,40.20263],[9.05718,40.199],[9.05606,40.19672],[9.05615,40.19555],[9.05675,40.1941],[9.05674,40.19282],[9.05746,40.19185],[9.05708,40.19088],[9.05735,40.18987],[9.05655,40.1897],[9.05466,40.18817],[9.05452,40.18754],[9.05292,40.18646],[9.0533,40.18488],[9.05212,40.18324],[9.05223,40.18248],[9.05013,40.18286],[9.04763,40.18275],[9.04648,40.18174],[9.04637,40.18121],[9.0466,40.18054],[9.04637,40.18033],[9.04425,40.18047],[9.04311,40.18027],[9.04047,40.18072],[9.03875,40.18007],[9.03786,40.18039],[9.03537,40.17917],[9.03362,40.17981],[9.03169,40.18001],[9.03091,40.18085],[9.03089,40.18236],[9.0301,40.18266],[9.03041,40.18402],[9.02949,40.18495],[9.02894,40.18615],[9.02786,40.18713],[9.02481,40.18911],[9.02192,40.18924],[9.02102,40.18994],[9.02079,40.19226],[9.01842,40.19285],[9.0173,40.19383],[9.01682,40.19355],[9.01587,40.19399],[9.01496,40.19345],[9.01477,40.19204],[9.01367,40.18997],[9.01288,40.18923],[9.00927,40.18711],[9.00564,40.18572],[9.00335,40.18407],[9.00033,40.18331],[8.99978,40.18291],[8.99786,40.17944],[8.99875,40.17689],[8.99903,40.17664],[8.99755,40.17583],[8.99506,40.17667],[8.99227,40.17624],[8.99136,40.17486],[8.99185,40.17447],[8.99222,40.17335],[8.99293,40.1727],[8.99482,40.1721],[8.99459,40.17138],[8.99302,40.16968],[8.99334,40.16934],[8.99175,40.16878],[8.99078,40.16892],[8.98869,40.16856],[8.98648,40.16904],[8.98581,40.16805],[8.98502,40.16744],[8.98473,40.16664],[8.98354,40.166],[8.98235,40.16385],[8.98142,40.16292],[8.98118,40.16214],[8.98112,40.16141],[8.98151,40.15987],[8.9812,40.15838],[8.98202,40.15755],[8.98067,40.15683],[8.97911,40.15662],[8.97803,40.15762],[8.97653,40.15806],[8.972,40.15807],[8.9683,40.15675],[8.96616,40.15555],[8.96474,40.15441],[8.96601,40.15468],[8.96716,40.15423],[8.96755,40.15296],[8.96784,40.15273],[8.96771,40.15169],[8.96863,40.15024],[8.96828,40.14925],[8.96912,40.14779],[8.96737,40.14653],[8.96693,40.14586],[8.96478,40.14439],[8.96386,40.14407],[8.9629,40.144],[8.96002,40.14584],[8.95921,40.14575],[8.95745,40.14221],[8.95701,40.14043],[8.95723,40.13782],[8.95685,40.13675],[8.95647,40.13319],[8.95619,40.13203],[8.95533,40.13034],[8.95634,40.12904],[8.9558,40.12815],[8.95688,40.12715],[8.95717,40.12407],[8.95765,40.12365],[8.95755,40.12283],[8.95731,40.12255],[8.95439,40.12208],[8.95412,40.1227],[8.95342,40.12276],[8.95343,40.12222],[8.95306,40.12177],[8.95194,40.12169],[8.94975,40.11983],[8.94895,40.11846],[8.94934,40.11814],[8.94917,40.11765],[8.94855,40.11681],[8.9475,40.11632]]]}},{"type":"Feature","properties":{"nome":"Meilogu","limiti_indicativi":true,"fonte":"GeoNue/Nordai — Esercitazione 3, regioni_storiciche"},"geometry":{"type":"Polygon","coordinates":[[[8.90026,40.49238],[8.90081,40.49162],[8.90257,40.49101],[8.90381,40.48906],[8.90659,40.48893],[8.90906,40.48805],[8.911,40.48795],[8.91213,40.48642],[8.91252,40.48546],[8.91397,40.48492],[8.9156,40.485],[8.91623,40.48457],[8.92063,40.48497],[8.92314,40.48571],[8.92729,40.4863],[8.92807,40.48604],[8.93593,40.48643],[8.93683,40.48714],[8.93917,40.48814],[8.94159,40.48887],[8.94542,40.48898],[8.94595,40.48875],[8.94944,40.49052],[8.95247,40.49058],[8.9565,40.48857],[8.95411,40.48679],[8.95077,40.48502],[8.95026,40.48552],[8.94873,40.48571],[8.94757,40.48544],[8.94723,40.48518],[8.94689,40.48349],[8.94653,40.48303],[8.94406,40.48227],[8.94318,40.48228],[8.93979,40.48098],[8.93551,40.48009],[8.93548,40.47869],[8.93658,40.47887],[8.93999,40.47865],[8.94318,40.47681],[8.94292,40.47543],[8.94323,40.47486],[8.94306,40.47458],[8.94114,40.4731],[8.94066,40.47173],[8.93908,40.47049],[8.93869,40.46946],[8.93799,40.46874],[8.93574,40.46774],[8.9369,40.4666],[8.93729,40.46576],[8.93717,40.46438],[8.93768,40.46302],[8.93698,40.46105],[8.93715,40.46071],[8.9374,40.46061],[8.93889,40.46132],[8.93937,40.46113],[8.93989,40.45804],[8.93889,40.45519],[8.93771,40.45388],[8.93662,40.45136],[8.93526,40.45088],[8.93498,40.45056],[8.93411,40.45078],[8.93379,40.45119],[8.93295,40.4511],[8.93108,40.45006],[8.93121,40.44862],[8.93088,40.44833],[8.93095,40.4478],[8.93051,40.44669],[8.93106,40.44611],[8.93144,40.44456],[8.93114,40.44322],[8.93136,40.44195],[8.9293,40.43872],[8.92931,40.43791],[8.92898,40.43761],[8.92904,40.436],[8.92829,40.43497],[8.92839,40.43386],[8.92816,40.43324],[8.92686,40.43257],[8.92713,40.43193],[8.927,40.4303],[8.92632,40.42953],[8.92333,40.42893],[8.92375,40.42698],[8.92355,40.42622],[8.92302,40.42555],[8.92179,40.42484],[8.91762,40.42436],[8.91641,40.42496],[8.91641,40.42363],[8.91753,40.42326],[8.91759,40.42254],[8.91661,40.42208],[8.91604,40.4205],[8.91566,40.42056],[8.9153,40.42012],[8.91539,40.41951],[8.91491,40.41846],[8.91324,40.41672],[8.91356,40.41617],[8.91329,40.41446],[8.91292,40.41419],[8.91289,40.41383],[8.91051,40.41127],[8.91015,40.41019],[8.90878,40.40989],[8.90789,40.40799],[8.90583,40.40756],[8.90543,40.40656],[8.90428,40.40576],[8.90395,40.40518],[8.89692,40.40545],[8.89441,40.40466],[8.8924,40.40344],[8.89153,40.40341],[8.89105,40.40308],[8.89029,40.40192],[8.88992,40.40072],[8.88794,40.39846],[8.88564,40.39794],[8.88364,40.39782],[8.88209,40.39701],[8.88036,40.39575],[8.87979,40.39454],[8.87811,40.39287],[8.87525,40.39204],[8.87409,40.39191],[8.87255,40.39213],[8.8704,40.39162],[8.86884,40.39048],[8.86595,40.38972],[8.8642,40.38985],[8.85917,40.39145],[8.85776,40.39121],[8.85635,40.39148],[8.85541,40.39233],[8.85501,40.39344],[8.85578,40.39547],[8.85574,40.39712],[8.85691,40.39902],[8.85667,40.3992],[8.85718,40.40112],[8.85709,40.4016],[8.85759,40.40267],[8.85724,40.403],[8.85589,40.40328],[8.85554,40.40371],[8.85394,40.40825],[8.85402,40.40885],[8.85357,40.40877],[8.85275,40.40748],[8.85207,40.4073],[8.84617,40.40669],[8.84253,40.40681],[8.83948,40.4079],[8.83637,40.40939],[8.83556,40.41025],[8.83382,40.41036],[8.83306,40.41183],[8.83242,40.41232],[8.83005,40.41181],[8.82727,40.4129],[8.8259,40.41293],[8.82615,40.41138],[8.82579,40.40989],[8.82462,40.40879],[8.82295,40.40778],[8.82251,40.40804],[8.82282,40.40833],[8.82242,40.40865],[8.81952,40.40853],[8.81758,40.40814],[8.81672,40.40843],[8.81401,40.40824],[8.81527,40.40508],[8.81664,40.39984],[8.81662,40.39922],[8.81627,40.39898],[8.81655,40.39628],[8.81739,40.39262],[8.81665,40.38684],[8.81679,40.3819],[8.81659,40.37969],[8.81593,40.37744],[8.81746,40.37573],[8.8181,40.37537],[8.81671,40.37443],[8.81595,40.3724],[8.8139,40.36956],[8.81335,40.36706],[8.81366,40.3661],[8.81261,40.36493],[8.81239,40.36399],[8.80745,40.36313],[8.80393,40.36185],[8.80099,40.36135],[8.79752,40.3599],[8.78821,40.35804],[8.78631,40.35696],[8.78372,40.3547],[8.78327,40.35382],[8.78364,40.35216],[8.78249,40.34991],[8.78034,40.35003],[8.77816,40.3487],[8.777,40.34881],[8.77491,40.35001],[8.77486,40.35109],[8.77289,40.35109],[8.77104,40.3516],[8.76973,40.35138],[8.76804,40.35221],[8.7648,40.35249],[8.76084,40.3522],[8.76013,40.35185],[8.75946,40.35049],[8.75831,40.35028],[8.75728,40.3493],[8.75526,40.34876],[8.75351,40.3495],[8.75069,40.35014],[8.75014,40.35068],[8.74916,40.35362],[8.74845,40.35417],[8.74663,40.35395],[8.74505,40.35426],[8.73752,40.35331],[8.73361,40.34979],[8.73253,40.34778],[8.7293,40.34601],[8.72857,40.34481],[8.72792,40.34468],[8.72758,40.34341],[8.72682,40.34244],[8.72491,40.34243],[8.72323,40.34287],[8.72222,40.34239],[8.72128,40.34237],[8.71972,40.34383],[8.71882,40.34342],[8.71768,40.34378],[8.71513,40.34371],[8.71467,40.34331],[8.71418,40.34229],[8.7117,40.34107],[8.70971,40.3408],[8.70855,40.33978],[8.70826,40.33862],[8.70837,40.33745],[8.70789,40.33579],[8.708,40.33452],[8.70722,40.33255],[8.7046,40.33207],[8.70267,40.3311],[8.70227,40.33059],[8.69876,40.32986],[8.69831,40.3312],[8.69902,40.33658],[8.69899,40.33917],[8.69872,40.33971],[8.69615,40.3431],[8.69472,40.34525],[8.69428,40.34634],[8.69237,40.34847],[8.69096,40.34971],[8.68382,40.35451],[8.68302,40.35533],[8.6813,40.35991],[8.68059,40.36037],[8.678,40.36336],[8.67763,40.36468],[8.67764,40.36582],[8.67548,40.36875],[8.67661,40.37162],[8.67789,40.37288],[8.67741,40.37388],[8.67682,40.37432],[8.67624,40.37532],[8.67674,40.37899],[8.6774,40.37935],[8.67872,40.37752],[8.6819,40.37755],[8.68254,40.37769],[8.68284,40.37843],[8.68592,40.38027],[8.68605,40.38311],[8.68649,40.3847],[8.68773,40.38596],[8.68762,40.38641],[8.68708,40.3869],[8.68686,40.38948],[8.68753,40.39261],[8.68845,40.39436],[8.69015,40.39507],[8.6911,40.39607],[8.69069,40.39654],[8.69313,40.39847],[8.69317,40.39916],[8.69215,40.40136],[8.69237,40.402],[8.68988,40.4038],[8.68861,40.4053],[8.68901,40.40546],[8.68668,40.40775],[8.68767,40.41056],[8.68685,40.41245],[8.68548,40.41426],[8.68582,40.41555],[8.68545,40.41749],[8.67991,40.42077],[8.6768,40.42096],[8.67785,40.42286],[8.6775,40.42303],[8.67773,40.42393],[8.67462,40.42509],[8.67527,40.42622],[8.67305,40.42747],[8.67192,40.42849],[8.67087,40.43011],[8.67035,40.43211],[8.66942,40.43366],[8.6689,40.43384],[8.66934,40.43431],[8.66777,40.43683],[8.66667,40.43733],[8.66569,40.43709],[8.66434,40.43724],[8.66303,40.43814],[8.66266,40.4388],[8.66285,40.44129],[8.66379,40.44217],[8.66276,40.44503],[8.66277,40.44859],[8.66143,40.45116],[8.6618,40.45313],[8.66135,40.45354],[8.65786,40.45415],[8.65788,40.45575],[8.65858,40.45677],[8.65835,40.45776],[8.65916,40.45846],[8.65908,40.45946],[8.65967,40.46039],[8.6595,40.4607],[8.6582,40.46097],[8.65676,40.4625],[8.6569,40.46386],[8.65791,40.46465],[8.65798,40.46513],[8.6575,40.46557],[8.65638,40.46587],[8.65333,40.46541],[8.6529,40.4659],[8.6515,40.46567],[8.64308,40.46907],[8.64223,40.47066],[8.64142,40.47139],[8.63656,40.47328],[8.63339,40.47602],[8.63071,40.47653],[8.62836,40.47857],[8.62124,40.48341],[8.62073,40.48309],[8.62093,40.482],[8.62051,40.48133],[8.61818,40.48036],[8.61609,40.47792],[8.61484,40.47761],[8.61428,40.4765],[8.61423,40.47494],[8.61341,40.47383],[8.61341,40.47558],[8.61268,40.47743],[8.61173,40.4788],[8.61021,40.48027],[8.60895,40.48265],[8.60464,40.4871],[8.60008,40.48997],[8.60131,40.49133],[8.60146,40.49185],[8.60121,40.49228],[8.59992,40.49313],[8.5972,40.49306],[8.59442,40.49382],[8.59066,40.49538],[8.58971,40.49488],[8.58864,40.4951],[8.58779,40.49705],[8.58695,40.4975],[8.58512,40.50013],[8.58183,40.49976],[8.58167,40.50113],[8.58034,40.50496],[8.58037,40.5063],[8.58094,40.5084],[8.57929,40.51056],[8.57928,40.51245],[8.5783,40.51457],[8.5779,40.51671],[8.57809,40.51734],[8.57682,40.51941],[8.57592,40.52263],[8.57357,40.52513],[8.57699,40.52729],[8.57712,40.52787],[8.57681,40.52827],[8.5762,40.53127],[8.57705,40.53213],[8.5787,40.53245],[8.58112,40.53243],[8.58319,40.53346],[8.58476,40.53355],[8.58557,40.53322],[8.58768,40.53119],[8.5888,40.53064],[8.58941,40.52992],[8.59061,40.5301],[8.59237,40.53082],[8.59268,40.53146],[8.59226,40.53295],[8.59261,40.53551],[8.59178,40.53973],[8.5926,40.54062],[8.59307,40.54184],[8.59442,40.54288],[8.59504,40.54295],[8.59849,40.54033],[8.6004,40.53819],[8.60208,40.53892],[8.60306,40.53795],[8.60513,40.53666],[8.60638,40.53699],[8.60702,40.53746],[8.60627,40.53928],[8.60742,40.54132],[8.60726,40.54363],[8.60818,40.54578],[8.60849,40.54581],[8.60895,40.54535],[8.61085,40.54277],[8.61218,40.54262],[8.61367,40.54331],[8.61416,40.54411],[8.61483,40.5441],[8.61603,40.54486],[8.61743,40.5449],[8.61948,40.54561],[8.61978,40.54629],[8.62121,40.54768],[8.6208,40.54851],[8.6209,40.55],[8.62047,40.55148],[8.61991,40.55235],[8.61832,40.55376],[8.61807,40.55432],[8.61838,40.55461],[8.61901,40.5546],[8.62116,40.55374],[8.62211,40.5546],[8.6221,40.55523],[8.62266,40.55568],[8.62212,40.55944],[8.6222,40.56095],[8.62245,40.56134],[8.62414,40.56037],[8.62539,40.56023],[8.62557,40.56389],[8.62475,40.56621],[8.62475,40.56716],[8.6254,40.5676],[8.62865,40.56785],[8.63054,40.56858],[8.63413,40.56891],[8.63636,40.56869],[8.63887,40.56913],[8.63918,40.56974],[8.64058,40.57114],[8.64084,40.57262],[8.64163,40.57386],[8.64091,40.57437],[8.63721,40.57447],[8.63482,40.57674],[8.63241,40.57852],[8.6297,40.57973],[8.62912,40.58088],[8.62703,40.58245],[8.627,40.58352],[8.62834,40.58355],[8.6294,40.5839],[8.63068,40.58485],[8.63278,40.58474],[8.63419,40.58601],[8.63588,40.5868],[8.6377,40.5874],[8.64129,40.58802],[8.64273,40.58902],[8.64265,40.58998],[8.64395,40.59066],[8.64394,40.59114],[8.64517,40.59212],[8.6445,40.59251],[8.64305,40.59254],[8.64224,40.59331],[8.64237,40.59446],[8.64326,40.59484],[8.64485,40.59629],[8.64653,40.5959],[8.64758,40.59473],[8.64849,40.59485],[8.65024,40.59576],[8.65282,40.59545],[8.65363,40.59508],[8.65546,40.59509],[8.65614,40.5957],[8.65962,40.59673],[8.66178,40.59813],[8.66383,40.59867],[8.66533,40.60087],[8.66573,40.60188],[8.66679,40.60255],[8.66873,40.60319],[8.67059,40.60343],[8.67449,40.60575],[8.67631,40.60634],[8.67659,40.60656],[8.67746,40.6091],[8.68527,40.61308],[8.70303,40.6157],[8.70835,40.61517],[8.71405,40.61352],[8.72361,40.60928],[8.72641,40.60655],[8.72698,40.60669],[8.72778,40.60755],[8.72903,40.60794],[8.73049,40.609],[8.73437,40.60983],[8.73645,40.6139],[8.73743,40.61375],[8.73966,40.61498],[8.74109,40.6154],[8.74197,40.6162],[8.74315,40.6163],[8.74509,40.61602],[8.74524,40.6167],[8.74645,40.61645],[8.7474,40.61736],[8.74901,40.61832],[8.74906,40.62002],[8.74944,40.62075],[8.74947,40.62153],[8.74996,40.62194],[8.75564,40.62388],[8.75706,40.62554],[8.75987,40.62742],[8.76029,40.62715],[8.76339,40.62698],[8.76409,40.62717],[8.76598,40.62881],[8.7671,40.62931],[8.76957,40.63003],[8.77195,40.62971],[8.7726,40.63134],[8.77261,40.63236],[8.77367,40.63369],[8.77852,40.63609],[8.77994,40.63644],[8.78024,40.63869],[8.78079,40.64029],[8.78288,40.64033],[8.78338,40.64086],[8.78571,40.64198],[8.78874,40.64187],[8.78929,40.64214],[8.78943,40.64259],[8.78907,40.64356],[8.7895,40.64418],[8.78928,40.64534],[8.79092,40.64562],[8.79153,40.64636],[8.79056,40.64693],[8.79001,40.64795],[8.79069,40.6487],[8.79047,40.64909],[8.79079,40.64939],[8.79305,40.64987],[8.79338,40.65084],[8.79597,40.65116],[8.79624,40.65139],[8.79728,40.65471],[8.79862,40.65462],[8.79965,40.65586],[8.80091,40.65604],[8.80226,40.65687],[8.80325,40.65718],[8.80336,40.65869],[8.80374,40.65881],[8.80601,40.65815],[8.80718,40.65749],[8.80729,40.65707],[8.80856,40.6568],[8.80872,40.65631],[8.81367,40.6568],[8.81452,40.65771],[8.81711,40.65719],[8.8184,40.6579],[8.82179,40.65805],[8.82359,40.65948],[8.82397,40.66026],[8.82582,40.66137],[8.82696,40.66131],[8.83055,40.66222],[8.83092,40.66263],[8.83096,40.66355],[8.83172,40.66337],[8.83218,40.66271],[8.83548,40.66264],[8.83593,40.6622],[8.83668,40.66252],[8.8383,40.66144],[8.84049,40.662],[8.84166,40.66143],[8.84342,40.66105],[8.847,40.66091],[8.84953,40.66121],[8.84849,40.65938],[8.84662,40.6579],[8.84528,40.65541],[8.84594,40.65521],[8.84302,40.65164],[8.8452,40.65058],[8.84499,40.64979],[8.84466,40.64955],[8.83831,40.64964],[8.83823,40.64916],[8.83965,40.64883],[8.84103,40.64814],[8.8423,40.64671],[8.83763,40.64522],[8.8375,40.64499],[8.83774,40.6445],[8.83891,40.64389],[8.84005,40.64173],[8.84149,40.64112],[8.84298,40.63895],[8.84407,40.63846],[8.8447,40.63847],[8.84583,40.63723],[8.84606,40.63677],[8.84578,40.63617],[8.84638,40.63545],[8.84819,40.63155],[8.852,40.63264],[8.85546,40.6326],[8.86441,40.62991],[8.86827,40.62739],[8.87222,40.62643],[8.87749,40.62342],[8.88038,40.62236],[8.88461,40.62185],[8.88611,40.6211],[8.89132,40.62105],[8.89679,40.62011],[8.8983,40.61859],[8.89008,40.61835],[8.88973,40.61804],[8.90096,40.61432],[8.90087,40.61178],[8.90109,40.61124],[8.90139,40.61059],[8.9031,40.60873],[8.90397,40.60696],[8.90368,40.60503],[8.90409,40.60333],[8.90355,40.60107],[8.9032,40.60057],[8.90359,40.5998],[8.90238,40.59875],[8.90199,40.59808],[8.89701,40.59432],[8.8937,40.5942],[8.89262,40.59265],[8.89251,40.5911],[8.89185,40.59044],[8.88631,40.58663],[8.88151,40.58288],[8.88347,40.58011],[8.88816,40.57654],[8.88739,40.57395],[8.88351,40.57105],[8.88302,40.56959],[8.88511,40.56705],[8.88796,40.56466],[8.89207,40.56414],[8.8974,40.56381],[8.90091,40.56435],[8.90251,40.56503],[8.90611,40.56191],[8.90772,40.56189],[8.90996,40.56331],[8.91348,40.56301],[8.91469,40.56241],[8.9171,40.56281],[8.91726,40.56264],[8.91571,40.5611],[8.91486,40.56109],[8.91616,40.55966],[8.9156,40.55892],[8.91575,40.55734],[8.91609,40.55678],[8.91614,40.55454],[8.91592,40.55284],[8.91561,40.55224],[8.91597,40.5515],[8.91569,40.55075],[8.91407,40.54909],[8.9136,40.549],[8.91326,40.5486],[8.9122,40.54637],[8.91519,40.54596],[8.91703,40.54616],[8.92346,40.54577],[8.92489,40.54665],[8.92899,40.54749],[8.93052,40.54828],[8.93212,40.54853],[8.9324,40.54891],[8.93198,40.54899],[8.93608,40.55042],[8.93871,40.55225],[8.93913,40.55216],[8.9398,40.55283],[8.94074,40.55235],[8.94101,40.55252],[8.94112,40.55227],[8.94075,40.55188],[8.94104,40.55157],[8.9415,40.55171],[8.94132,40.55145],[8.93847,40.55107],[8.93611,40.54957],[8.93447,40.54901],[8.9363,40.5488],[8.93589,40.54773],[8.93451,40.54594],[8.93252,40.54435],[8.9295,40.54364],[8.92888,40.53982],[8.91801,40.49899],[8.91732,40.49728],[8.9162,40.49231],[8.90026,40.49238]]]}},{"type":"Feature","properties":{"nome":"Montacuto","limiti_indicativi":true,"fonte":"GeoNue/Nordai — Esercitazione 3, regioni_storiciche"},"geometry":{"type":"Polygon","coordinates":[[[8.94505,40.7405],[8.94525,40.74115],[8.94681,40.74184],[8.94626,40.74282],[8.94654,40.74347],[8.9501,40.74686],[8.95148,40.74899],[8.95574,40.76248],[8.9565,40.76428],[8.9552,40.76526],[8.95518,40.76576],[8.95657,40.76628],[8.95797,40.76721],[8.95993,40.76785],[8.96076,40.76779],[8.96402,40.7693],[8.96569,40.77166],[8.96704,40.77272],[8.9676,40.77357],[8.96861,40.77631],[8.9724,40.77869],[8.9753,40.77983],[8.97552,40.78062],[8.97524,40.78146],[8.97629,40.78304],[8.98017,40.7866],[8.97839,40.78909],[8.97755,40.79078],[8.97905,40.79169],[8.98142,40.79546],[8.98391,40.79765],[8.98464,40.7979],[8.98758,40.79665],[8.98731,40.79619],[8.98574,40.79533],[8.98825,40.79501],[8.98913,40.79539],[8.9911,40.79829],[8.9908,40.79918],[8.99092,40.79967],[8.99337,40.80057],[8.99308,40.80143],[8.99343,40.80325],[8.99395,40.8039],[8.99373,40.80444],[8.99423,40.80562],[8.99377,40.80683],[8.99373,40.8079],[8.99558,40.80845],[8.99633,40.80832],[8.99665,40.80784],[8.99885,40.80812],[9.00112,40.81074],[9.00285,40.81194],[9.00428,40.81211],[9.00518,40.8119],[9.05089,40.82497],[9.0561,40.82924],[9.07207,40.82768],[9.08139,40.83239],[9.08353,40.83315],[9.10748,40.82165],[9.08895,40.79876],[9.10249,40.80977],[9.11455,40.833],[9.13364,40.83493],[9.14124,40.83953],[9.17538,40.84963],[9.18665,40.85374],[9.20799,40.85375],[9.21645,40.85401],[9.23531,40.85003],[9.25519,40.85062],[9.26084,40.85113],[9.26297,40.85185],[9.26472,40.85025],[9.26997,40.84732],[9.27259,40.84638],[9.27608,40.84426],[9.27938,40.84513],[9.28056,40.84475],[9.28468,40.84568],[9.28539,40.84538],[9.28608,40.84547],[9.2876,40.84658],[9.28946,40.84716],[9.29128,40.84836],[9.2945,40.84797],[9.29669,40.84725],[9.29719,40.84737],[9.29749,40.84801],[9.29888,40.8481],[9.30015,40.84771],[9.3013,40.84667],[9.30215,40.84705],[9.30353,40.84822],[9.30481,40.84867],[9.30755,40.85117],[9.31039,40.85198],[9.312,40.85176],[9.31393,40.85191],[9.31445,40.85239],[9.32271,40.85162],[9.32516,40.85089],[9.32624,40.85119],[9.32825,40.85035],[9.33068,40.85024],[9.33237,40.84926],[9.33332,40.84963],[9.33481,40.84955],[9.3351,40.84898],[9.33596,40.84835],[9.33678,40.84846],[9.33744,40.84889],[9.33868,40.84835],[9.33965,40.8483],[9.33996,40.8492],[9.34246,40.84928],[9.34448,40.84968],[9.34975,40.84973],[9.35045,40.84944],[9.35088,40.84971],[9.35379,40.84998],[9.35413,40.85012],[9.35407,40.85056],[9.35451,40.85129],[9.35595,40.85231],[9.35577,40.85242],[9.35638,40.85339],[9.35895,40.85401],[9.35909,40.85439],[9.35877,40.85489],[9.35904,40.85524],[9.36056,40.85545],[9.36201,40.85628],[9.36074,40.857],[9.36001,40.85704],[9.35945,40.8575],[9.35973,40.85809],[9.36062,40.85847],[9.36175,40.85975],[9.36305,40.86013],[9.37262,40.85741],[9.40567,40.84898],[9.42322,40.84242],[9.4278,40.83991],[9.43022,40.83793],[9.43123,40.83591],[9.42768,40.82621],[9.4202,40.8171],[9.42141,40.80606],[9.42207,40.80523],[9.41957,40.79899],[9.41902,40.79683],[9.41661,40.79255],[9.41602,40.78929],[9.41575,40.78505],[9.41406,40.77814],[9.41238,40.77476],[9.41126,40.77313],[9.4091,40.76838],[9.40772,40.76235],[9.40782,40.76094],[9.40743,40.75982],[9.40731,40.75823],[9.40691,40.75765],[9.40563,40.75244],[9.40267,40.74899],[9.39968,40.74369],[9.39726,40.74398],[9.39258,40.74307],[9.39173,40.74358],[9.39136,40.74455],[9.39051,40.74526],[9.38956,40.7455],[9.38847,40.74476],[9.38816,40.7438],[9.38771,40.74347],[9.38673,40.74333],[9.38591,40.74385],[9.38598,40.7446],[9.38544,40.74541],[9.38384,40.74649],[9.38306,40.74644],[9.38261,40.74538],[9.38419,40.74414],[9.3839,40.74314],[9.38363,40.743],[9.38179,40.74335],[9.37604,40.74126],[9.37407,40.74259],[9.37243,40.73966],[9.37172,40.73917],[9.37088,40.73967],[9.37061,40.74129],[9.36444,40.7412],[9.36379,40.74162],[9.36355,40.74286],[9.36261,40.74318],[9.36033,40.7419],[9.35814,40.7418],[9.35765,40.74071],[9.3566,40.73959],[9.35405,40.74003],[9.35312,40.7398],[9.35255,40.73926],[9.35121,40.73864],[9.34942,40.73686],[9.34756,40.73664],[9.3456,40.73681],[9.34517,40.7359],[9.34423,40.73494],[9.3431,40.73478],[9.34095,40.73537],[9.338,40.73521],[9.33713,40.73549],[9.33687,40.73732],[9.33701,40.73861],[9.33651,40.73898],[9.33547,40.73911],[9.33436,40.73837],[9.3323,40.73799],[9.33117,40.73689],[9.33119,40.73584],[9.33079,40.73527],[9.32796,40.73475],[9.3269,40.73419],[9.32474,40.73357],[9.32421,40.73365],[9.32394,40.73527],[9.32294,40.73559],[9.31894,40.73429],[9.31787,40.73447],[9.31652,40.73519],[9.31302,40.73409],[9.31181,40.73408],[9.31165,40.73435],[9.3125,40.73597],[9.31242,40.73655],[9.31193,40.73683],[9.3103,40.73699],[9.30657,40.7385],[9.30186,40.73635],[9.30075,40.73608],[9.30005,40.73629],[9.29963,40.73707],[9.29885,40.73751],[9.29817,40.73831],[9.29693,40.73789],[9.29217,40.73709],[9.28942,40.73728],[9.28906,40.73778],[9.28954,40.73923],[9.28816,40.74005],[9.28625,40.7395],[9.28432,40.73997],[9.28058,40.74021],[9.27932,40.74077],[9.27755,40.73934],[9.27712,40.73945],[9.27678,40.74007],[9.27639,40.74011],[9.27437,40.73885],[9.26879,40.73209],[9.24895,40.71368],[9.24432,40.71109],[9.24381,40.7121],[9.24269,40.71281],[9.24257,40.71405],[9.24189,40.71515],[9.24127,40.71488],[9.24064,40.71389],[9.23539,40.70929],[9.2338,40.70425],[9.23253,40.69899],[9.23147,40.69616],[9.23093,40.6937],[9.22542,40.68802],[9.2001,40.6789],[9.18198,40.66648],[9.17549,40.66178],[9.1763,40.65478],[9.1773,40.64901],[9.18049,40.64314],[9.18184,40.6362],[9.19315,40.62774],[9.19477,40.62639],[9.19512,40.62571],[9.19383,40.61617],[9.19391,40.61469],[9.19358,40.61389],[9.19374,40.61329],[9.18959,40.6049],[9.1888,40.60283],[9.18901,40.60244],[9.1888,40.60217],[9.18963,40.59898],[9.19026,40.59346],[9.19629,40.58903],[9.19009,40.58002],[9.1899,40.57929],[9.18869,40.57753],[9.1895,40.57605],[9.18908,40.57519],[9.19018,40.57495],[9.1905,40.57411],[9.19237,40.57255],[9.19101,40.57223],[9.19039,40.57113],[9.1904,40.56989],[9.19067,40.56964],[9.19053,40.56936],[9.19201,40.56848],[9.19124,40.56792],[9.1908,40.56724],[9.18931,40.56658],[9.18997,40.56607],[9.1912,40.56436],[9.19111,40.56386],[9.19026,40.56288],[9.19085,40.56081],[9.19029,40.5607],[9.18912,40.55968],[9.1883,40.55944],[9.18745,40.55877],[9.18665,40.55683],[9.18706,40.55629],[9.18683,40.55558],[9.18709,40.55392],[9.18754,40.55276],[9.18841,40.55165],[9.18844,40.55071],[9.18956,40.54987],[9.18976,40.54878],[9.18653,40.54822],[9.18611,40.54723],[9.18456,40.54572],[9.18506,40.54503],[9.18602,40.54465],[9.18608,40.54408],[9.18523,40.54325],[9.18544,40.54242],[9.18657,40.54125],[9.18669,40.53831],[9.18753,40.53753],[9.18864,40.53708],[9.18954,40.53703],[9.19017,40.53651],[9.1887,40.53631],[9.18838,40.53596],[9.18788,40.53394],[9.188,40.53332],[9.18734,40.53256],[9.18778,40.53178],[9.18774,40.53125],[9.18896,40.5306],[9.18897,40.53024],[9.18971,40.52933],[9.1882,40.52839],[9.18951,40.52688],[9.19102,40.52413],[9.18811,40.52209],[9.1822,40.51969],[9.17783,40.51803],[9.17292,40.51728],[9.17077,40.5166],[9.16744,40.51481],[9.1596,40.51179],[9.15845,40.51107],[9.1574,40.51168],[9.15608,40.51436],[9.155,40.51515],[9.15216,40.51426],[9.15151,40.51644],[9.15182,40.5168],[9.15178,40.51763],[9.15118,40.51813],[9.15169,40.51913],[9.15165,40.52094],[9.1523,40.52191],[9.1523,40.52268],[9.15158,40.5231],[9.1523,40.52471],[9.15237,40.52541],[9.15098,40.52571],[9.15145,40.52615],[9.15247,40.5262],[9.15388,40.53155],[9.15492,40.5338],[9.155,40.53447],[9.15465,40.53513],[9.15082,40.53444],[9.14379,40.5323],[9.14019,40.52917],[9.14002,40.5285],[9.13808,40.52675],[9.1365,40.52571],[9.13538,40.52565],[9.12749,40.52696],[9.11875,40.52785],[9.1138,40.52894],[9.11286,40.52872],[9.10535,40.52944],[9.09767,40.53081],[9.0967,40.53134],[9.09391,40.53185],[9.0917,40.5319],[9.09036,40.53235],[9.08973,40.53237],[9.08465,40.53018],[9.08181,40.53057],[9.08024,40.52963],[9.07387,40.52905],[9.07176,40.53006],[9.07234,40.53043],[9.074,40.53076],[9.07299,40.53312],[9.07234,40.53307],[9.07087,40.53153],[9.06965,40.53146],[9.06805,40.53209],[9.06698,40.53301],[9.06585,40.5356],[9.06398,40.5356],[9.05366,40.53764],[9.05271,40.53731],[9.04876,40.53449],[9.04523,40.53161],[9.04054,40.52956],[9.03886,40.52846],[9.03883,40.52797],[9.03681,40.52636],[9.03613,40.52615],[9.03558,40.52634],[9.0319,40.52367],[9.03184,40.52311],[9.03111,40.52332],[9.02921,40.52108],[9.02749,40.52098],[9.02645,40.51804],[9.02296,40.51545],[9.02299,40.51365],[9.02173,40.51213],[9.02124,40.51077],[9.02047,40.51031],[9.02066,40.50928],[9.02035,40.50902],[9.01925,40.50897],[9.01897,40.5082],[9.01821,40.50773],[9.01848,40.50657],[9.01824,40.50636],[9.01726,40.50647],[9.01487,40.50502],[9.01407,40.50512],[9.01337,40.50556],[9.01223,40.50556],[9.01064,40.5032],[9.01027,40.50222],[9.00868,40.50156],[9.00819,40.50182],[9.00657,40.50044],[9.0059,40.50044],[9.00608,40.49991],[9.00577,40.49909],[9.00285,40.49843],[9.00261,40.49769],[9.00071,40.49633],[9.00058,40.49588],[9.00085,40.49452],[9.00013,40.49473],[8.99849,40.49458],[8.99534,40.49328],[8.99431,40.49408],[8.99217,40.49405],[8.99151,40.49357],[8.99138,40.49301],[8.99074,40.49311],[8.98995,40.49258],[8.98935,40.49155],[8.98918,40.49014],[8.9879,40.48906],[8.98637,40.48875],[8.98605,40.48892],[8.98323,40.48786],[8.98259,40.48829],[8.98005,40.48787],[8.9784,40.48713],[8.97706,40.48783],[8.97772,40.49047],[8.97761,40.49075],[8.97703,40.49096],[8.97527,40.4904],[8.97382,40.48932],[8.97199,40.48882],[8.97118,40.4891],[8.96873,40.48894],[8.96727,40.48963],[8.96452,40.48935],[8.96441,40.48901],[8.96366,40.48927],[8.9617,40.48929],[8.95959,40.48848],[8.9565,40.48857],[8.95247,40.49058],[8.95166,40.49069],[8.94944,40.49052],[8.94595,40.48875],[8.94542,40.48898],[8.94159,40.48887],[8.93846,40.48785],[8.93683,40.48714],[8.93593,40.48643],[8.92807,40.48604],[8.92729,40.4863],[8.92314,40.48571],[8.92063,40.48497],[8.91623,40.48457],[8.9156,40.485],[8.91397,40.48492],[8.91252,40.48546],[8.91213,40.48642],[8.911,40.48795],[8.90906,40.48805],[8.90659,40.48893],[8.90381,40.48906],[8.90257,40.49101],[8.90061,40.49178],[8.90031,40.49243],[8.9162,40.49231],[8.91732,40.49728],[8.91801,40.49899],[8.92888,40.53982],[8.9295,40.54364],[8.93252,40.54435],[8.93451,40.54594],[8.93589,40.54773],[8.9363,40.5488],[8.93447,40.54901],[8.93611,40.54957],[8.93847,40.55107],[8.94132,40.55145],[8.9415,40.55171],[8.94104,40.55157],[8.94075,40.55188],[8.94112,40.55227],[8.94101,40.55252],[8.94074,40.55235],[8.9398,40.55283],[8.93913,40.55216],[8.93871,40.55225],[8.93608,40.55042],[8.93198,40.54899],[8.9324,40.54891],[8.93212,40.54853],[8.93052,40.54828],[8.92899,40.54749],[8.92489,40.54665],[8.92346,40.54577],[8.91703,40.54616],[8.91519,40.54596],[8.9122,40.54637],[8.91326,40.5486],[8.9136,40.549],[8.91407,40.54909],[8.91569,40.55075],[8.91597,40.5515],[8.91561,40.55224],[8.91592,40.55284],[8.91614,40.55454],[8.91609,40.55678],[8.91575,40.55734],[8.9156,40.55892],[8.91616,40.55966],[8.91486,40.56109],[8.91571,40.5611],[8.91726,40.56264],[8.9171,40.56281],[8.91469,40.56241],[8.91348,40.56301],[8.90996,40.56331],[8.90772,40.56189],[8.90611,40.56191],[8.90251,40.56503],[8.90091,40.56435],[8.8974,40.56381],[8.89207,40.56414],[8.88796,40.56466],[8.88511,40.56705],[8.88302,40.56959],[8.88351,40.57105],[8.88739,40.57395],[8.88816,40.57654],[8.88347,40.58011],[8.88151,40.58288],[8.88631,40.58663],[8.89185,40.59044],[8.89251,40.5911],[8.89262,40.59265],[8.8937,40.5942],[8.89701,40.59432],[8.90199,40.59808],[8.90238,40.59875],[8.90359,40.5998],[8.9032,40.60057],[8.90355,40.60107],[8.90409,40.60333],[8.90368,40.60503],[8.90397,40.60696],[8.9031,40.60873],[8.90139,40.61059],[8.90109,40.61124],[8.90087,40.61178],[8.90096,40.61432],[8.88973,40.61804],[8.89008,40.61835],[8.8983,40.61859],[8.89679,40.62011],[8.89132,40.62105],[8.88611,40.6211],[8.88461,40.62185],[8.88038,40.62236],[8.87749,40.62342],[8.87222,40.62643],[8.86827,40.62739],[8.86441,40.62991],[8.85546,40.6326],[8.852,40.63264],[8.84819,40.63155],[8.84638,40.63545],[8.84578,40.63617],[8.84606,40.63677],[8.84583,40.63723],[8.8447,40.63847],[8.84324,40.63871],[8.84149,40.64112],[8.83981,40.64197],[8.83891,40.64389],[8.83774,40.6445],[8.83752,40.64485],[8.83763,40.64522],[8.8423,40.64671],[8.84103,40.64814],[8.83965,40.64883],[8.83823,40.64916],[8.83824,40.64942],[8.83831,40.64964],[8.84037,40.64971],[8.84466,40.64955],[8.84499,40.64979],[8.8452,40.65058],[8.84302,40.65164],[8.84594,40.65521],[8.84528,40.65541],[8.84662,40.6579],[8.84849,40.65938],[8.84953,40.66121],[8.85081,40.6601],[8.85278,40.65989],[8.85393,40.66024],[8.8552,40.66012],[8.85581,40.66038],[8.85557,40.66246],[8.85638,40.66375],[8.85637,40.66444],[8.85748,40.66526],[8.85749,40.6657],[8.85604,40.66649],[8.85634,40.66688],[8.85654,40.6687],[8.85702,40.66933],[8.85847,40.67015],[8.85873,40.67062],[8.85864,40.67178],[8.85981,40.67279],[8.86001,40.67334],[8.85996,40.67413],[8.85902,40.67489],[8.85926,40.67558],[8.85731,40.67798],[8.85659,40.67955],[8.85655,40.68035],[8.85697,40.68175],[8.85683,40.68243],[8.85607,40.68301],[8.85643,40.6846],[8.85598,40.68579],[8.85649,40.68665],[8.85647,40.68765],[8.8561,40.68873],[8.85552,40.68843],[8.85547,40.6896],[8.85487,40.69055],[8.855,40.69271],[8.85461,40.69362],[8.85466,40.69447],[8.85361,40.69533],[8.85254,40.6968],[8.85268,40.69782],[8.85211,40.69869],[8.8523,40.69926],[8.85173,40.70207],[8.8531,40.70194],[8.85623,40.70093],[8.85645,40.70007],[8.85777,40.69934],[8.86142,40.70018],[8.86277,40.70059],[8.8648,40.70309],[8.86486,40.7035],[8.86568,40.70358],[8.86691,40.70492],[8.86768,40.70541],[8.87167,40.70576],[8.87375,40.70546],[8.87698,40.70561],[8.88193,40.70732],[8.88251,40.70767],[8.88364,40.70971],[8.88421,40.71159],[8.88462,40.7118],[8.88623,40.71145],[8.889,40.71289],[8.88942,40.71394],[8.8932,40.71327],[8.89349,40.71302],[8.89438,40.71332],[8.89662,40.71481],[8.8971,40.7149],[8.89849,40.71435],[8.90012,40.71506],[8.90164,40.7148],[8.90873,40.71692],[8.91015,40.71772],[8.91134,40.71775],[8.91344,40.71888],[8.91663,40.71999],[8.9178,40.72081],[8.91797,40.7216],[8.91912,40.72303],[8.922,40.72374],[8.92258,40.72456],[8.92319,40.72466],[8.92392,40.72536],[8.92635,40.72451],[8.92714,40.72475],[8.92863,40.72601],[8.93097,40.72686],[8.93427,40.72905],[8.93575,40.72917],[8.93671,40.72986],[8.93825,40.73204],[8.93921,40.73265],[8.94001,40.73399],[8.94096,40.73476],[8.94128,40.73626],[8.94245,40.73804],[8.94229,40.73957],[8.9425,40.7401],[8.94394,40.74083],[8.94505,40.7405]]]}},{"type":"Feature","properties":{"nome":"Nuorese","limiti_indicativi":true,"fonte":"GeoNue/Nordai — Esercitazione 3, regioni_storiciche"},"geometry":{"type":"Polygon","coordinates":[[[9.2,40.39819],[9.20452,40.40336],[9.20718,40.40477],[9.2085,40.40375],[9.20929,40.40509],[9.21104,40.40617],[9.21563,40.40837],[9.22195,40.41072],[9.22377,40.41099],[9.22609,40.41045],[9.2247,40.4199],[9.22481,40.42128],[9.22642,40.42543],[9.22635,40.42648],[9.22805,40.42911],[9.23068,40.43116],[9.23153,40.43309],[9.23292,40.43465],[9.23662,40.44047],[9.23879,40.44609],[9.23975,40.44738],[9.2407,40.44846],[9.24195,40.44898],[9.24351,40.45038],[9.2445,40.45177],[9.249,40.45655],[9.25203,40.45887],[9.24963,40.45883],[9.24907,40.45917],[9.24852,40.46045],[9.24771,40.46108],[9.24739,40.46193],[9.25034,40.46316],[9.2503,40.46388],[9.25071,40.46435],[9.25093,40.46519],[9.25147,40.46533],[9.25142,40.46625],[9.25229,40.46666],[9.25342,40.46669],[9.25451,40.46782],[9.25755,40.4671],[9.25931,40.46717],[9.26044,40.46792],[9.2611,40.46802],[9.26233,40.46749],[9.26371,40.46738],[9.26392,40.46765],[9.26377,40.46785],[9.26487,40.46839],[9.26697,40.46857],[9.26947,40.47017],[9.27057,40.46982],[9.27112,40.46925],[9.27253,40.46899],[9.27698,40.47004],[9.2777,40.4719],[9.27762,40.47296],[9.27715,40.4736],[9.27751,40.4746],[9.2781,40.47525],[9.27977,40.47609],[9.28074,40.47615],[9.28174,40.47673],[9.28405,40.47653],[9.28462,40.47741],[9.28391,40.47811],[9.28302,40.47852],[9.28363,40.47948],[9.28391,40.48169],[9.28494,40.48177],[9.28496,40.48322],[9.28433,40.48391],[9.28435,40.48435],[9.28402,40.48476],[9.2826,40.48524],[9.28299,40.48759],[9.28253,40.49112],[9.27862,40.49638],[9.27878,40.49749],[9.27858,40.49782],[9.27719,40.49866],[9.27782,40.49991],[9.27718,40.50205],[9.27764,40.50309],[9.27762,40.50373],[9.27628,40.50514],[9.2768,40.50756],[9.27736,40.50878],[9.27761,40.51054],[9.27564,40.5107],[9.2738,40.51131],[9.27304,40.51083],[9.27208,40.51068],[9.26932,40.51102],[9.26702,40.51101],[9.26608,40.5114],[9.2649,40.51124],[9.26404,40.51166],[9.26237,40.51187],[9.26013,40.51171],[9.25876,40.51195],[9.258,40.51177],[9.25577,40.51243],[9.25355,40.51168],[9.25234,40.51054],[9.25249,40.50889],[9.25313,40.50862],[9.25193,40.50704],[9.25037,40.50636],[9.249,40.50672],[9.2485,40.506],[9.24757,40.50544],[9.24679,40.50427],[9.24424,40.50348],[9.24226,40.50425],[9.23903,40.50411],[9.23809,40.50449],[9.23668,40.50464],[9.23397,40.50463],[9.23365,40.50454],[9.23167,40.50232],[9.22744,40.50137],[9.20993,40.50591],[9.19678,40.50486],[9.19205,40.50707],[9.19058,40.5075],[9.19011,40.50815],[9.18922,40.50857],[9.18703,40.50879],[9.18429,40.50812],[9.18267,40.50824],[9.18253,40.50964],[9.18211,40.51071],[9.18238,40.51171],[9.18526,40.51326],[9.18654,40.51522],[9.19036,40.51533],[9.18955,40.51767],[9.18947,40.51892],[9.19141,40.52173],[9.19157,40.52253],[9.19126,40.52368],[9.18993,40.52622],[9.1882,40.52839],[9.18971,40.52933],[9.18897,40.53024],[9.18896,40.5306],[9.18774,40.53125],[9.18778,40.53178],[9.18734,40.53256],[9.188,40.53332],[9.18788,40.53394],[9.18838,40.53596],[9.1887,40.53631],[9.19017,40.53651],[9.18954,40.53703],[9.18864,40.53708],[9.18753,40.53753],[9.18669,40.53831],[9.18657,40.54125],[9.18544,40.54242],[9.18523,40.54325],[9.18608,40.54408],[9.18602,40.54465],[9.18506,40.54503],[9.18456,40.54572],[9.18611,40.54723],[9.18653,40.54822],[9.18976,40.54878],[9.18956,40.54987],[9.18844,40.55071],[9.18841,40.55165],[9.18754,40.55276],[9.18709,40.55392],[9.18683,40.55558],[9.18706,40.55629],[9.18665,40.55683],[9.18745,40.55877],[9.1883,40.55944],[9.18912,40.55968],[9.19029,40.5607],[9.19085,40.56081],[9.19026,40.56288],[9.19111,40.56386],[9.1912,40.56436],[9.18997,40.56607],[9.18931,40.56658],[9.1908,40.56724],[9.19124,40.56792],[9.19201,40.56848],[9.19053,40.56936],[9.19067,40.56964],[9.1904,40.56989],[9.19039,40.57113],[9.19101,40.57223],[9.19237,40.57255],[9.1905,40.57411],[9.19018,40.57495],[9.18908,40.57519],[9.1895,40.57605],[9.18869,40.57753],[9.1899,40.57929],[9.19009,40.58002],[9.19629,40.58903],[9.19026,40.59346],[9.18963,40.59898],[9.1888,40.60217],[9.18901,40.60244],[9.1888,40.60283],[9.18959,40.6049],[9.19374,40.61329],[9.19358,40.61389],[9.19391,40.61469],[9.19383,40.61617],[9.19512,40.62571],[9.19477,40.62639],[9.19315,40.62774],[9.18184,40.6362],[9.18049,40.64314],[9.1773,40.64901],[9.1763,40.65478],[9.17549,40.66178],[9.18198,40.66648],[9.2001,40.6789],[9.22542,40.68802],[9.23093,40.6937],[9.23147,40.69616],[9.23253,40.69899],[9.2338,40.70425],[9.23539,40.70929],[9.24064,40.71389],[9.24127,40.71488],[9.24189,40.71515],[9.24257,40.71405],[9.24269,40.71281],[9.24381,40.7121],[9.24432,40.71109],[9.24895,40.71368],[9.26879,40.73209],[9.27437,40.73885],[9.27653,40.74015],[9.27712,40.73945],[9.27755,40.73934],[9.27932,40.74077],[9.28058,40.74021],[9.28432,40.73997],[9.28625,40.7395],[9.28816,40.74005],[9.28954,40.73923],[9.28906,40.73778],[9.28942,40.73728],[9.29217,40.73709],[9.29693,40.73789],[9.29817,40.73831],[9.29885,40.73751],[9.29963,40.73707],[9.30005,40.73629],[9.30075,40.73608],[9.30186,40.73635],[9.30657,40.7385],[9.3103,40.73699],[9.31193,40.73683],[9.31242,40.73655],[9.3125,40.73597],[9.31165,40.73435],[9.31181,40.73408],[9.31302,40.73409],[9.31652,40.73519],[9.31787,40.73447],[9.31894,40.73429],[9.32294,40.73559],[9.32394,40.73527],[9.32421,40.73365],[9.32474,40.73357],[9.3269,40.73419],[9.32796,40.73475],[9.33079,40.73527],[9.33119,40.73584],[9.33117,40.73689],[9.3323,40.73799],[9.33436,40.73837],[9.33547,40.73911],[9.33651,40.73898],[9.33701,40.73861],[9.33687,40.73732],[9.33713,40.73549],[9.338,40.73521],[9.34095,40.73537],[9.3431,40.73478],[9.34423,40.73494],[9.34517,40.7359],[9.3456,40.73681],[9.34756,40.73664],[9.34942,40.73686],[9.35121,40.73864],[9.35255,40.73926],[9.35312,40.7398],[9.35405,40.74003],[9.3566,40.73959],[9.35765,40.74071],[9.35814,40.7418],[9.36033,40.7419],[9.36261,40.74318],[9.36355,40.74286],[9.36379,40.74162],[9.36444,40.7412],[9.37061,40.74129],[9.37088,40.73967],[9.37172,40.73917],[9.37243,40.73966],[9.37407,40.74259],[9.37604,40.74126],[9.38179,40.74335],[9.38363,40.743],[9.3839,40.74314],[9.38419,40.74414],[9.38261,40.74538],[9.38306,40.74644],[9.38384,40.74649],[9.38544,40.74541],[9.38598,40.7446],[9.38591,40.74385],[9.38673,40.74333],[9.38771,40.74347],[9.38816,40.7438],[9.38847,40.74476],[9.38956,40.7455],[9.39051,40.74526],[9.39136,40.74455],[9.39173,40.74358],[9.39258,40.74307],[9.39726,40.74398],[9.39968,40.74369],[9.4,40.74336],[9.39879,40.74181],[9.39852,40.74079],[9.39866,40.73972],[9.39959,40.73795],[9.40146,40.73771],[9.40355,40.73839],[9.4053,40.73861],[9.4068,40.73697],[9.40844,40.73591],[9.41066,40.73556],[9.41163,40.73641],[9.41193,40.73696],[9.41184,40.73769],[9.4122,40.73811],[9.41314,40.73809],[9.41494,40.73708],[9.41668,40.73709],[9.41932,40.73755],[9.41989,40.73566],[9.41969,40.73458],[9.42011,40.73446],[9.4219,40.73492],[9.4219,40.7344],[9.42253,40.73331],[9.42256,40.73192],[9.42317,40.73159],[9.42694,40.7329],[9.42812,40.73304],[9.42814,40.7333],[9.42943,40.73394],[9.4308,40.73544],[9.43183,40.73603],[9.43281,40.73634],[9.43397,40.73635],[9.43502,40.73686],[9.43615,40.73694],[9.4378,40.73749],[9.44504,40.73745],[9.4468,40.73787],[9.44886,40.73636],[9.44982,40.73712],[9.45033,40.73724],[9.45214,40.73726],[9.45467,40.73684],[9.45701,40.73834],[9.45813,40.74044],[9.45954,40.74136],[9.46046,40.7426],[9.46201,40.74358],[9.46311,40.74475],[9.46443,40.74531],[9.46566,40.74664],[9.47055,40.74923],[9.47387,40.75037],[9.47471,40.75013],[9.47664,40.75017],[9.47935,40.75081],[9.48032,40.75258],[9.4786,40.75318],[9.47492,40.75354],[9.47429,40.7545],[9.47378,40.75641],[9.47758,40.7601],[9.47873,40.76204],[9.47951,40.76257],[9.48001,40.76351],[9.48175,40.76411],[9.48225,40.76528],[9.48281,40.76574],[9.48211,40.76672],[9.48001,40.76772],[9.47977,40.76896],[9.47835,40.76981],[9.47784,40.77053],[9.47795,40.77096],[9.47879,40.77136],[9.47996,40.77362],[9.48222,40.77676],[9.48634,40.78055],[9.48649,40.78174],[9.48811,40.78371],[9.49393,40.78825],[9.49553,40.78902],[9.49909,40.79639],[9.49989,40.79723],[9.50084,40.79898],[9.502,40.80329],[9.52009,40.78712],[9.52242,40.78988],[9.52452,40.79069],[9.53043,40.79226],[9.57603,40.79313],[9.58238,40.78672],[9.58461,40.78563],[9.58338,40.76876],[9.58218,40.76656],[9.58089,40.7513],[9.57983,40.74899],[9.57997,40.74651],[9.57954,40.73973],[9.57765,40.73007],[9.58027,40.71722],[9.58306,40.70598],[9.57296,40.69596],[9.5627,40.67918],[9.55208,40.67143],[9.53658,40.66273],[9.52599,40.65945],[9.51265,40.64871],[9.51409,40.64754],[9.51698,40.64632],[9.51795,40.64526],[9.51879,40.64359],[9.51836,40.64328],[9.51834,40.64048],[9.51858,40.63979],[9.51995,40.63958],[9.5234,40.64103],[9.52547,40.64058],[9.52666,40.63996],[9.52703,40.63899],[9.5269,40.63828],[9.52448,40.63633],[9.52449,40.63546],[9.52418,40.63513],[9.52285,40.63499],[9.52052,40.63529],[9.51962,40.63474],[9.51997,40.63401],[9.52076,40.6333],[9.52473,40.63141],[9.52513,40.63147],[9.52697,40.6332],[9.52799,40.63341],[9.52935,40.63208],[9.52726,40.62885],[9.5278,40.62803],[9.52883,40.62796],[9.52906,40.62759],[9.52856,40.62689],[9.52693,40.62623],[9.52569,40.62486],[9.52399,40.6244],[9.52252,40.62434],[9.51958,40.62579],[9.5179,40.62584],[9.51677,40.62457],[9.51658,40.62334],[9.51771,40.6222],[9.52058,40.62071],[9.52066,40.62029],[9.51948,40.61961],[9.51692,40.61981],[9.51315,40.61844],[9.51321,40.61753],[9.51393,40.61697],[9.51526,40.61692],[9.51682,40.61745],[9.51776,40.6172],[9.51821,40.61678],[9.51873,40.61584],[9.51875,40.61415],[9.51782,40.6121],[9.51904,40.61042],[9.52094,40.60977],[9.5222,40.6082],[9.52177,40.60749],[9.52098,40.60688],[9.51833,40.606],[9.51743,40.60544],[9.51733,40.6048],[9.51913,40.60353],[9.51913,40.60309],[9.51516,40.60208],[9.51454,40.60252],[9.5144,40.60357],[9.51358,40.60473],[9.51226,40.60507],[9.51126,40.60499],[9.51045,40.60429],[9.50792,40.6032],[9.50572,40.60381],[9.50447,40.60376],[9.50438,40.60285],[9.50561,40.59999],[9.50663,40.59937],[9.50627,40.59842],[9.50551,40.5976],[9.50371,40.59784],[9.50142,40.59734],[9.50005,40.59608],[9.5006,40.59461],[9.50049,40.59294],[9.49945,40.59132],[9.49792,40.59026],[9.49818,40.58982],[9.50047,40.58875],[9.50039,40.58806],[9.49997,40.58742],[9.4967,40.58606],[9.49671,40.58569],[9.49806,40.58375],[9.49839,40.58276],[9.49826,40.58149],[9.49964,40.58053],[9.50151,40.58058],[9.50465,40.58111],[9.50555,40.58093],[9.50609,40.58037],[9.50564,40.57973],[9.50296,40.57762],[9.5015,40.57742],[9.50115,40.57709],[9.50087,40.57569],[9.50182,40.5749],[9.50179,40.57449],[9.50136,40.57404],[9.49893,40.57216],[9.49824,40.57196],[9.49686,40.57219],[9.49654,40.57184],[9.49671,40.57099],[9.49743,40.57004],[9.49916,40.56933],[9.50091,40.56993],[9.50161,40.56988],[9.50258,40.56893],[9.50272,40.56799],[9.50097,40.56761],[9.49929,40.56806],[9.49788,40.56797],[9.49754,40.56763],[9.49736,40.56681],[9.49567,40.56477],[9.49332,40.56391],[9.49284,40.56202],[9.49327,40.56182],[9.49541,40.56236],[9.49837,40.56349],[9.49949,40.56278],[9.50001,40.56156],[9.50222,40.56098],[9.50318,40.55962],[9.50391,40.559],[9.50502,40.55861],[9.50522,40.55559],[9.50431,40.5544],[9.50219,40.55567],[9.50037,40.55594],[9.49999,40.55529],[9.50055,40.55394],[9.50237,40.55096],[9.50268,40.5506],[9.50364,40.55058],[9.50397,40.55034],[9.50184,40.54898],[9.50197,40.54826],[9.50255,40.54823],[9.50301,40.54899],[9.50371,40.54924],[9.50453,40.54881],[9.50546,40.5488],[9.50568,40.54802],[9.50604,40.54774],[9.50759,40.54768],[9.50622,40.54718],[9.50639,40.54618],[9.50588,40.54555],[9.50498,40.5458],[9.50468,40.54658],[9.50307,40.54559],[9.50492,40.544],[9.50512,40.54319],[9.50586,40.5433],[9.50621,40.54301],[9.506,40.54228],[9.50619,40.54203],[9.50741,40.54259],[9.50874,40.54263],[9.50971,40.54231],[9.51077,40.54148],[9.51099,40.5416],[9.51148,40.54371],[9.51365,40.543],[9.51344,40.54256],[9.51359,40.54184],[9.51447,40.5418],[9.51611,40.54268],[9.5164,40.54267],[9.51694,40.54186],[9.51732,40.54175],[9.51895,40.54301],[9.51896,40.54322],[9.51809,40.54347],[9.51791,40.5438],[9.51809,40.54426],[9.51861,40.54453],[9.52079,40.54395],[9.52099,40.54495],[9.52143,40.54516],[9.52238,40.5447],[9.52378,40.54447],[9.52401,40.54426],[9.52242,40.54379],[9.52199,40.54325],[9.52267,40.54294],[9.52421,40.54304],[9.52531,40.5419],[9.52347,40.5411],[9.52356,40.54057],[9.52481,40.53984],[9.5234,40.53915],[9.5232,40.53855],[9.52364,40.53833],[9.52457,40.53876],[9.52512,40.53866],[9.5239,40.53547],[9.52409,40.53513],[9.52575,40.53557],[9.5261,40.53435],[9.52647,40.53413],[9.52787,40.53427],[9.53034,40.5328],[9.53103,40.53278],[9.53206,40.53367],[9.53284,40.53391],[9.53385,40.53304],[9.53324,40.53167],[9.53395,40.53125],[9.53475,40.53153],[9.53534,40.53247],[9.53781,40.53143],[9.54138,40.53173],[9.54199,40.5314],[9.54226,40.52995],[9.54266,40.52956],[9.5446,40.52902],[9.55,40.52489],[9.55176,40.52391],[9.55921,40.52173],[9.5672,40.5187],[9.57709,40.51552],[9.57967,40.51717],[9.58379,40.51506],[9.58509,40.51464],[9.58653,40.5135],[9.58807,40.51142],[9.58987,40.51108],[9.59312,40.50996],[9.59864,40.50399],[9.60413,40.49961],[9.60105,40.49694],[9.59463,40.49059],[9.59158,40.48822],[9.58433,40.47779],[9.58238,40.47455],[9.58161,40.47397],[9.57983,40.47164],[9.57615,40.4688],[9.57438,40.46641],[9.56898,40.46294],[9.5673,40.46117],[9.56671,40.45951],[9.56539,40.45861],[9.56481,40.45754],[9.56261,40.45567],[9.56173,40.45435],[9.55976,40.45349],[9.55723,40.45181],[9.55421,40.44795],[9.55312,40.44737],[9.55127,40.44522],[9.54838,40.44394],[9.54805,40.44358],[9.54828,40.44343],[9.54543,40.44085],[9.54325,40.44021],[9.54031,40.43778],[9.53268,40.43241],[9.53049,40.43047],[9.52897,40.42832],[9.52858,40.42695],[9.52847,40.42479],[9.52724,40.42472],[9.52785,40.42385],[9.52934,40.42262],[9.53146,40.42131],[9.52885,40.42017],[9.52772,40.42003],[9.5269,40.41788],[9.52695,40.41737],[9.52413,40.41306],[9.52356,40.41256],[9.52355,40.41155],[9.52303,40.4109],[9.52204,40.41047],[9.52175,40.40983],[9.52047,40.40875],[9.52045,40.40695],[9.52078,40.4063],[9.51916,40.40479],[9.51916,40.40386],[9.51812,40.40386],[9.51694,40.40315],[9.51439,40.4033],[9.51359,40.40258],[9.51189,40.4023],[9.51198,40.4018],[9.51136,40.4013],[9.5114,40.40022],[9.51252,40.39899],[9.50849,40.39899],[9.50002,40.39339],[9.49929,40.39277],[9.49898,40.39164],[9.498,40.39135],[9.4953,40.3893],[9.49141,40.3884],[9.48815,40.38881],[9.48554,40.39076],[9.48205,40.39184],[9.47984,40.39334],[9.47822,40.39363],[9.47737,40.39505],[9.47601,40.39535],[9.47419,40.39633],[9.47301,40.39661],[9.4725,40.39705],[9.47112,40.39722],[9.46917,40.40007],[9.46797,40.40125],[9.4665,40.40215],[9.46041,40.40269],[9.44688,40.40322],[9.44313,40.40308],[9.43644,40.4035],[9.4351,40.40274],[9.43004,40.40168],[9.4292,40.40065],[9.42863,40.39899],[9.42301,40.39055],[9.41779,40.39034],[9.41674,40.3875],[9.41524,40.38571],[9.41189,40.38296],[9.41172,40.3824],[9.41288,40.37711],[9.41364,40.37635],[9.41709,40.37492],[9.41897,40.37627],[9.42051,40.37791],[9.42148,40.3782],[9.42281,40.37797],[9.42426,40.37716],[9.42465,40.37678],[9.42573,40.37436],[9.43165,40.37458],[9.44496,40.37601],[9.45181,40.37596],[9.45999,40.37408],[9.46261,40.37248],[9.46372,40.37219],[9.46854,40.37218],[9.47402,40.37083],[9.47687,40.36912],[9.48195,40.36947],[9.48299,40.36929],[9.48553,40.36793],[9.49036,40.36827],[9.49247,40.36869],[9.49762,40.36868],[9.50205,40.36795],[9.50288,40.36712],[9.50202,40.36501],[9.50091,40.36402],[9.50008,40.36247],[9.49989,40.36151],[9.49822,40.3593],[9.49831,40.35884],[9.5001,40.35659],[9.49939,40.35531],[9.49944,40.35442],[9.49858,40.35086],[9.4977,40.34934],[9.49774,40.34764],[9.4984,40.34648],[9.49806,40.34603],[9.49878,40.34437],[9.49846,40.34347],[9.49887,40.3433],[9.49914,40.34213],[9.4999,40.34179],[9.50171,40.3378],[9.50035,40.33571],[9.49997,40.33405],[9.50043,40.33298],[9.50208,40.33174],[9.50195,40.33061],[9.50128,40.33026],[9.50102,40.32964],[9.50249,40.32891],[9.50401,40.32848],[9.50442,40.32874],[9.50503,40.32848],[9.5055,40.32799],[9.50576,40.3271],[9.50631,40.32669],[9.50817,40.32613],[9.50942,40.32531],[9.50957,40.32399],[9.51119,40.32227],[9.51307,40.32183],[9.51373,40.31958],[9.51351,40.31645],[9.51687,40.31371],[9.51881,40.31238],[9.51951,40.31226],[9.52028,40.31157],[9.52136,40.30965],[9.52457,40.30757],[9.52492,40.30699],[9.52506,40.30489],[9.52608,40.30295],[9.52492,40.30072],[9.52436,40.30013],[9.52416,40.29909],[9.52484,40.299],[9.52546,40.29849],[9.52581,40.29693],[9.52641,40.29589],[9.52723,40.2954],[9.52801,40.29364],[9.53084,40.29224],[9.53041,40.29173],[9.5294,40.29125],[9.52516,40.29063],[9.52463,40.28933],[9.52329,40.28867],[9.52249,40.28696],[9.52039,40.28542],[9.51874,40.28322],[9.51716,40.28278],[9.51705,40.28246],[9.51737,40.28144],[9.51662,40.28035],[9.51573,40.27977],[9.51498,40.2797],[9.51387,40.27832],[9.51154,40.27825],[9.51109,40.27804],[9.50994,40.27677],[9.50799,40.27634],[9.50418,40.2736],[9.50292,40.27088],[9.50322,40.26957],[9.50304,40.26852],[9.50284,40.26821],[9.50199,40.26785],[9.49346,40.24676],[9.49173,40.24268],[9.49011,40.23978],[9.48912,40.23362],[9.48617,40.22],[9.48431,40.21275],[9.48386,40.20984],[9.457,40.21667],[9.45234,40.21795],[9.44391,40.22076],[9.42143,40.23261],[9.41358,40.2338],[9.4085,40.23423],[9.40684,40.2347],[9.39636,40.23627],[9.39105,40.23339],[9.38665,40.23619],[9.38269,40.23824],[9.38057,40.24046],[9.37897,40.24131],[9.37844,40.24203],[9.3787,40.24378],[9.37915,40.24443],[9.37872,40.24581],[9.37877,40.24814],[9.37922,40.2495],[9.37904,40.25017],[9.37919,40.25123],[9.38056,40.25468],[9.37727,40.2556],[9.37363,40.25715],[9.37077,40.25867],[9.36958,40.25955],[9.36926,40.26026],[9.36732,40.26062],[9.36596,40.26029],[9.36499,40.26127],[9.36472,40.26198],[9.36412,40.26234],[9.36186,40.26245],[9.36154,40.26318],[9.36169,40.26358],[9.35846,40.26553],[9.35357,40.26417],[9.35115,40.26514],[9.35079,40.26647],[9.34646,40.26752],[9.34476,40.26848],[9.34306,40.27019],[9.34167,40.271],[9.34067,40.27375],[9.34034,40.27695],[9.34072,40.27859],[9.34096,40.27871],[9.34112,40.2804],[9.33926,40.28006],[9.33872,40.28027],[9.33629,40.27933],[9.33485,40.27944],[9.33302,40.27839],[9.32965,40.27852],[9.32938,40.27842],[9.32938,40.2777],[9.32824,40.27637],[9.32771,40.27641],[9.32692,40.27601],[9.32686,40.2757],[9.3261,40.27556],[9.32525,40.27495],[9.32392,40.27466],[9.32266,40.27473],[9.32162,40.27437],[9.3205,40.27357],[9.31953,40.27187],[9.31582,40.27018],[9.31441,40.26836],[9.31255,40.26748],[9.30856,40.26646],[9.3078,40.26543],[9.30624,40.26467],[9.30345,40.26246],[9.30138,40.2622],[9.30027,40.26169],[9.2999,40.26029],[9.29835,40.26034],[9.29749,40.25762],[9.29651,40.25663],[9.29439,40.25584],[9.29299,40.25417],[9.29184,40.25431],[9.29089,40.25412],[9.28913,40.25521],[9.28907,40.25626],[9.28931,40.25654],[9.2889,40.25772],[9.28684,40.25797],[9.28468,40.25695],[9.28269,40.25773],[9.28163,40.25772],[9.27986,40.25833],[9.27742,40.25846],[9.27646,40.25825],[9.27481,40.25627],[9.27394,40.25574],[9.27244,40.25534],[9.26909,40.25095],[9.26742,40.25017],[9.26618,40.24912],[9.26462,40.24882],[9.26351,40.24671],[9.26302,40.24486],[9.26244,40.24375],[9.26097,40.24247],[9.25976,40.24031],[9.25812,40.23818],[9.2571,40.23784],[9.25521,40.23773],[9.25495,40.23649],[9.25433,40.23637],[9.25425,40.23459],[9.25393,40.23426],[9.25045,40.23298],[9.24962,40.23241],[9.24704,40.23183],[9.24276,40.2302],[9.24086,40.22869],[9.24154,40.22632],[9.24137,40.22581],[9.24032,40.22578],[9.23695,40.2228],[9.23619,40.22],[9.23514,40.21759],[9.23421,40.21591],[9.23273,40.21483],[9.23158,40.2125],[9.22792,40.21539],[9.22689,40.21595],[9.22571,40.21593],[9.22387,40.21674],[9.2245,40.21864],[9.22323,40.21997],[9.22016,40.22154],[9.21794,40.22138],[9.21666,40.22092],[9.21592,40.22111],[9.21075,40.22366],[9.20867,40.22527],[9.20745,40.22555],[9.2041,40.22734],[9.20335,40.22827],[9.20184,40.22835],[9.20023,40.22897],[9.19914,40.22961],[9.19908,40.23031],[9.19854,40.23147],[9.19221,40.23385],[9.19019,40.23551],[9.18774,40.23814],[9.18715,40.23839],[9.18653,40.23839],[9.1854,40.23777],[9.18476,40.23592],[9.18298,40.23497],[9.18237,40.2342],[9.18056,40.23425],[9.17402,40.23698],[9.17194,40.23751],[9.17193,40.23637],[9.1716,40.23529],[9.1704,40.23409],[9.1657,40.23479],[9.1648,40.23582],[9.16351,40.23671],[9.16255,40.23907],[9.16207,40.23924],[9.15972,40.23817],[9.13225,40.23538],[9.13213,40.23509],[9.13164,40.23499],[9.12986,40.23513],[9.12847,40.23467],[9.12651,40.23461],[9.12555,40.23497],[9.12193,40.23502],[9.11789,40.23433],[9.10424,40.2361],[9.10339,40.23659],[9.10139,40.23711],[9.09862,40.2386],[9.09632,40.2391],[9.09101,40.2392],[9.0891,40.23991],[9.08794,40.2407],[9.08765,40.24138],[9.0863,40.24219],[9.08529,40.24206],[9.08449,40.24273],[9.08435,40.24332],[9.08475,40.24486],[9.08455,40.24618],[9.08503,40.24726],[9.08465,40.24763],[9.08468,40.24802],[9.08493,40.24859],[9.08391,40.24914],[9.08345,40.25019],[9.08189,40.2506],[9.0819,40.2527],[9.08114,40.25401],[9.08049,40.25456],[9.07772,40.25519],[9.07775,40.25605],[9.0751,40.25656],[9.07218,40.25613],[9.07183,40.25558],[9.07033,40.25462],[9.06795,40.25562],[9.06695,40.25425],[9.06379,40.25469],[9.06337,40.25503],[9.06348,40.25624],[9.06033,40.25679],[9.0597,40.25744],[9.05991,40.25829],[9.05951,40.25951],[9.05944,40.26161],[9.05971,40.26389],[9.0585,40.26415],[9.05338,40.26331],[9.05256,40.26369],[9.05198,40.26316],[9.05162,40.2632],[9.05086,40.26466],[9.04834,40.26641],[9.04613,40.26613],[9.04596,40.26646],[9.04304,40.26683],[9.04044,40.26782],[9.03915,40.26773],[9.03342,40.26945],[9.03167,40.26959],[9.02947,40.26928],[9.02895,40.26989],[9.02834,40.26994],[9.0276,40.27083],[9.02721,40.27183],[9.0275,40.27281],[9.02766,40.27311],[9.02847,40.27309],[9.02909,40.27415],[9.02861,40.27459],[9.02858,40.27668],[9.02944,40.27831],[9.03114,40.28],[9.03174,40.27983],[9.03203,40.28021],[9.03197,40.28073],[9.03039,40.28208],[9.0283,40.28265],[9.02702,40.28242],[9.02609,40.28469],[9.02628,40.28777],[9.02726,40.28879],[9.02822,40.28844],[9.02946,40.29031],[9.03047,40.2912],[9.02988,40.2915],[9.03028,40.29251],[9.03003,40.29495],[9.02824,40.29668],[9.0279,40.29728],[9.02812,40.29747],[9.0264,40.299],[9.02816,40.30065],[9.02843,40.30156],[9.03053,40.30174],[9.03232,40.30223],[9.03399,40.30332],[9.03784,40.30837],[9.03858,40.30914],[9.03987,40.30985],[9.0399,40.31072],[9.04055,40.31148],[9.04182,40.31223],[9.04243,40.31337],[9.04345,40.31365],[9.04341,40.31441],[9.04195,40.31623],[9.04177,40.31751],[9.04144,40.31769],[9.04057,40.31977],[9.03962,40.32027],[9.03986,40.32104],[9.03979,40.3238],[9.04009,40.32462],[9.04242,40.3261],[9.04349,40.32601],[9.04575,40.32662],[9.04823,40.32623],[9.05015,40.32764],[9.05059,40.32825],[9.05123,40.33019],[9.05191,40.33061],[9.05321,40.33228],[9.05564,40.33375],[9.06195,40.33691],[9.07196,40.33757],[9.07602,40.33844],[9.07748,40.33846],[9.09177,40.34454],[9.09411,40.34578],[9.09676,40.34622],[9.09854,40.34683],[9.10049,40.34804],[9.10134,40.34774],[9.10378,40.34868],[9.10449,40.34962],[9.10458,40.35048],[9.10438,40.35065],[9.1053,40.35129],[9.11429,40.35264],[9.11546,40.35565],[9.11713,40.35857],[9.13121,40.36028],[9.14055,40.36176],[9.14219,40.36276],[9.14312,40.36275],[9.14757,40.36519],[9.1493,40.36528],[9.152,40.36623],[9.16154,40.36868],[9.16614,40.37108],[9.16994,40.37257],[9.17065,40.37208],[9.17238,40.37233],[9.17477,40.37198],[9.17692,40.3727],[9.17953,40.37133],[9.18272,40.37155],[9.18399,40.37381],[9.1857,40.38321],[9.18573,40.38483],[9.18663,40.38618],[9.18732,40.38941],[9.18868,40.39036],[9.19106,40.39124],[9.19379,40.39291],[9.19618,40.39508],[9.19893,40.39588],[9.19959,40.39681],[9.2,40.39819]]]}},{"type":"Feature","properties":{"nome":"Partiolla","limiti_indicativi":true,"fonte":"GeoNue/Nordai — Esercitazione 3, regioni_storiciche"},"geometry":{"type":"Polygon","coordinates":[[[9.22195,39.46157],[9.22412,39.46323],[9.22887,39.46458],[9.23375,39.46762],[9.24063,39.46856],[9.24259,39.46695],[9.24242,39.46509],[9.24342,39.46337],[9.24244,39.46013],[9.24273,39.45781],[9.24045,39.45085],[9.24223,39.45033],[9.24293,39.44897],[9.2456,39.44739],[9.24913,39.44302],[9.24978,39.44303],[9.25115,39.44146],[9.259,39.43658],[9.26175,39.43352],[9.26497,39.43317],[9.26951,39.43086],[9.27254,39.42634],[9.27681,39.4216],[9.27965,39.41729],[9.28166,39.41324],[9.27387,39.40848],[9.27475,39.4072],[9.27511,39.40243],[9.27206,39.39828],[9.27122,39.39558],[9.27114,39.39426],[9.2721,39.39228],[9.27217,39.38872],[9.27021,39.38622],[9.26954,39.38423],[9.27047,39.3799],[9.2672,39.37727],[9.26688,39.37601],[9.26439,39.37328],[9.26302,39.37299],[9.26232,39.37125],[9.26281,39.36986],[9.25903,39.36746],[9.25853,39.36619],[9.2551,39.36359],[9.25353,39.3635],[9.24913,39.36069],[9.24483,39.35164],[9.24334,39.34896],[9.24189,39.34745],[9.23973,39.3467],[9.23623,39.34654],[9.23567,39.34609],[9.23578,39.34583],[9.23559,39.34563],[9.2338,39.34553],[9.23252,39.34608],[9.23101,39.34493],[9.23071,39.34526],[9.23046,39.34511],[9.23051,39.34398],[9.23088,39.3437],[9.23073,39.34351],[9.22982,39.34361],[9.22758,39.34463],[9.22713,39.34449],[9.22703,39.34391],[9.22506,39.3444],[9.22404,39.34438],[9.22242,39.34359],[9.22165,39.3428],[9.21404,39.34496],[9.2132,39.34555],[9.20883,39.34657],[9.2072,39.34723],[9.20639,39.34723],[9.20504,39.34655],[9.20392,39.34734],[9.19836,39.3492],[9.18913,39.35116],[9.1858,39.35124],[9.18446,39.3499],[9.18087,39.34893],[9.17657,39.34874],[9.17158,39.34796],[9.1698,39.34828],[9.16805,39.34902],[9.16757,39.34948],[9.16425,39.34967],[9.16162,39.35043],[9.15869,39.35563],[9.15956,39.35695],[9.16027,39.3575],[9.16437,39.3623],[9.16495,39.36255],[9.16581,39.36473],[9.16227,39.37051],[9.15961,39.36546],[9.15492,39.36223],[9.156,39.36134],[9.15374,39.36011],[9.14975,39.36022],[9.14786,39.35855],[9.14786,39.35628],[9.14255,39.35256],[9.14495,39.3487],[9.14501,39.3481],[9.14735,39.34576],[9.14813,39.34426],[9.14905,39.34344],[9.14961,39.34164],[9.14424,39.33834],[9.14097,39.3375],[9.13395,39.3329],[9.1243,39.33554],[9.12237,39.33574],[9.11955,39.33692],[9.11637,39.33696],[9.11641,39.33777],[9.11586,39.3395],[9.11521,39.33899],[9.11446,39.33901],[9.11392,39.33868],[9.11276,39.33963],[9.11223,39.33946],[9.11101,39.34098],[9.10967,39.34167],[9.10596,39.34449],[9.10467,39.34649],[9.10292,39.34844],[9.10307,39.34896],[9.1004,39.34787],[9.09892,39.34962],[9.09573,39.35133],[9.08962,39.35238],[9.08696,39.35188],[9.08542,39.35206],[9.08416,39.35237],[9.08217,39.35333],[9.07904,39.35299],[9.08244,39.35524],[9.08553,39.35629],[9.08368,39.35785],[9.08436,39.35895],[9.08353,39.36326],[9.08082,39.36594],[9.07954,39.3714],[9.07914,39.37214],[9.07707,39.37274],[9.07537,39.37255],[9.07055,39.37509],[9.06717,39.38022],[9.06735,39.38184],[9.06604,39.38255],[9.06381,39.38576],[9.06388,39.38662],[9.0631,39.38743],[9.06342,39.38984],[9.06188,39.3911],[9.05858,39.39719],[9.05753,39.39866],[9.05625,39.39857],[9.05616,39.40177],[9.05719,39.40202],[9.05695,39.40512],[9.05871,39.40884],[9.06374,39.41536],[9.06418,39.41728],[9.06367,39.41927],[9.06452,39.4198],[9.06436,39.42243],[9.06305,39.42549],[9.06385,39.42645],[9.06339,39.4288],[9.06423,39.4299],[9.06437,39.43233],[9.06366,39.43482],[9.06422,39.43645],[9.06298,39.43683],[9.0651,39.43785],[9.06474,39.44254],[9.06339,39.44744],[9.07003,39.44615],[9.07704,39.44922],[9.07829,39.44805],[9.08297,39.4478],[9.08375,39.44859],[9.08333,39.44979],[9.08414,39.45045],[9.08412,39.45149],[9.08449,39.45279],[9.08495,39.45206],[9.08727,39.45388],[9.08845,39.45394],[9.09861,39.45899],[9.1138,39.45953],[9.11939,39.4657],[9.12732,39.47032],[9.13775,39.46988],[9.14825,39.4659],[9.15631,39.45748],[9.16153,39.45362],[9.16415,39.45271],[9.16442,39.45206],[9.17115,39.45204],[9.17278,39.45177],[9.17397,39.45064],[9.17766,39.45048],[9.17845,39.45112],[9.18099,39.45043],[9.18407,39.44795],[9.18485,39.44625],[9.1873,39.44725],[9.18783,39.44834],[9.19052,39.45008],[9.19391,39.45092],[9.20551,39.45819],[9.20694,39.46047],[9.20952,39.46104],[9.21025,39.46228],[9.20989,39.46352],[9.2123,39.46669],[9.21407,39.46646],[9.21556,39.46553],[9.21739,39.46565],[9.2199,39.46449],[9.22036,39.46289],[9.22195,39.46157]]]}},{"type":"Feature","properties":{"nome":"Sarcidano","limiti_indicativi":true,"fonte":"GeoNue/Nordai — Esercitazione 3, regioni_storiciche"},"geometry":{"type":"Polygon","coordinates":[[[9.29966,39.69112],[9.29937,39.68807],[9.3008,39.6854],[9.30321,39.68377],[9.30372,39.68293],[9.30383,39.68171],[9.30472,39.68056],[9.30691,39.67915],[9.30857,39.67733],[9.31,39.6752],[9.31026,39.67425],[9.31509,39.67118],[9.31511,39.6703],[9.3146,39.66991],[9.31423,39.66882],[9.3146,39.66763],[9.3143,39.66556],[9.3112,39.66203],[9.31005,39.65958],[9.3076,39.65833],[9.30603,39.65683],[9.30607,39.65639],[9.30926,39.65178],[9.30851,39.6499],[9.30759,39.646],[9.30524,39.64371],[9.30197,39.64163],[9.30382,39.63787],[9.30622,39.63607],[9.30718,39.63448],[9.30726,39.62905],[9.30792,39.62817],[9.31072,39.62759],[9.31126,39.62704],[9.3112,39.6248],[9.3098,39.62215],[9.30977,39.62087],[9.31365,39.6172],[9.31108,39.61392],[9.30862,39.61223],[9.30721,39.60949],[9.30685,39.60718],[9.3057,39.60551],[9.30142,39.60404],[9.2968,39.60522],[9.29625,39.60489],[9.29684,39.60256],[9.29155,39.60437],[9.2924,39.60588],[9.29224,39.60642],[9.28483,39.60822],[9.28291,39.60958],[9.28096,39.60818],[9.27844,39.60989],[9.27511,39.60886],[9.27123,39.61282],[9.2701,39.6129],[9.26691,39.61106],[9.26538,39.6095],[9.26451,39.60783],[9.26509,39.60631],[9.26187,39.60613],[9.25742,39.60741],[9.2549,39.60648],[9.25346,39.6072],[9.25264,39.60956],[9.25139,39.61103],[9.24903,39.61088],[9.24825,39.61008],[9.24687,39.61075],[9.24651,39.61195],[9.24702,39.61264],[9.24943,39.61323],[9.24998,39.61445],[9.24906,39.6153],[9.24725,39.62207],[9.23406,39.62512],[9.2126,39.63102],[9.20672,39.63365],[9.19914,39.63903],[9.19647,39.63929],[9.19512,39.64189],[9.19402,39.64242],[9.19281,39.64342],[9.19209,39.64366],[9.19123,39.64358],[9.19084,39.64268],[9.19001,39.64217],[9.18866,39.6426],[9.18885,39.64633],[9.18807,39.6463],[9.18636,39.64478],[9.18532,39.64426],[9.18359,39.64417],[9.18263,39.64459],[9.18113,39.64466],[9.18035,39.64519],[9.17807,39.64595],[9.17711,39.64676],[9.17668,39.64776],[9.17681,39.64848],[9.17742,39.64952],[9.17742,39.64971],[9.17709,39.64969],[9.17705,39.65109],[9.17505,39.6501],[9.17482,39.65029],[9.17401,39.64951],[9.17338,39.64985],[9.17317,39.65112],[9.17285,39.65095],[9.17287,39.65163],[9.17343,39.65253],[9.1743,39.65305],[9.17427,39.65412],[9.17462,39.65407],[9.17397,39.65588],[9.17364,39.65597],[9.17428,39.65764],[9.17422,39.65842],[9.17448,39.65866],[9.17369,39.6597],[9.17299,39.6599],[9.17206,39.65963],[9.17177,39.65991],[9.17168,39.66072],[9.17199,39.66102],[9.1716,39.66269],[9.17125,39.66271],[9.17084,39.66319],[9.16885,39.66431],[9.16917,39.66488],[9.17004,39.66484],[9.17059,39.66513],[9.17075,39.66557],[9.17054,39.66631],[9.16969,39.66688],[9.16952,39.66667],[9.16655,39.66772],[9.16665,39.66796],[9.16605,39.66845],[9.16688,39.66913],[9.16638,39.6691],[9.16661,39.6693],[9.16764,39.66958],[9.16831,39.66957],[9.16838,39.6693],[9.16898,39.66915],[9.16957,39.66813],[9.16985,39.66829],[9.17005,39.66796],[9.17179,39.66847],[9.17167,39.66899],[9.17099,39.66969],[9.17033,39.67004],[9.17015,39.66984],[9.16983,39.67],[9.16963,39.67028],[9.16973,39.67071],[9.16838,39.67128],[9.16849,39.67193],[9.16898,39.67262],[9.17029,39.67267],[9.17013,39.67294],[9.17178,39.67235],[9.17212,39.67294],[9.17306,39.67333],[9.17281,39.67378],[9.17213,39.67418],[9.1712,39.67353],[9.17085,39.67362],[9.17083,39.67404],[9.17049,39.67377],[9.17056,39.67446],[9.17098,39.67504],[9.17032,39.67553],[9.17072,39.67632],[9.17061,39.6766],[9.17015,39.67668],[9.16993,39.67742],[9.16946,39.67784],[9.16819,39.67808],[9.16724,39.67946],[9.16766,39.67994],[9.16887,39.67956],[9.16924,39.67972],[9.16906,39.68038],[9.16936,39.68047],[9.16885,39.68124],[9.16896,39.68203],[9.16837,39.68299],[9.16873,39.68375],[9.16998,39.68447],[9.17095,39.68435],[9.17161,39.68485],[9.17194,39.68476],[9.17294,39.68564],[9.17285,39.68609],[9.17314,39.68678],[9.17283,39.68686],[9.17379,39.68891],[9.17356,39.68965],[9.17385,39.6898],[9.17401,39.6907],[9.17324,39.69112],[9.17284,39.69213],[9.17316,39.69224],[9.17341,39.69302],[9.17319,39.69323],[9.17422,39.69437],[9.17358,39.6952],[9.1733,39.69507],[9.17311,39.69529],[9.17251,39.69673],[9.17596,39.69899],[9.17496,39.70162],[9.17644,39.70652],[9.17453,39.7101],[9.1732,39.71102],[9.17324,39.71211],[9.17292,39.71261],[9.17268,39.71423],[9.17374,39.71625],[9.16984,39.71727],[9.16974,39.71836],[9.17059,39.71992],[9.17028,39.72076],[9.16807,39.72049],[9.16714,39.7213],[9.16803,39.72293],[9.16765,39.72342],[9.1657,39.72378],[9.16471,39.72439],[9.1657,39.72499],[9.16872,39.72853],[9.16923,39.73065],[9.17248,39.73558],[9.17217,39.73756],[9.16924,39.73752],[9.16807,39.73797],[9.16492,39.73757],[9.16226,39.7347],[9.16273,39.73258],[9.16211,39.73282],[9.16051,39.73241],[9.16072,39.73059],[9.1593,39.73108],[9.15806,39.73004],[9.1553,39.72935],[9.15353,39.72954],[9.15404,39.7281],[9.15197,39.72812],[9.1506,39.72767],[9.15085,39.7267],[9.1497,39.72636],[9.15014,39.72499],[9.14775,39.72312],[9.14413,39.72352],[9.14219,39.72351],[9.14106,39.72325],[9.13922,39.72128],[9.13551,39.72035],[9.13477,39.72043],[9.1343,39.71984],[9.13326,39.71942],[9.13355,39.71875],[9.13135,39.71825],[9.12628,39.71907],[9.12386,39.72033],[9.12246,39.7192],[9.11778,39.71826],[9.1127,39.71995],[9.10997,39.71971],[9.10796,39.71925],[9.10761,39.7187],[9.10234,39.72255],[9.09921,39.72231],[9.09897,39.72281],[9.09631,39.72293],[9.08959,39.72209],[9.08663,39.72397],[9.0852,39.72452],[9.08545,39.72472],[9.08528,39.72482],[9.08233,39.72603],[9.08046,39.72636],[9.07918,39.72821],[9.0791,39.72897],[9.07989,39.73422],[9.07946,39.73442],[9.07875,39.73634],[9.07804,39.73717],[9.07775,39.73847],[9.07743,39.73886],[9.07757,39.73901],[9.07549,39.74042],[9.07527,39.74033],[9.07329,39.74135],[9.07427,39.74382],[9.07218,39.74605],[9.07208,39.74799],[9.07367,39.75015],[9.07187,39.75235],[9.07001,39.75238],[9.06331,39.7558],[9.05697,39.75693],[9.05314,39.7582],[9.04668,39.7586],[9.0441,39.75805],[9.04364,39.75727],[9.04166,39.75634],[9.0397,39.75646],[9.03805,39.75718],[9.03754,39.75792],[9.0361,39.75818],[9.03606,39.75799],[9.03293,39.75883],[9.03119,39.75867],[9.02991,39.75895],[9.02991,39.75944],[9.02697,39.75931],[9.02397,39.75841],[9.02223,39.75901],[9.02177,39.75991],[9.01981,39.76094],[9.01482,39.75946],[9.01369,39.75963],[9.01264,39.76055],[9.00884,39.75951],[9.00518,39.75991],[9.00218,39.76128],[9.00138,39.76083],[8.99747,39.7611],[8.99643,39.76214],[8.9963,39.76385],[8.99744,39.766],[8.99861,39.76645],[8.99823,39.76777],[8.99569,39.7683],[8.98376,39.77642],[8.97901,39.77799],[8.97836,39.7802],[8.97614,39.77873],[8.97295,39.77845],[8.97128,39.77723],[8.96649,39.77721],[8.95749,39.77923],[8.95381,39.77787],[8.95187,39.77795],[8.95193,39.77848],[8.9535,39.77882],[8.95472,39.78387],[8.95716,39.7873],[8.95914,39.78907],[8.96066,39.78896],[8.96264,39.79076],[8.96309,39.79193],[8.96705,39.7941],[8.96653,39.79512],[8.96878,39.79642],[8.96809,39.79714],[8.96927,39.79814],[8.96904,39.79921],[8.97213,39.80031],[8.97219,39.80085],[8.97341,39.801],[8.97459,39.80205],[8.9742,39.8037],[8.9782,39.80682],[8.97836,39.80807],[8.9803,39.81204],[8.98055,39.81273],[8.9804,39.81304],[8.98083,39.81354],[8.98307,39.81865],[8.98379,39.81947],[8.98415,39.81929],[8.98449,39.81956],[8.98519,39.82042],[8.98601,39.82031],[8.98656,39.82481],[8.98638,39.82521],[8.98675,39.82564],[8.98687,39.82725],[8.98738,39.82889],[8.98738,39.82954],[8.9867,39.83007],[8.98678,39.83144],[8.98515,39.83144],[8.98378,39.83233],[8.98307,39.83192],[8.98259,39.8324],[8.98096,39.83222],[8.97835,39.834],[8.97799,39.83484],[8.974,39.83566],[8.96796,39.83786],[8.96365,39.84095],[8.96171,39.84269],[8.95563,39.84283],[8.95359,39.84342],[8.95682,39.8459],[8.95724,39.84698],[8.95852,39.84734],[8.95764,39.84899],[8.95777,39.85025],[8.95653,39.85107],[8.95789,39.85133],[8.95843,39.8505],[8.95929,39.85162],[8.95868,39.85268],[8.96002,39.85384],[8.95946,39.85481],[8.95742,39.85577],[8.95713,39.85657],[8.95817,39.85661],[8.95887,39.85835],[8.95973,39.8578],[8.96051,39.85812],[8.96011,39.85954],[8.96317,39.85725],[8.96424,39.85713],[8.96697,39.85827],[8.97131,39.85829],[8.97383,39.85925],[8.98068,39.87422],[8.975,39.88689],[8.97368,39.88818],[8.96706,39.89192],[8.96544,39.89572],[8.96717,39.89578],[8.96976,39.89658],[8.9701,39.89687],[8.97085,39.8987],[8.97229,39.8989],[8.97172,39.90103],[8.97446,39.89992],[8.975,39.90063],[8.97289,39.90253],[8.97375,39.90406],[8.9734,39.90552],[8.97713,39.90433],[8.97922,39.90468],[8.97836,39.90856],[8.98081,39.90836],[8.98134,39.90883],[8.98081,39.91299],[8.98181,39.91312],[8.98382,39.91229],[8.98816,39.91372],[8.99049,39.91588],[8.99588,39.91712],[8.99656,39.91821],[9.00015,39.91716],[9.00419,39.91553],[9.01099,39.91666],[9.01797,39.91521],[9.02124,39.91362],[9.0232,39.91331],[9.02773,39.91454],[9.0392,39.91181],[9.04882,39.90097],[9.05511,39.89951],[9.05759,39.89959],[9.05817,39.89899],[9.05982,39.89816],[9.06126,39.8984],[9.06272,39.89768],[9.06328,39.89592],[9.06545,39.89579],[9.06758,39.89415],[9.07725,39.89216],[9.08233,39.88546],[9.08699,39.88503],[9.09079,39.88298],[9.09304,39.88244],[9.0948,39.87779],[9.09712,39.8771],[9.10049,39.87192],[9.10121,39.87207],[9.10502,39.869],[9.1053,39.86827],[9.10612,39.8468],[9.11354,39.84981],[9.12766,39.83965],[9.13048,39.83992],[9.12951,39.84082],[9.13738,39.84332],[9.14631,39.84544],[9.15238,39.83984],[9.16393,39.83251],[9.16566,39.83218],[9.1661,39.83263],[9.16781,39.83159],[9.17118,39.83088],[9.17442,39.82924],[9.17947,39.82754],[9.18101,39.82753],[9.18569,39.82684],[9.18859,39.82761],[9.19112,39.82708],[9.19126,39.8266],[9.19205,39.82583],[9.19575,39.82625],[9.19815,39.82555],[9.19962,39.82572],[9.20057,39.82615],[9.20234,39.82435],[9.20987,39.82318],[9.20984,39.82193],[9.21058,39.82114],[9.21047,39.82005],[9.21213,39.81617],[9.21289,39.81362],[9.2175,39.81063],[9.2174,39.81042],[9.21931,39.80755],[9.21944,39.80634],[9.2202,39.80563],[9.22063,39.80171],[9.22164,39.79894],[9.22231,39.7978],[9.22283,39.79573],[9.22198,39.79359],[9.22195,39.79298],[9.22275,39.79157],[9.22445,39.78983],[9.22484,39.78911],[9.22732,39.78742],[9.22902,39.78438],[9.22912,39.78376],[9.22733,39.77715],[9.22808,39.77614],[9.22957,39.77492],[9.22987,39.77267],[9.22922,39.77247],[9.22769,39.77052],[9.2281,39.76668],[9.23017,39.76397],[9.23442,39.75949],[9.23547,39.75781],[9.23799,39.75027],[9.23813,39.74935],[9.23736,39.74897],[9.23824,39.7447],[9.23866,39.74392],[9.24197,39.74179],[9.24374,39.74132],[9.24645,39.74011],[9.24836,39.73881],[9.24903,39.73675],[9.25233,39.73225],[9.25671,39.72828],[9.25908,39.7275],[9.26234,39.72729],[9.26515,39.72592],[9.26912,39.72287],[9.272,39.72177],[9.2734,39.72092],[9.27392,39.72046],[9.27561,39.7178],[9.27735,39.71708],[9.28064,39.71684],[9.28281,39.71524],[9.28693,39.71336],[9.28836,39.71225],[9.29212,39.70827],[9.29893,39.70032],[9.29908,39.69931],[9.30022,39.69634],[9.30048,39.69451],[9.29966,39.69112]]]}},{"type":"Feature","properties":{"nome":"Trexenta","limiti_indicativi":true,"fonte":"GeoNue/Nordai — Esercitazione 3, regioni_storiciche"},"geometry":{"type":"Polygon","coordinates":[[[9.13775,39.46988],[9.12732,39.47032],[9.11939,39.4657],[9.1138,39.45953],[9.09861,39.45899],[9.08845,39.45394],[9.08727,39.45388],[9.08495,39.45206],[9.08449,39.45279],[9.08412,39.45149],[9.08414,39.45045],[9.08333,39.44979],[9.08375,39.44859],[9.08297,39.4478],[9.07829,39.44805],[9.07704,39.44922],[9.07003,39.44615],[9.06339,39.44744],[9.05842,39.44801],[9.05083,39.45124],[9.04577,39.45622],[9.03285,39.46387],[9.02397,39.47161],[9.01589,39.47438],[9.00973,39.4757],[9.00733,39.47821],[9.01103,39.48041],[9.01436,39.48528],[9.01472,39.4869],[9.01424,39.48937],[9.01531,39.49163],[9.01452,39.49206],[9.01373,39.49534],[9.014,39.499],[9.01011,39.50508],[9.0096,39.50791],[9.00962,39.51174],[9.01084,39.51385],[9.01078,39.51601],[9.0126,39.51814],[9.01006,39.52109],[9.00855,39.52448],[9.00846,39.52671],[9.00722,39.5281],[9.00434,39.52783],[8.99904,39.52783],[8.98681,39.53045],[8.98282,39.53186],[8.98273,39.53412],[8.98399,39.536],[8.98679,39.53748],[8.98744,39.54007],[8.99385,39.54399],[8.9954,39.54901],[9.00043,39.55316],[8.99972,39.5539],[8.99998,39.55602],[9.00165,39.55841],[9.00148,39.55987],[9.00257,39.56101],[9.00185,39.56425],[9.00213,39.56587],[9.00422,39.57067],[9.00417,39.5727],[9.00539,39.57405],[9.00575,39.57645],[9.00668,39.57749],[9.00529,39.58118],[9.00597,39.58149],[9.00813,39.58168],[9.01122,39.58271],[9.01261,39.58385],[9.01122,39.58653],[9.01425,39.58768],[9.01633,39.59483],[9.01928,39.59901],[9.02537,39.59936],[9.02501,39.60202],[9.02466,39.60203],[9.02441,39.60433],[9.02308,39.60602],[9.02298,39.60628],[9.02324,39.60653],[9.0214,39.61115],[9.02087,39.61156],[9.0198,39.61432],[9.02396,39.61607],[9.02419,39.61585],[9.02495,39.61617],[9.02609,39.61703],[9.02733,39.61927],[9.027,39.61935],[9.02883,39.62276],[9.02909,39.62256],[9.0299,39.62374],[9.03154,39.62446],[9.03148,39.62473],[9.03409,39.62546],[9.03528,39.62644],[9.04849,39.64333],[9.04653,39.64345],[9.04722,39.64724],[9.04707,39.6485],[9.04726,39.6502],[9.04761,39.65026],[9.04735,39.65175],[9.04751,39.65795],[9.04841,39.66022],[9.04815,39.66144],[9.04892,39.66251],[9.04805,39.66403],[9.04862,39.66597],[9.04999,39.66786],[9.05015,39.66869],[9.04956,39.66985],[9.04929,39.67411],[9.04961,39.68103],[9.04836,39.68328],[9.04777,39.68946],[9.05161,39.69652],[9.05318,39.69705],[9.05571,39.69691],[9.05682,39.69749],[9.05789,39.69879],[9.0584,39.70101],[9.05934,39.70204],[9.059,39.70493],[9.05794,39.7053],[9.05637,39.71002],[9.05959,39.7185],[9.0595,39.71924],[9.06169,39.72222],[9.05677,39.72499],[9.05497,39.72734],[9.05254,39.72889],[9.05302,39.73005],[9.0551,39.73115],[9.05755,39.73075],[9.05836,39.73124],[9.05806,39.73301],[9.06324,39.73516],[9.06331,39.73817],[9.06474,39.74001],[9.065,39.74231],[9.06629,39.74298],[9.06961,39.74196],[9.07093,39.74258],[9.07194,39.7447],[9.07218,39.74605],[9.07427,39.74382],[9.07329,39.74135],[9.07527,39.74033],[9.07549,39.74042],[9.07757,39.73901],[9.07743,39.73886],[9.07775,39.73847],[9.07804,39.73717],[9.07875,39.73634],[9.07946,39.73442],[9.07989,39.73422],[9.0791,39.72897],[9.07918,39.72821],[9.08046,39.72636],[9.08233,39.72603],[9.08528,39.72482],[9.08545,39.72472],[9.0852,39.72452],[9.08663,39.72397],[9.08959,39.72209],[9.09631,39.72293],[9.09897,39.72281],[9.09921,39.72231],[9.10234,39.72255],[9.10761,39.7187],[9.10796,39.71925],[9.10997,39.71971],[9.1127,39.71995],[9.11778,39.71826],[9.12246,39.7192],[9.12386,39.72033],[9.12628,39.71907],[9.13135,39.71825],[9.13355,39.71875],[9.13326,39.71942],[9.1343,39.71984],[9.13477,39.72043],[9.13551,39.72035],[9.13922,39.72128],[9.14106,39.72325],[9.14219,39.72351],[9.14413,39.72352],[9.14775,39.72312],[9.15014,39.72499],[9.1497,39.72636],[9.15085,39.7267],[9.1506,39.72767],[9.15197,39.72812],[9.15404,39.7281],[9.15353,39.72954],[9.1553,39.72935],[9.15806,39.73004],[9.1593,39.73108],[9.16072,39.73059],[9.16051,39.73241],[9.16211,39.73282],[9.16273,39.73258],[9.16226,39.7347],[9.16492,39.73757],[9.16807,39.73797],[9.16924,39.73752],[9.17217,39.73756],[9.17248,39.73558],[9.16923,39.73065],[9.16872,39.72853],[9.1657,39.72499],[9.16471,39.72439],[9.1657,39.72378],[9.16765,39.72342],[9.16803,39.72293],[9.16714,39.7213],[9.16807,39.72049],[9.17028,39.72076],[9.17059,39.71992],[9.16974,39.71836],[9.16984,39.71727],[9.17374,39.71625],[9.17268,39.71423],[9.17292,39.71261],[9.17324,39.71211],[9.1732,39.71102],[9.17453,39.7101],[9.17644,39.70652],[9.17496,39.70162],[9.17596,39.69899],[9.17251,39.69673],[9.17311,39.69529],[9.1733,39.69507],[9.17358,39.6952],[9.17422,39.69437],[9.17319,39.69323],[9.17341,39.69302],[9.17316,39.69224],[9.17284,39.69213],[9.17324,39.69112],[9.17401,39.6907],[9.17385,39.6898],[9.17356,39.68965],[9.17379,39.68891],[9.17283,39.68686],[9.17314,39.68678],[9.17285,39.68609],[9.17294,39.68564],[9.17194,39.68476],[9.17161,39.68485],[9.17095,39.68435],[9.16998,39.68447],[9.16873,39.68375],[9.16837,39.68299],[9.16896,39.68203],[9.16885,39.68124],[9.16936,39.68047],[9.16906,39.68038],[9.16924,39.67972],[9.16887,39.67956],[9.16766,39.67994],[9.16724,39.67946],[9.16819,39.67808],[9.16946,39.67784],[9.16993,39.67742],[9.17015,39.67668],[9.17061,39.6766],[9.17072,39.67632],[9.17032,39.67553],[9.17098,39.67504],[9.17056,39.67446],[9.17049,39.67377],[9.17083,39.67404],[9.17085,39.67362],[9.1712,39.67353],[9.17213,39.67418],[9.17281,39.67378],[9.17306,39.67333],[9.17212,39.67294],[9.17178,39.67235],[9.17013,39.67294],[9.17029,39.67267],[9.16898,39.67262],[9.16849,39.67193],[9.16838,39.67128],[9.16973,39.67071],[9.16963,39.67028],[9.16983,39.67],[9.17015,39.66984],[9.17033,39.67004],[9.17099,39.66969],[9.17167,39.66899],[9.17179,39.66847],[9.17005,39.66796],[9.16985,39.66829],[9.16957,39.66813],[9.16898,39.66915],[9.16838,39.6693],[9.16831,39.66957],[9.16764,39.66958],[9.16661,39.6693],[9.16638,39.6691],[9.16688,39.66913],[9.16605,39.66845],[9.16665,39.66796],[9.16655,39.66772],[9.16952,39.66667],[9.16969,39.66688],[9.17054,39.66631],[9.17075,39.66557],[9.17059,39.66513],[9.17004,39.66484],[9.16917,39.66488],[9.16885,39.66431],[9.17084,39.66319],[9.17125,39.66271],[9.1716,39.66269],[9.17199,39.66102],[9.17168,39.66072],[9.17177,39.65991],[9.17206,39.65963],[9.17299,39.6599],[9.17369,39.6597],[9.17448,39.65866],[9.17422,39.65842],[9.17428,39.65764],[9.17364,39.65597],[9.17397,39.65588],[9.17462,39.65407],[9.17427,39.65412],[9.1743,39.65305],[9.17343,39.65253],[9.17287,39.65163],[9.17285,39.65095],[9.17317,39.65112],[9.17338,39.64985],[9.17401,39.64951],[9.17482,39.65029],[9.17505,39.6501],[9.17705,39.65109],[9.17709,39.64969],[9.17742,39.64971],[9.17742,39.64952],[9.17681,39.64848],[9.17668,39.64776],[9.17711,39.64676],[9.17807,39.64595],[9.18035,39.64519],[9.18113,39.64466],[9.18263,39.64459],[9.18359,39.64417],[9.18532,39.64426],[9.18636,39.64478],[9.18807,39.6463],[9.18885,39.64633],[9.18866,39.6426],[9.19001,39.64217],[9.19084,39.64268],[9.19123,39.64358],[9.19209,39.64366],[9.19281,39.64342],[9.19402,39.64242],[9.19512,39.64189],[9.19647,39.63929],[9.19914,39.63903],[9.20672,39.63365],[9.2126,39.63102],[9.23406,39.62512],[9.24725,39.62207],[9.24906,39.6153],[9.24998,39.61445],[9.24943,39.61323],[9.24702,39.61264],[9.24651,39.61195],[9.24687,39.61075],[9.24825,39.61008],[9.24903,39.61088],[9.25139,39.61103],[9.25264,39.60956],[9.25346,39.6072],[9.2549,39.60648],[9.25742,39.60741],[9.26187,39.60613],[9.26509,39.60631],[9.26451,39.60783],[9.26538,39.6095],[9.26691,39.61106],[9.2701,39.6129],[9.27123,39.61282],[9.27511,39.60886],[9.27844,39.60989],[9.28096,39.60818],[9.28291,39.60958],[9.28483,39.60822],[9.29224,39.60642],[9.2924,39.60588],[9.29155,39.60437],[9.29521,39.60298],[9.29386,39.60203],[9.2833,39.59954],[9.27834,39.59659],[9.2752,39.59567],[9.27106,39.58944],[9.26841,39.58827],[9.26858,39.58668],[9.26704,39.5867],[9.26662,39.58533],[9.26754,39.58461],[9.26669,39.58368],[9.26544,39.58301],[9.26581,39.58247],[9.26373,39.57997],[9.26452,39.57793],[9.26432,39.57522],[9.26171,39.57405],[9.25914,39.57108],[9.25859,39.56812],[9.25742,39.56663],[9.25462,39.56436],[9.25433,39.56297],[9.25255,39.56298],[9.25165,39.56222],[9.25092,39.5606],[9.25119,39.55907],[9.25042,39.55616],[9.25092,39.55129],[9.24849,39.54168],[9.2494,39.5401],[9.24636,39.53801],[9.24913,39.53512],[9.25233,39.52602],[9.25265,39.5057],[9.25037,39.49763],[9.24251,39.4862],[9.24784,39.48314],[9.24884,39.48205],[9.24898,39.47464],[9.24939,39.47323],[9.24789,39.46895],[9.24244,39.46013],[9.24342,39.46337],[9.24242,39.46509],[9.24259,39.46695],[9.24063,39.46856],[9.23375,39.46762],[9.22887,39.46458],[9.22412,39.46323],[9.22195,39.46157],[9.22036,39.46289],[9.2199,39.46449],[9.21739,39.46565],[9.21556,39.46553],[9.21407,39.46646],[9.2123,39.46669],[9.20989,39.46352],[9.21025,39.46228],[9.20952,39.46104],[9.20694,39.46047],[9.20551,39.45819],[9.19391,39.45092],[9.19052,39.45008],[9.18783,39.44834],[9.1873,39.44725],[9.18485,39.44625],[9.18407,39.44795],[9.18099,39.45043],[9.17845,39.45112],[9.17766,39.45048],[9.17397,39.45064],[9.17278,39.45177],[9.17115,39.45204],[9.16442,39.45206],[9.16415,39.45271],[9.16153,39.45362],[9.15631,39.45748],[9.14825,39.4659],[9.13775,39.46988]]]}},{"type":"Feature","properties":{"nome":"Usellus","limiti_indicativi":true,"fonte":"GeoNue/Nordai — Esercitazione 3, regioni_storiciche"},"geometry":{"type":"Polygon","coordinates":[[[8.96365,39.84095],[8.96796,39.83786],[8.974,39.83566],[8.97799,39.83484],[8.97835,39.834],[8.98096,39.83222],[8.98259,39.8324],[8.98307,39.83192],[8.98378,39.83233],[8.98515,39.83144],[8.98678,39.83144],[8.9867,39.83007],[8.98738,39.82954],[8.98738,39.82889],[8.98687,39.82725],[8.98675,39.82564],[8.98638,39.82521],[8.98656,39.82481],[8.9862,39.82289],[8.98617,39.82093],[8.98601,39.82031],[8.98519,39.82042],[8.98449,39.81956],[8.98415,39.81929],[8.98379,39.81947],[8.98307,39.81865],[8.98083,39.81354],[8.9804,39.81304],[8.98055,39.81273],[8.9803,39.81204],[8.97836,39.80807],[8.9782,39.80682],[8.9742,39.8037],[8.97459,39.80205],[8.97341,39.801],[8.97219,39.80085],[8.97213,39.80031],[8.96904,39.79921],[8.96927,39.79814],[8.96809,39.79714],[8.96878,39.79642],[8.96653,39.79512],[8.96705,39.7941],[8.96309,39.79193],[8.96264,39.79076],[8.96066,39.78896],[8.95914,39.78907],[8.95716,39.7873],[8.95472,39.78387],[8.9535,39.77882],[8.95201,39.77842],[8.94722,39.78157],[8.9453,39.78395],[8.94404,39.78446],[8.94195,39.78405],[8.94093,39.78456],[8.93877,39.78841],[8.93854,39.79035],[8.93714,39.79111],[8.93419,39.79058],[8.93179,39.79085],[8.93048,39.79219],[8.92894,39.79294],[8.92658,39.79333],[8.92073,39.79282],[8.91571,39.7932],[8.91281,39.79497],[8.9095,39.7948],[8.90583,39.79626],[8.90184,39.79468],[8.8964,39.79525],[8.88985,39.79439],[8.88899,39.79479],[8.88796,39.79281],[8.88618,39.79226],[8.8837,39.7922],[8.88174,39.79285],[8.88099,39.79235],[8.88503,39.78821],[8.88684,39.78728],[8.88493,39.78579],[8.87897,39.7833],[8.87602,39.78137],[8.8747,39.77853],[8.87084,39.77568],[8.86783,39.77518],[8.86665,39.77574],[8.86126,39.77538],[8.85629,39.77879],[8.85328,39.77891],[8.85036,39.77679],[8.84794,39.77363],[8.8484,39.77258],[8.84793,39.76982],[8.84683,39.7698],[8.84688,39.76795],[8.84617,39.76665],[8.84693,39.7651],[8.84618,39.76515],[8.8447,39.76319],[8.84551,39.76266],[8.84515,39.76156],[8.84464,39.76176],[8.84231,39.76047],[8.8406,39.75899],[8.83793,39.75972],[8.83758,39.75907],[8.83572,39.75921],[8.83385,39.75828],[8.82693,39.75815],[8.8253,39.75895],[8.82458,39.75814],[8.825,39.75776],[8.82437,39.758],[8.82423,39.75738],[8.82249,39.75817],[8.8222,39.75761],[8.82323,39.75677],[8.8222,39.75687],[8.82146,39.75509],[8.81833,39.75481],[8.81441,39.75305],[8.81527,39.75165],[8.81439,39.7509],[8.81273,39.75182],[8.81043,39.75122],[8.80783,39.74778],[8.80491,39.74879],[8.80357,39.74862],[8.80072,39.75065],[8.79817,39.7518],[8.79737,39.75378],[8.79635,39.75392],[8.7954,39.75519],[8.79384,39.75548],[8.79223,39.75713],[8.79178,39.7589],[8.78823,39.75969],[8.78729,39.76071],[8.7874,39.76197],[8.78257,39.76673],[8.77321,39.77266],[8.7724,39.77604],[8.74125,39.79845],[8.74421,39.80201],[8.74609,39.80681],[8.7558,39.82144],[8.75526,39.82711],[8.7593,39.83344],[8.76124,39.83396],[8.77309,39.83522],[8.78411,39.83462],[8.7846,39.8378],[8.78494,39.83785],[8.78556,39.84093],[8.78523,39.84189],[8.78575,39.8426],[8.78628,39.84305],[8.78788,39.84311],[8.78921,39.84361],[8.79305,39.84655],[8.80585,39.84718],[8.81191,39.85258],[8.82705,39.8569],[8.83447,39.85876],[8.83991,39.8763],[8.83865,39.88148],[8.84092,39.89288],[8.84308,39.89939],[8.84647,39.89931],[8.84624,39.89983],[8.84458,39.90015],[8.84272,39.90164],[8.8436,39.90541],[8.84218,39.91008],[8.84242,39.91467],[8.84057,39.91707],[8.8607,39.92329],[8.87798,39.9301],[8.87898,39.92995],[8.87961,39.93196],[8.8811,39.93311],[8.88215,39.93516],[8.88712,39.93604],[8.88942,39.93727],[8.88999,39.93661],[8.89221,39.93574],[8.8934,39.9342],[8.89403,39.93379],[8.89607,39.93372],[8.8979,39.93281],[8.8992,39.93146],[8.89898,39.93074],[8.89912,39.93047],[8.90022,39.92964],[8.90194,39.92722],[8.90284,39.9267],[8.90401,39.92551],[8.9049,39.92528],[8.90652,39.92534],[8.90741,39.92498],[8.91086,39.92164],[8.91206,39.91887],[8.91574,39.91756],[8.91663,39.91695],[8.91687,39.9161],[8.91655,39.91527],[8.91472,39.91349],[8.91505,39.91231],[8.91708,39.9113],[8.92054,39.91168],[8.92148,39.91151],[8.92178,39.91039],[8.92144,39.90888],[8.92251,39.90779],[8.92329,39.90768],[8.92364,39.90723],[8.92324,39.90534],[8.92368,39.90363],[8.92478,39.90234],[8.92684,39.90124],[8.92878,39.89901],[8.92936,39.8973],[8.93027,39.89716],[8.93197,39.89772],[8.93438,39.89777],[8.93497,39.89806],[8.93554,39.89885],[8.93541,39.90039],[8.93597,39.90136],[8.9378,39.90148],[8.93825,39.90114],[8.9394,39.89981],[8.93923,39.89831],[8.93937,39.8963],[8.93843,39.89508],[8.93614,39.89428],[8.93588,39.8936],[8.93612,39.89315],[8.93708,39.89303],[8.94077,39.89392],[8.94257,39.89396],[8.94249,39.89454],[8.94129,39.89629],[8.94142,39.89673],[8.94202,39.89687],[8.94294,39.89632],[8.94385,39.89474],[8.94609,39.89458],[8.94816,39.89245],[8.95084,39.89181],[8.95139,39.89136],[8.95179,39.89047],[8.95271,39.88986],[8.95488,39.89003],[8.95635,39.89074],[8.95786,39.88941],[8.96031,39.88967],[8.96053,39.88994],[8.96046,39.89041],[8.9593,39.89148],[8.95863,39.89253],[8.95861,39.89303],[8.95897,39.89353],[8.96126,39.89487],[8.96424,39.89572],[8.96544,39.89572],[8.96706,39.89192],[8.97368,39.88818],[8.975,39.88689],[8.98068,39.87422],[8.97383,39.85925],[8.97131,39.85829],[8.96697,39.85827],[8.96424,39.85713],[8.96317,39.85725],[8.96011,39.85954],[8.96051,39.85812],[8.95973,39.8578],[8.95887,39.85835],[8.95817,39.85661],[8.95713,39.85657],[8.95742,39.85577],[8.95946,39.85481],[8.96002,39.85384],[8.95868,39.85268],[8.95929,39.85162],[8.95843,39.8505],[8.95789,39.85133],[8.95653,39.85107],[8.95777,39.85025],[8.95764,39.84899],[8.95852,39.84734],[8.95724,39.84698],[8.95682,39.8459],[8.95359,39.84342],[8.95563,39.84283],[8.96171,39.84269],[8.96365,39.84095]]]}},{"type":"Feature","properties":{"nome":"Campidano","limiti_indicativi":true,"fonte":"GeoNue/Nordai — Esercitazione 3, regioni_storiciche"},"geometry":{"type":"Polygon","coordinates":[[[9.08034,39.27108],[9.0743,39.27109],[9.07012,39.27205],[9.06465,39.2717],[9.06255,39.27228],[9.0598,39.27183],[9.05884,39.2714],[9.05606,39.27302],[9.05382,39.27473],[9.04913,39.27723],[9.04889,39.27742],[9.04927,39.27787],[9.0491,39.27816],[9.04227,39.28169],[9.03471,39.28463],[9.033,39.28436],[9.03006,39.28464],[9.03001,39.28363],[9.02946,39.28305],[9.02823,39.2821],[9.02585,39.28142],[9.02369,39.27877],[9.02157,39.27685],[9.01979,39.27478],[9.01971,39.27352],[9.0158,39.27017],[9.01554,39.26795],[9.01437,39.26792],[9.01183,39.26684],[9.01126,39.26599],[9.01064,39.26558],[9.01182,39.26503],[9.01284,39.26373],[9.01707,39.2608],[9.01888,39.25893],[9.01903,39.25758],[9.01881,39.25425],[9.01705,39.25403],[9.01663,39.25374],[9.01664,39.25123],[9.0175,39.25081],[9.02229,39.25212],[9.02736,39.25201],[9.02907,39.25154],[9.02723,39.25024],[9.0253,39.24995],[9.02393,39.25002],[9.02216,39.24959],[9.02116,39.24867],[9.02109,39.24796],[9.0206,39.24707],[9.01859,39.2467],[9.01772,39.24689],[9.0172,39.24643],[9.01517,39.24665],[9.0141,39.24732],[9.01329,39.24748],[9.01148,39.24716],[9.01162,39.24655],[9.01099,39.24519],[9.01099,39.24446],[9.01123,39.24363],[9.01202,39.24244],[9.01164,39.24202],[9.01139,39.2408],[9.01292,39.23928],[9.01294,39.239],[9.01378,39.23862],[9.01507,39.23742],[9.01542,39.23745],[9.0158,39.23791],[9.01642,39.23766],[9.01656,39.23736],[9.01879,39.23656],[9.01895,39.23616],[9.02175,39.2348],[9.02369,39.23409],[9.02477,39.234],[9.02545,39.23341],[9.02558,39.23279],[9.0264,39.23216],[9.02641,39.23181],[9.02758,39.23126],[9.02759,39.23072],[9.02893,39.2306],[9.02894,39.22998],[9.02834,39.22958],[9.02824,39.22864],[9.02938,39.22748],[9.03025,39.22725],[9.03048,39.22696],[9.02981,39.22674],[9.03056,39.22596],[9.03149,39.22627],[9.03238,39.2271],[9.03301,39.22966],[9.03386,39.23038],[9.03515,39.23016],[9.03474,39.23019],[9.03465,39.22965],[9.03528,39.22918],[9.03597,39.22912],[9.03697,39.22955],[9.03829,39.23117],[9.03841,39.23234],[9.0397,39.23282],[9.03987,39.23429],[9.04076,39.23411],[9.04198,39.2329],[9.04091,39.23165],[9.04061,39.23095],[9.03879,39.22933],[9.03783,39.22791],[9.03717,39.2274],[9.03667,39.22609],[9.03563,39.2245],[9.03539,39.22376],[9.03542,39.22241],[9.03645,39.22227],[9.03552,39.21938],[9.03408,39.21882],[9.03309,39.22034],[9.03134,39.22101],[9.02957,39.21992],[9.02829,39.21854],[9.02848,39.21797],[9.02927,39.21717],[9.02919,39.21655],[9.02788,39.21439],[9.02786,39.21315],[9.02727,39.21259],[9.02727,39.21121],[9.0265,39.20941],[9.02668,39.2087],[9.02718,39.20811],[9.02704,39.20769],[9.02613,39.20688],[9.02619,39.20573],[9.02553,39.20565],[9.02323,39.20647],[9.02235,39.20588],[9.02225,39.20545],[9.02237,39.20512],[9.02328,39.2051],[9.0235,39.20474],[9.02264,39.20347],[9.02124,39.20338],[9.02115,39.20277],[9.02279,39.20131],[9.02416,39.20132],[9.02605,39.20063],[9.02766,39.19847],[9.03002,39.19855],[9.02953,39.19764],[9.02977,39.19709],[9.03088,39.19688],[9.03119,39.19724],[9.03248,39.19664],[9.03177,39.1954],[9.02911,39.19236],[9.02938,39.19159],[9.03061,39.19132],[9.03203,39.19154],[9.03249,39.19076],[9.02945,39.18831],[9.02305,39.18947],[9.01797,39.18985],[9.01641,39.19063],[9.01231,39.1907],[9.00407,39.19235],[9.0017,39.19346],[9.00127,39.19346],[9.00107,39.19317],[8.99754,39.19276],[8.99464,39.19158],[8.99166,39.19085],[8.98714,39.19286],[8.98418,39.18818],[8.9831,39.18732],[8.98122,39.18679],[8.97911,39.18659],[8.97788,39.18559],[8.97642,39.18634],[8.97534,39.18573],[8.96889,39.18398],[8.96184,39.18466],[8.96245,39.18783],[8.96218,39.18801],[8.96199,39.18897],[8.96122,39.18958],[8.9575,39.19123],[8.95587,39.19094],[8.95364,39.19168],[8.95169,39.19384],[8.95156,39.19568],[8.95086,39.19662],[8.95056,39.19662],[8.94991,39.19756],[8.95016,39.19764],[8.94984,39.19825],[8.94954,39.19834],[8.94915,39.19912],[8.94721,39.20104],[8.94301,39.20327],[8.94243,39.20182],[8.9417,39.20114],[8.94181,39.20012],[8.9414,39.19967],[8.93636,39.19736],[8.93408,39.1954],[8.93238,39.1945],[8.93244,39.19397],[8.93407,39.19296],[8.93457,39.19225],[8.9344,39.19174],[8.93296,39.19024],[8.93278,39.18874],[8.9316,39.18847],[8.92839,39.18872],[8.92714,39.18797],[8.92718,39.18719],[8.92931,39.18488],[8.92865,39.18366],[8.9258,39.18172],[8.92568,39.18127],[8.92634,39.18004],[8.92626,39.17967],[8.92507,39.17917],[8.92388,39.17946],[8.92323,39.17922],[8.92276,39.17863],[8.92276,39.17656],[8.92229,39.17588],[8.91911,39.1756],[8.91899,39.173],[8.91867,39.17274],[8.9179,39.17264],[8.91533,39.17318],[8.91471,39.17298],[8.91476,39.17204],[8.91737,39.17083],[8.91747,39.17008],[8.9165,39.16986],[8.9149,39.16994],[8.91456,39.1696],[8.91419,39.16838],[8.91376,39.16811],[8.91299,39.16805],[8.91102,39.16878],[8.91044,39.16873],[8.90998,39.16823],[8.90978,39.16752],[8.90994,39.16592],[8.90943,39.16548],[8.90931,39.16504],[8.90946,39.16471],[8.91081,39.16385],[8.91087,39.16281],[8.91009,39.16217],[8.90801,39.16197],[8.908,39.1617],[8.90896,39.16078],[8.90899,39.15961],[8.90626,39.15718],[8.90446,39.15681],[8.90298,39.15697],[8.90042,39.15624],[8.89764,39.1563],[8.88872,39.15967],[8.88493,39.15832],[8.88366,39.15826],[8.88274,39.15722],[8.88185,39.1547],[8.87948,39.1541],[8.87515,39.1511],[8.85215,39.14927],[8.84467,39.14797],[8.83747,39.14758],[8.83407,39.14895],[8.83117,39.14914],[8.82653,39.1486],[8.8259,39.14907],[8.8147,39.16412],[8.78822,39.17317],[8.7844,39.17486],[8.78303,39.17503],[8.78237,39.17582],[8.78196,39.17579],[8.78188,39.17542],[8.78137,39.17512],[8.78091,39.17509],[8.7793,39.17584],[8.77888,39.17635],[8.77885,39.17695],[8.77707,39.17702],[8.77665,39.17824],[8.77567,39.17786],[8.77516,39.17801],[8.77448,39.17742],[8.77382,39.17844],[8.77153,39.17891],[8.7713,39.1794],[8.77211,39.18013],[8.77195,39.18041],[8.76858,39.18307],[8.76666,39.18523],[8.7659,39.1856],[8.76581,39.18601],[8.7668,39.18691],[8.76602,39.18803],[8.76484,39.18903],[8.76431,39.18914],[8.76336,39.19016],[8.75808,39.20083],[8.7573,39.20394],[8.75541,39.20912],[8.74825,39.23209],[8.73873,39.2245],[8.73154,39.22144],[8.72259,39.21966],[8.71849,39.21908],[8.71091,39.21702],[8.7072,39.21751],[8.7054,39.21811],[8.70281,39.21857],[8.68922,39.21599],[8.67996,39.21611],[8.67096,39.21965],[8.67017,39.21976],[8.66767,39.21887],[8.65331,39.21838],[8.64352,39.21902],[8.63927,39.22052],[8.63898,39.22096],[8.63923,39.22616],[8.63998,39.22803],[8.63902,39.22913],[8.64015,39.23188],[8.63172,39.23026],[8.62667,39.22975],[8.61841,39.23068],[8.61638,39.23002],[8.61219,39.22936],[8.60772,39.22898],[8.60295,39.22914],[8.60323,39.22928],[8.60268,39.23158],[8.60353,39.23597],[8.60393,39.23756],[8.60423,39.23782],[8.60389,39.24314],[8.60136,39.24823],[8.60206,39.24874],[8.60122,39.25088],[8.60089,39.25115],[8.59953,39.25624],[8.59889,39.25771],[8.59913,39.25791],[8.59832,39.26055],[8.59805,39.26061],[8.59664,39.26441],[8.59659,39.26592],[8.59602,39.26811],[8.59533,39.26915],[8.59546,39.26996],[8.59498,39.27046],[8.59397,39.2756],[8.59528,39.27615],[8.59509,39.27692],[8.6015,39.28558],[8.60136,39.28636],[8.6017,39.28712],[8.60511,39.29178],[8.60578,39.29194],[8.60857,39.29392],[8.60914,39.29493],[8.61267,39.29665],[8.61664,39.29794],[8.61671,39.29834],[8.61844,39.29865],[8.62055,39.29955],[8.62384,39.30007],[8.62411,39.30045],[8.62902,39.29974],[8.63277,39.30014],[8.63613,39.29995],[8.64187,39.30061],[8.64641,39.29907],[8.6472,39.29873],[8.64726,39.29845],[8.64937,39.29839],[8.64996,39.30038],[8.65607,39.30156],[8.65867,39.30289],[8.66255,39.30816],[8.66551,39.3113],[8.66686,39.31351],[8.67097,39.31452],[8.67929,39.31501],[8.68451,39.31689],[8.6867,39.31676],[8.68741,39.31731],[8.69085,39.31864],[8.69373,39.31878],[8.69841,39.31991],[8.70062,39.32204],[8.69998,39.32296],[8.70005,39.32419],[8.70046,39.32475],[8.70176,39.32532],[8.70176,39.32674],[8.70115,39.32876],[8.7022,39.33017],[8.70234,39.33168],[8.70215,39.33327],[8.70265,39.33388],[8.70201,39.33705],[8.70206,39.33795],[8.70258,39.34116],[8.70334,39.34314],[8.70269,39.34542],[8.7043,39.34762],[8.7056,39.34888],[8.70622,39.34911],[8.70757,39.35091],[8.70852,39.35325],[8.70793,39.35688],[8.70832,39.35861],[8.7096,39.36133],[8.71114,39.36235],[8.69909,39.37494],[8.69676,39.37783],[8.69515,39.38093],[8.69402,39.38188],[8.69226,39.38209],[8.69157,39.38194],[8.69028,39.38087],[8.68229,39.37809],[8.67841,39.37529],[8.67827,39.37605],[8.6796,39.37785],[8.67666,39.37888],[8.67421,39.37888],[8.6714,39.3793],[8.66465,39.37823],[8.65401,39.37933],[8.65119,39.37916],[8.64888,39.37958],[8.646,39.38142],[8.64216,39.38186],[8.64069,39.38231],[8.63818,39.38435],[8.63606,39.38742],[8.62663,39.41281],[8.61702,39.41805],[8.61712,39.42564],[8.61195,39.42322],[8.60918,39.42363],[8.60519,39.42437],[8.60369,39.42501],[8.60109,39.42736],[8.58989,39.43188],[8.5842,39.43118],[8.58041,39.43729],[8.58167,39.43971],[8.58236,39.44418],[8.58131,39.44515],[8.57703,39.44684],[8.57263,39.44821],[8.5707,39.44809],[8.56663,39.449],[8.55913,39.45218],[8.54705,39.45837],[8.54892,39.46408],[8.55098,39.46464],[8.55165,39.46553],[8.55381,39.46639],[8.55497,39.46966],[8.55466,39.47015],[8.55664,39.47103],[8.55765,39.47262],[8.55983,39.47362],[8.56003,39.47503],[8.56099,39.47568],[8.56227,39.4781],[8.56257,39.48205],[8.5648,39.482],[8.5646,39.48497],[8.56517,39.48605],[8.56672,39.48666],[8.56906,39.48868],[8.56945,39.49102],[8.57003,39.49113],[8.57112,39.48995],[8.57625,39.49299],[8.57874,39.49247],[8.58888,39.49587],[8.59171,39.49621],[8.59949,39.499],[8.6155,39.50722],[8.62046,39.51416],[8.61545,39.52401],[8.6161,39.52995],[8.61127,39.53203],[8.60618,39.53731],[8.60593,39.54023],[8.60468,39.54201],[8.60129,39.54428],[8.59921,39.54484],[8.59919,39.54562],[8.59769,39.54696],[8.59757,39.54876],[8.59475,39.55179],[8.59564,39.55194],[8.59836,39.55505],[8.59867,39.55568],[8.59835,39.55622],[8.59689,39.55711],[8.59473,39.55719],[8.59464,39.55844],[8.59198,39.55843],[8.58929,39.55759],[8.58818,39.55684],[8.58652,39.55677],[8.58448,39.55718],[8.58286,39.55679],[8.58274,39.55729],[8.5822,39.55753],[8.58235,39.5581],[8.58343,39.55882],[8.58277,39.55911],[8.58315,39.55947],[8.583,39.55962],[8.58196,39.55965],[8.58033,39.56036],[8.57744,39.56017],[8.57663,39.56061],[8.57275,39.55956],[8.57217,39.55991],[8.57254,39.56134],[8.57392,39.56216],[8.57203,39.56239],[8.57006,39.56159],[8.57248,39.56591],[8.57292,39.56913],[8.56999,39.57145],[8.56873,39.57418],[8.56778,39.59104],[8.55709,39.59464],[8.54701,39.59679],[8.53205,39.60939],[8.52713,39.63294],[8.53139,39.64899],[8.5328,39.64897],[8.53153,39.65251],[8.53097,39.65334],[8.53021,39.65345],[8.52991,39.65389],[8.52564,39.65503],[8.51847,39.65835],[8.51862,39.66529],[8.51839,39.66609],[8.51881,39.66636],[8.51686,39.67369],[8.51606,39.67812],[8.51559,39.67782],[8.51557,39.67829],[8.51763,39.6832],[8.51814,39.68295],[8.52205,39.68991],[8.52242,39.6914],[8.52166,39.69275],[8.52613,39.69346],[8.52803,39.69296],[8.53154,39.69336],[8.53251,39.69317],[8.53305,39.69345],[8.53303,39.69277],[8.53337,39.69238],[8.5331,39.69282],[8.53333,39.69329],[8.53307,39.69367],[8.53323,39.69375],[8.53368,39.69372],[8.53413,39.6932],[8.53541,39.69314],[8.53775,39.69368],[8.53828,39.6936],[8.5398,39.69248],[8.5426,39.69185],[8.54413,39.6925],[8.54859,39.69592],[8.55058,39.69589],[8.55507,39.6946],[8.56047,39.69222],[8.56281,39.69175],[8.5656,39.68949],[8.56889,39.68738],[8.57183,39.68484],[8.57439,39.68549],[8.577,39.68763],[8.58104,39.687],[8.58352,39.68955],[8.58522,39.68977],[8.5887,39.69155],[8.59263,39.69088],[8.59244,39.69063],[8.59716,39.68985],[8.59819,39.69022],[8.59933,39.69121],[8.60017,39.691],[8.60242,39.69119],[8.60324,39.69087],[8.60319,39.68983],[8.60457,39.68919],[8.60644,39.68999],[8.60829,39.69023],[8.61414,39.68975],[8.61629,39.69147],[8.61765,39.69128],[8.61882,39.69227],[8.6207,39.69236],[8.62184,39.69138],[8.62367,39.6916],[8.62378,39.69202],[8.62509,39.69105],[8.6263,39.69136],[8.62759,39.69324],[8.62936,39.69248],[8.63016,39.69348],[8.6313,39.69268],[8.63344,39.69429],[8.63636,39.69378],[8.63753,39.69509],[8.63815,39.69464],[8.63966,39.69523],[8.64012,39.69478],[8.64371,39.69612],[8.64503,39.6953],[8.64709,39.69583],[8.65157,39.69901],[8.65594,39.70437],[8.65584,39.70623],[8.65736,39.70766],[8.65719,39.70788],[8.66019,39.71116],[8.65968,39.71303],[8.66001,39.71313],[8.65915,39.71393],[8.65969,39.71458],[8.65922,39.7153],[8.65976,39.71576],[8.66024,39.7157],[8.66159,39.71691],[8.66182,39.71749],[8.65899,39.71971],[8.65984,39.72094],[8.65981,39.72122],[8.65967,39.72169],[8.65862,39.72217],[8.6598,39.72411],[8.66049,39.72489],[8.66569,39.72854],[8.66623,39.72912],[8.66579,39.72951],[8.66697,39.73002],[8.66643,39.73056],[8.67009,39.7324],[8.66953,39.73372],[8.67019,39.73569],[8.67114,39.73655],[8.67396,39.73838],[8.67788,39.73932],[8.68014,39.74106],[8.68607,39.74248],[8.68907,39.74562],[8.68902,39.74636],[8.68978,39.74899],[8.69117,39.75062],[8.69079,39.75286],[8.69126,39.75464],[8.69051,39.75625],[8.69085,39.75824],[8.69012,39.76206],[8.69359,39.76409],[8.69228,39.76567],[8.69424,39.7683],[8.6979,39.77054],[8.69817,39.7724],[8.70412,39.77417],[8.7061,39.77351],[8.70905,39.77399],[8.71186,39.77365],[8.71789,39.77627],[8.72314,39.77614],[8.72617,39.77804],[8.72843,39.77828],[8.72997,39.77983],[8.73267,39.78023],[8.73429,39.7792],[8.73868,39.78],[8.73982,39.78106],[8.73757,39.78467],[8.7394,39.78486],[8.74138,39.78617],[8.74272,39.78933],[8.74051,39.79328],[8.7421,39.79729],[8.74125,39.79845],[8.7724,39.77604],[8.77321,39.77266],[8.78257,39.76673],[8.7874,39.76197],[8.78729,39.76071],[8.78823,39.75969],[8.79178,39.7589],[8.79223,39.75713],[8.79384,39.75548],[8.7954,39.75519],[8.79635,39.75392],[8.79737,39.75378],[8.79817,39.7518],[8.80072,39.75065],[8.80357,39.74862],[8.80491,39.74879],[8.80783,39.74778],[8.81043,39.75122],[8.81273,39.75182],[8.81439,39.7509],[8.81527,39.75165],[8.81441,39.75305],[8.81833,39.75481],[8.82146,39.75509],[8.8222,39.75687],[8.82323,39.75677],[8.8222,39.75761],[8.82249,39.75817],[8.82423,39.75738],[8.82437,39.758],[8.825,39.75776],[8.82458,39.75814],[8.8253,39.75895],[8.82693,39.75815],[8.83385,39.75828],[8.83572,39.75921],[8.83758,39.75907],[8.83793,39.75972],[8.8406,39.75899],[8.84231,39.76047],[8.84464,39.76176],[8.84515,39.76156],[8.84743,39.75838],[8.85198,39.74422],[8.8551,39.74361],[8.8581,39.74198],[8.86174,39.74136],[8.86407,39.73963],[8.8639,39.73768],[8.86539,39.73596],[8.86758,39.737],[8.87507,39.73459],[8.88122,39.73024],[8.89416,39.71153],[8.89409,39.70924],[8.89322,39.70865],[8.89325,39.70765],[8.88932,39.70637],[8.88161,39.70496],[8.87973,39.69965],[8.87924,39.69652],[8.87698,39.69246],[8.87431,39.68954],[8.87362,39.68844],[8.87278,39.68799],[8.86974,39.6872],[8.86909,39.68621],[8.86806,39.68534],[8.86437,39.68278],[8.86418,39.67265],[8.86197,39.66986],[8.86192,39.66786],[8.85897,39.6676],[8.8564,39.66875],[8.84967,39.66511],[8.84895,39.6644],[8.85211,39.66304],[8.85575,39.66314],[8.86052,39.66508],[8.86151,39.66327],[8.86139,39.66188],[8.86269,39.66138],[8.86509,39.65808],[8.86692,39.6541],[8.86854,39.64899],[8.86822,39.64672],[8.87385,39.64347],[8.87648,39.64128],[8.88483,39.63201],[8.88468,39.63098],[8.88867,39.6295],[8.89004,39.62657],[8.88951,39.62389],[8.88994,39.62272],[8.8942,39.61894],[8.89406,39.61775],[8.89525,39.61681],[8.89613,39.61467],[8.89848,39.61256],[8.90263,39.61127],[8.90691,39.61121],[8.91704,39.60977],[8.91943,39.61022],[8.92792,39.60515],[8.93392,39.60069],[8.93849,39.59933],[8.94121,39.59815],[8.9457,39.59846],[8.94815,39.59728],[8.95029,39.59715],[8.95205,39.59552],[8.95534,39.59339],[8.9557,39.59374],[8.96097,39.59182],[8.96157,39.59221],[8.96668,39.59083],[8.97029,39.5922],[8.97206,39.59379],[8.97181,39.5941],[8.97468,39.59591],[8.9788,39.59729],[8.97923,39.59664],[8.98114,39.59743],[8.98764,39.59302],[8.9912,39.59238],[8.99911,39.58776],[9.00284,39.58395],[9.00386,39.58395],[9.00918,39.58547],[9.01122,39.58653],[9.01267,39.58396],[9.01195,39.58318],[9.01122,39.58271],[9.00813,39.58168],[9.00597,39.58149],[9.00529,39.58118],[9.00668,39.57749],[9.00575,39.57645],[9.00539,39.57405],[9.00417,39.5727],[9.00422,39.57067],[9.00213,39.56587],[9.00185,39.56425],[9.00257,39.56101],[9.00148,39.55987],[9.00165,39.55841],[8.99998,39.55602],[8.99972,39.5539],[9.00043,39.55316],[8.9954,39.54901],[8.99385,39.54399],[8.98744,39.54007],[8.98679,39.53748],[8.98399,39.536],[8.98273,39.53412],[8.98282,39.53186],[8.98681,39.53045],[8.99904,39.52783],[9.00434,39.52783],[9.00722,39.5281],[9.00846,39.52671],[9.00855,39.52448],[9.01006,39.52109],[9.0126,39.51814],[9.01078,39.51601],[9.01084,39.51385],[9.00962,39.51174],[9.0096,39.50791],[9.01011,39.50508],[9.014,39.499],[9.01373,39.49534],[9.01452,39.49206],[9.01531,39.49163],[9.01424,39.48937],[9.01472,39.4869],[9.01436,39.48528],[9.01103,39.48041],[9.00733,39.47821],[9.00973,39.4757],[9.01589,39.47438],[9.02397,39.47161],[9.03285,39.46387],[9.04577,39.45622],[9.05083,39.45124],[9.05842,39.44801],[9.06339,39.44744],[9.06474,39.44254],[9.0651,39.43785],[9.06298,39.43683],[9.06422,39.43645],[9.06366,39.43482],[9.06437,39.43233],[9.06423,39.4299],[9.06339,39.4288],[9.06385,39.42645],[9.06305,39.42549],[9.06436,39.42243],[9.06452,39.4198],[9.06367,39.41927],[9.06418,39.41728],[9.06374,39.41536],[9.05871,39.40884],[9.05695,39.40512],[9.05719,39.40202],[9.05616,39.40177],[9.05625,39.39857],[9.05753,39.39866],[9.05858,39.39719],[9.06188,39.3911],[9.06342,39.38984],[9.0631,39.38743],[9.06388,39.38662],[9.06381,39.38576],[9.06604,39.38255],[9.06735,39.38184],[9.06717,39.38022],[9.07055,39.37509],[9.07537,39.37255],[9.07707,39.37274],[9.07914,39.37214],[9.07954,39.3714],[9.08082,39.36594],[9.08353,39.36326],[9.08436,39.35895],[9.08368,39.35785],[9.08553,39.35629],[9.08244,39.35524],[9.07904,39.35299],[9.08217,39.35333],[9.08416,39.35237],[9.08542,39.35206],[9.08696,39.35188],[9.08962,39.35238],[9.09573,39.35133],[9.09892,39.34962],[9.1004,39.34787],[9.10307,39.34896],[9.10292,39.34844],[9.10467,39.34649],[9.10596,39.34449],[9.10967,39.34167],[9.11101,39.34098],[9.11223,39.33946],[9.11276,39.33963],[9.11392,39.33868],[9.11446,39.33901],[9.11521,39.33899],[9.11586,39.3395],[9.11641,39.33777],[9.11637,39.33696],[9.11955,39.33692],[9.12237,39.33574],[9.1243,39.33554],[9.13395,39.3329],[9.13123,39.33137],[9.13084,39.3302],[9.12936,39.32761],[9.12969,39.32536],[9.1314,39.32379],[9.13083,39.32089],[9.13061,39.31801],[9.13138,39.31623],[9.13124,39.31552],[9.13059,39.31446],[9.12936,39.31328],[9.12898,39.31206],[9.12787,39.31008],[9.12772,39.30919],[9.12621,39.30726],[9.12276,39.30488],[9.12175,39.30518],[9.12097,39.30467],[9.12052,39.30482],[9.11948,39.30332],[9.11786,39.30181],[9.11588,39.30253],[9.11591,39.30152],[9.11511,39.29848],[9.1157,39.29607],[9.11571,39.29264],[9.11498,39.29314],[9.11458,39.29305],[9.11393,39.29098],[9.11293,39.29013],[9.11102,39.28912],[9.1056,39.28725],[9.10231,39.28515],[9.10216,39.28466],[9.09928,39.28317],[9.09942,39.28239],[9.09906,39.28207],[9.09582,39.28155],[9.09507,39.28276],[9.09376,39.28265],[9.09281,39.28215],[9.09179,39.28204],[9.08962,39.28086],[9.08687,39.27827],[9.08577,39.27763],[9.08544,39.27665],[9.08337,39.27615],[9.08416,39.27282],[9.08233,39.27229],[9.08191,39.27157],[9.08203,39.27094],[9.08158,39.27106],[9.0812,39.27081],[9.08034,39.27108]]]}},{"type":"Feature","properties":{"nome":"Sassarese","limiti_indicativi":true,"fonte":"GeoNue/Nordai — Esercitazione 3, regioni_storiciche"},"geometry":{"type":"Polygon","coordinates":[[[8.66668,40.83896],[8.66942,40.83701],[8.67043,40.83661],[8.67138,40.83434],[8.6749,40.83255],[8.67551,40.83251],[8.67549,40.83169],[8.67792,40.83116],[8.67844,40.83136],[8.67959,40.83087],[8.68303,40.83141],[8.68612,40.82973],[8.68775,40.83026],[8.69022,40.8299],[8.69116,40.83006],[8.69151,40.82957],[8.69111,40.82698],[8.69148,40.82663],[8.69119,40.82628],[8.69184,40.82618],[8.69285,40.82646],[8.69433,40.82581],[8.6957,40.82601],[8.69777,40.82523],[8.69825,40.8239],[8.69765,40.82328],[8.69676,40.82152],[8.6977,40.8212],[8.70125,40.82111],[8.7032,40.82072],[8.70554,40.81945],[8.71075,40.81989],[8.71109,40.81915],[8.71183,40.81866],[8.71285,40.81689],[8.71252,40.81604],[8.71342,40.81437],[8.71303,40.81271],[8.71329,40.80988],[8.71489,40.80927],[8.7153,40.8086],[8.71525,40.80819],[8.71391,40.80747],[8.71399,40.80686],[8.71493,40.80631],[8.71465,40.8058],[8.71308,40.80513],[8.71342,40.80406],[8.71295,40.80338],[8.71309,40.803],[8.7138,40.80297],[8.71483,40.8009],[8.71391,40.80061],[8.7133,40.80084],[8.71115,40.79997],[8.71165,40.79803],[8.71286,40.79757],[8.71258,40.79712],[8.71287,40.79669],[8.71421,40.7963],[8.71471,40.79266],[8.71526,40.79114],[8.71613,40.78343],[8.71764,40.78003],[8.7178,40.77883],[8.71888,40.7754],[8.72025,40.77548],[8.72102,40.77526],[8.72025,40.77385],[8.72044,40.77366],[8.71902,40.77329],[8.72042,40.77136],[8.72151,40.76884],[8.7224,40.76861],[8.72398,40.76664],[8.72319,40.76578],[8.72393,40.76515],[8.72353,40.76213],[8.72236,40.76135],[8.72152,40.75825],[8.72173,40.75759],[8.72468,40.75664],[8.72644,40.75676],[8.73102,40.75405],[8.73273,40.75114],[8.73389,40.75097],[8.73598,40.74997],[8.73731,40.75022],[8.73937,40.75002],[8.74551,40.75072],[8.74859,40.75001],[8.74974,40.75062],[8.75035,40.75139],[8.75116,40.75166],[8.75123,40.74008],[8.75332,40.73733],[8.75307,40.73619],[8.75355,40.73198],[8.75573,40.73143],[8.75596,40.73072],[8.75781,40.72915],[8.75944,40.72855],[8.76034,40.72912],[8.76059,40.7299],[8.76265,40.73051],[8.76408,40.73162],[8.76549,40.73192],[8.76725,40.73193],[8.76818,40.73098],[8.76752,40.72738],[8.76949,40.72497],[8.7764,40.72666],[8.77712,40.72655],[8.77776,40.72492],[8.78003,40.72221],[8.7817,40.71959],[8.78256,40.71459],[8.7837,40.71283],[8.78419,40.71156],[8.78389,40.70997],[8.7841,40.70872],[8.78663,40.70888],[8.79378,40.70702],[8.79646,40.70674],[8.79939,40.70602],[8.80087,40.70491],[8.80218,40.70456],[8.80339,40.70483],[8.80515,40.70423],[8.80797,40.70394],[8.81152,40.70475],[8.81414,40.70422],[8.81382,40.70326],[8.81413,40.70317],[8.81748,40.70352],[8.81824,40.70045],[8.81805,40.69999],[8.81834,40.69902],[8.81937,40.69809],[8.82109,40.69589],[8.81973,40.69462],[8.81827,40.69164],[8.81725,40.69102],[8.81683,40.69012],[8.81466,40.68902],[8.81593,40.68837],[8.81608,40.68707],[8.81556,40.68593],[8.81434,40.68535],[8.81429,40.68495],[8.81613,40.68385],[8.82101,40.68301],[8.82114,40.68251],[8.823,40.68046],[8.82291,40.67961],[8.82348,40.67755],[8.82404,40.67729],[8.82418,40.67682],[8.8259,40.67472],[8.82457,40.67353],[8.82331,40.67157],[8.8233,40.67009],[8.82518,40.66919],[8.82647,40.66912],[8.82964,40.66797],[8.83342,40.66708],[8.83287,40.66602],[8.83145,40.66546],[8.83142,40.66489],[8.83077,40.66476],[8.83096,40.66355],[8.83079,40.66243],[8.82696,40.66131],[8.82582,40.66137],[8.82397,40.66026],[8.82359,40.65948],[8.82179,40.65805],[8.8184,40.6579],[8.81711,40.65719],[8.81452,40.65771],[8.81367,40.6568],[8.80872,40.65631],[8.80856,40.6568],[8.80729,40.65707],[8.80718,40.65749],[8.80601,40.65815],[8.80374,40.65881],[8.80336,40.65869],[8.80325,40.65718],[8.80226,40.65687],[8.80091,40.65604],[8.79965,40.65586],[8.79862,40.65462],[8.79728,40.65471],[8.79624,40.65139],[8.79597,40.65116],[8.79338,40.65084],[8.79305,40.64987],[8.79079,40.64939],[8.79047,40.64909],[8.79069,40.6487],[8.79001,40.64795],[8.79056,40.64693],[8.79153,40.64636],[8.79092,40.64562],[8.78928,40.64534],[8.7895,40.64418],[8.78907,40.64356],[8.78943,40.64259],[8.78929,40.64214],[8.78874,40.64187],[8.78571,40.64198],[8.78338,40.64086],[8.78288,40.64033],[8.78079,40.64029],[8.78024,40.63869],[8.77994,40.63644],[8.77852,40.63609],[8.77367,40.63369],[8.77261,40.63236],[8.7726,40.63134],[8.77195,40.62971],[8.76957,40.63003],[8.7671,40.62931],[8.76598,40.62881],[8.76409,40.62717],[8.76339,40.62698],[8.76029,40.62715],[8.75987,40.62742],[8.75706,40.62554],[8.75564,40.62388],[8.74996,40.62194],[8.74947,40.62153],[8.74944,40.62075],[8.74906,40.62002],[8.74901,40.61832],[8.7474,40.61736],[8.74645,40.61645],[8.74524,40.6167],[8.74509,40.61602],[8.74315,40.6163],[8.74197,40.6162],[8.74109,40.6154],[8.73966,40.61498],[8.73743,40.61375],[8.73645,40.6139],[8.73437,40.60983],[8.73049,40.609],[8.72903,40.60794],[8.72778,40.60755],[8.72698,40.60669],[8.72641,40.60655],[8.72361,40.60928],[8.71405,40.61352],[8.70835,40.61517],[8.70303,40.6157],[8.68527,40.61308],[8.67746,40.6091],[8.67659,40.60656],[8.67631,40.60634],[8.67449,40.60575],[8.67059,40.60343],[8.66873,40.60319],[8.66679,40.60255],[8.66573,40.60188],[8.66533,40.60087],[8.66383,40.59867],[8.66178,40.59813],[8.65962,40.59673],[8.65614,40.5957],[8.65546,40.59509],[8.65363,40.59508],[8.65282,40.59545],[8.65024,40.59576],[8.64849,40.59485],[8.64758,40.59473],[8.64653,40.5959],[8.64485,40.59629],[8.64326,40.59484],[8.64237,40.59446],[8.64224,40.59331],[8.64305,40.59254],[8.6445,40.59251],[8.64517,40.59212],[8.64394,40.59114],[8.64395,40.59066],[8.64265,40.58998],[8.64273,40.58902],[8.64129,40.58802],[8.6377,40.5874],[8.63588,40.5868],[8.63419,40.58601],[8.63278,40.58474],[8.63068,40.58485],[8.6294,40.5839],[8.62834,40.58355],[8.627,40.58352],[8.62703,40.58245],[8.62912,40.58088],[8.6297,40.57973],[8.63241,40.57852],[8.63482,40.57674],[8.63721,40.57447],[8.64091,40.57437],[8.64163,40.57386],[8.64084,40.57262],[8.64071,40.57144],[8.64038,40.57079],[8.63867,40.56908],[8.63636,40.56869],[8.63413,40.56891],[8.63054,40.56858],[8.62865,40.56785],[8.6254,40.5676],[8.62475,40.56716],[8.62475,40.56621],[8.62557,40.56389],[8.62539,40.56023],[8.62414,40.56037],[8.62245,40.56134],[8.6222,40.56095],[8.62212,40.55944],[8.62266,40.55568],[8.6221,40.55523],[8.62211,40.5546],[8.62116,40.55374],[8.61901,40.5546],[8.61838,40.55461],[8.61807,40.55432],[8.61832,40.55376],[8.61917,40.55322],[8.62047,40.55148],[8.6209,40.55],[8.6208,40.54851],[8.62114,40.54749],[8.61988,40.54642],[8.61948,40.54561],[8.61743,40.5449],[8.61603,40.54486],[8.61483,40.5441],[8.61416,40.54411],[8.61367,40.54331],[8.61255,40.54266],[8.61085,40.54277],[8.60895,40.54535],[8.60849,40.54581],[8.60818,40.54578],[8.60726,40.54363],[8.60742,40.54132],[8.60627,40.53928],[8.60702,40.53765],[8.60638,40.53699],[8.60499,40.53671],[8.60306,40.53795],[8.60208,40.53892],[8.6004,40.53819],[8.59849,40.54033],[8.59504,40.54295],[8.59442,40.54288],[8.59351,40.54223],[8.59289,40.54154],[8.5926,40.54062],[8.59178,40.53973],[8.59261,40.53551],[8.59226,40.53295],[8.59264,40.53117],[8.59237,40.53082],[8.59061,40.5301],[8.58941,40.52992],[8.5888,40.53064],[8.58768,40.53119],[8.58557,40.53322],[8.58476,40.53355],[8.58344,40.53351],[8.58112,40.53243],[8.5787,40.53245],[8.57683,40.53202],[8.5762,40.53127],[8.57681,40.52827],[8.57712,40.52787],[8.57631,40.52757],[8.57404,40.52758],[8.57125,40.5288],[8.57005,40.52979],[8.5699,40.53095],[8.56928,40.53185],[8.56937,40.5329],[8.56852,40.5339],[8.56872,40.53414],[8.56848,40.53486],[8.5679,40.53544],[8.56838,40.53708],[8.568,40.53764],[8.56381,40.53856],[8.56215,40.53971],[8.56037,40.53921],[8.55951,40.53947],[8.55848,40.53852],[8.55767,40.53822],[8.55702,40.5383],[8.55551,40.53917],[8.55437,40.5389],[8.55364,40.5393],[8.55188,40.53866],[8.55113,40.53753],[8.55074,40.53746],[8.55052,40.53808],[8.55057,40.54115],[8.55031,40.54194],[8.54733,40.54308],[8.54702,40.54397],[8.54495,40.54558],[8.5441,40.54552],[8.54324,40.54596],[8.54267,40.54717],[8.54299,40.54792],[8.54235,40.54881],[8.53986,40.55005],[8.53539,40.55113],[8.53408,40.55274],[8.53284,40.55337],[8.52968,40.55368],[8.5284,40.55351],[8.52597,40.5547],[8.52511,40.55438],[8.52105,40.55453],[8.52017,40.55407],[8.51929,40.55312],[8.51758,40.55204],[8.51704,40.5513],[8.51722,40.55021],[8.51776,40.54934],[8.51756,40.54839],[8.51627,40.54738],[8.51452,40.54674],[8.51194,40.54453],[8.50712,40.5431],[8.50359,40.54255],[8.50159,40.54291],[8.5002,40.54271],[8.49509,40.53971],[8.49444,40.53908],[8.49247,40.53848],[8.49072,40.53746],[8.48988,40.53666],[8.4872,40.53544],[8.48594,40.53458],[8.48111,40.53386],[8.48024,40.5331],[8.47974,40.53316],[8.4781,40.5316],[8.47633,40.53155],[8.4753,40.5311],[8.47367,40.52976],[8.47304,40.52893],[8.47121,40.52758],[8.46931,40.52791],[8.46882,40.52843],[8.46783,40.52848],[8.46661,40.52957],[8.4639,40.53043],[8.46278,40.53016],[8.46195,40.5296],[8.45869,40.5288],[8.45434,40.52703],[8.44999,40.52563],[8.4487,40.52433],[8.44684,40.52341],[8.44436,40.52384],[8.44245,40.52327],[8.44188,40.52484],[8.43787,40.52697],[8.43657,40.52704],[8.43592,40.52737],[8.43546,40.52718],[8.43428,40.52756],[8.43408,40.52808],[8.43442,40.52893],[8.43415,40.53023],[8.43344,40.53099],[8.43264,40.53124],[8.43278,40.53191],[8.43183,40.53244],[8.43057,40.53385],[8.42988,40.53424],[8.42908,40.53431],[8.42823,40.53403],[8.42693,40.53327],[8.42587,40.53226],[8.42232,40.53135],[8.42015,40.53019],[8.41814,40.53152],[8.41803,40.53518],[8.4198,40.5376],[8.42046,40.53954],[8.41999,40.54132],[8.41997,40.54436],[8.4206,40.54566],[8.42003,40.54807],[8.42047,40.55232],[8.41967,40.5533],[8.42005,40.5559],[8.41991,40.55931],[8.41941,40.5598],[8.41758,40.56064],[8.4176,40.5618],[8.41815,40.56238],[8.41783,40.56344],[8.41639,40.56552],[8.41483,40.56645],[8.41399,40.56819],[8.41244,40.57016],[8.4122,40.57156],[8.41236,40.57361],[8.41199,40.57432],[8.41126,40.57475],[8.40998,40.57638],[8.40871,40.57975],[8.40753,40.58474],[8.40716,40.58544],[8.40465,40.58759],[8.40373,40.5888],[8.40255,40.59114],[8.40157,40.59154],[8.39822,40.59479],[8.39691,40.59773],[8.39562,40.5987],[8.39387,40.60119],[8.39347,40.60161],[8.39149,40.60217],[8.39144,40.60245],[8.39316,40.60429],[8.39405,40.60601],[8.39538,40.60703],[8.39695,40.60996],[8.39559,40.61017],[8.39587,40.61153],[8.39759,40.61214],[8.39983,40.61523],[8.40191,40.61623],[8.40369,40.61486],[8.40571,40.61584],[8.40675,40.61688],[8.40841,40.61775],[8.40946,40.61764],[8.41068,40.61811],[8.41309,40.61799],[8.41362,40.61958],[8.41383,40.62162],[8.41571,40.62203],[8.41583,40.62224],[8.41601,40.62339],[8.41415,40.62369],[8.41445,40.62434],[8.42097,40.62886],[8.42167,40.63023],[8.42119,40.63124],[8.41947,40.63261],[8.4186,40.63296],[8.41739,40.63276],[8.41772,40.63496],[8.41877,40.63858],[8.41889,40.64108],[8.42058,40.64169],[8.4209,40.64274],[8.42239,40.64502],[8.42333,40.64717],[8.42474,40.64826],[8.42467,40.649],[8.42534,40.6497],[8.42556,40.65032],[8.42511,40.65097],[8.42592,40.65234],[8.42617,40.65256],[8.42704,40.65201],[8.42918,40.65144],[8.43076,40.65241],[8.43191,40.65418],[8.43367,40.65526],[8.43382,40.65547],[8.43338,40.65632],[8.43347,40.65679],[8.43485,40.65824],[8.4356,40.65861],[8.43702,40.66002],[8.43802,40.66019],[8.43844,40.66076],[8.43907,40.6611],[8.44061,40.66134],[8.44014,40.66243],[8.44204,40.66241],[8.44345,40.6631],[8.44528,40.6661],[8.44776,40.66805],[8.44897,40.66992],[8.44916,40.67083],[8.44959,40.6712],[8.4493,40.67191],[8.45006,40.67239],[8.45015,40.67293],[8.45092,40.6732],[8.45104,40.67376],[8.45242,40.67392],[8.4532,40.67438],[8.45644,40.67755],[8.45829,40.68017],[8.45869,40.68262],[8.4617,40.68195],[8.46191,40.6817],[8.46248,40.68181],[8.46215,40.68303],[8.46239,40.68376],[8.46306,40.68422],[8.46343,40.68503],[8.4628,40.6859],[8.46243,40.687],[8.46482,40.6888],[8.46582,40.68914],[8.4214,40.74144],[8.39667,40.76878],[8.37621,40.7952],[8.36015,40.81345],[8.36234,40.81321],[8.36532,40.81196],[8.3668,40.81171],[8.36741,40.81125],[8.37059,40.8109],[8.37401,40.80944],[8.37941,40.80957],[8.38857,40.80503],[8.38878,40.80532],[8.38737,40.80654],[8.38791,40.80708],[8.38797,40.80754],[8.38841,40.80777],[8.38831,40.80938],[8.38654,40.80967],[8.38595,40.81086],[8.38758,40.81059],[8.39049,40.80948],[8.39187,40.81019],[8.39269,40.81029],[8.39454,40.80878],[8.39651,40.80887],[8.39839,40.80815],[8.4012,40.80856],[8.40431,40.80702],[8.40551,40.80671],[8.40738,40.80532],[8.40736,40.80406],[8.40865,40.80308],[8.4089,40.80213],[8.4109,40.80171],[8.41483,40.79953],[8.41671,40.79952],[8.41674,40.79854],[8.41727,40.79778],[8.4199,40.79801],[8.42019,40.79793],[8.42054,40.79701],[8.42252,40.79672],[8.4248,40.79712],[8.42704,40.79789],[8.4276,40.79775],[8.42942,40.79617],[8.43095,40.79648],[8.43662,40.79903],[8.44091,40.79975],[8.44187,40.79968],[8.44773,40.80047],[8.45002,40.80118],[8.45213,40.80361],[8.4547,40.80922],[8.45406,40.81181],[8.45258,40.81405],[8.46446,40.81611],[8.46795,40.81466],[8.47609,40.81296],[8.4823,40.81258],[8.49676,40.81224],[8.49978,40.80988],[8.50433,40.80721],[8.50695,40.8061],[8.50845,40.80458],[8.50893,40.80355],[8.51024,40.80225],[8.51009,40.79964],[8.5107,40.79828],[8.51604,40.79264],[8.5186,40.79046],[8.51807,40.78988],[8.51708,40.79008],[8.5142,40.78934],[8.51525,40.78794],[8.51684,40.78764],[8.5174,40.78728],[8.51716,40.78676],[8.51864,40.78675],[8.5193,40.78491],[8.5205,40.78399],[8.52412,40.78029],[8.52528,40.77945],[8.5261,40.77763],[8.52671,40.7781],[8.52791,40.77838],[8.52983,40.78021],[8.53064,40.78126],[8.53092,40.78289],[8.53136,40.78338],[8.53213,40.78322],[8.53292,40.78405],[8.53554,40.78421],[8.5357,40.78382],[8.53538,40.78285],[8.53679,40.7822],[8.537,40.78157],[8.53804,40.7811],[8.5419,40.77799],[8.54042,40.77694],[8.54001,40.77604],[8.5401,40.77518],[8.54052,40.77458],[8.54154,40.774],[8.54293,40.77393],[8.54537,40.77501],[8.54637,40.77505],[8.54923,40.77414],[8.55335,40.77368],[8.55656,40.77287],[8.55684,40.77317],[8.55688,40.775],[8.55637,40.7765],[8.55752,40.77643],[8.56382,40.77556],[8.56576,40.77502],[8.56791,40.77298],[8.57081,40.77168],[8.57249,40.77271],[8.57682,40.77233],[8.5788,40.77138],[8.58024,40.77107],[8.58024,40.77158],[8.57943,40.77186],[8.57868,40.77262],[8.57905,40.77351],[8.58207,40.77284],[8.5823,40.77377],[8.5804,40.7741],[8.57919,40.77463],[8.57871,40.77513],[8.57783,40.77518],[8.57721,40.77491],[8.57665,40.77512],[8.57666,40.77625],[8.57715,40.77777],[8.57628,40.77812],[8.57781,40.77832],[8.57802,40.78007],[8.57709,40.78007],[8.5765,40.78068],[8.57792,40.78172],[8.57844,40.78116],[8.5799,40.78057],[8.57988,40.78094],[8.58185,40.78113],[8.58279,40.78195],[8.58281,40.7824],[8.58208,40.78273],[8.58209,40.78294],[8.58238,40.7834],[8.58314,40.78358],[8.58457,40.78537],[8.58482,40.78653],[8.58627,40.78597],[8.58693,40.78687],[8.5864,40.78771],[8.58649,40.78791],[8.58584,40.78834],[8.58793,40.79014],[8.58827,40.79093],[8.5889,40.79158],[8.58785,40.79205],[8.58861,40.79299],[8.58837,40.79404],[8.58942,40.79483],[8.58949,40.79561],[8.59067,40.79747],[8.59015,40.79824],[8.59192,40.79966],[8.59264,40.79934],[8.59436,40.8003],[8.59391,40.80104],[8.59509,40.80201],[8.59532,40.80304],[8.59618,40.80286],[8.59614,40.80229],[8.5965,40.80194],[8.59689,40.80273],[8.59757,40.80258],[8.59772,40.8035],[8.59966,40.80349],[8.5998,40.80422],[8.60047,40.80458],[8.60016,40.80687],[8.60434,40.80873],[8.60503,40.80985],[8.60645,40.81073],[8.60612,40.81129],[8.60685,40.81209],[8.60691,40.81291],[8.60739,40.81308],[8.60782,40.81293],[8.60946,40.81382],[8.61004,40.81686],[8.60992,40.81796],[8.61116,40.8184],[8.61249,40.81943],[8.61658,40.81948],[8.61804,40.81978],[8.61931,40.82093],[8.62099,40.82047],[8.62141,40.82099],[8.62309,40.82181],[8.62426,40.82219],[8.62599,40.82234],[8.62646,40.82292],[8.62808,40.82396],[8.62974,40.82427],[8.63085,40.82374],[8.63741,40.82675],[8.63791,40.82754],[8.63856,40.83003],[8.63938,40.8308],[8.64084,40.83135],[8.64121,40.83207],[8.64106,40.83262],[8.64188,40.83415],[8.64304,40.83557],[8.64419,40.83647],[8.64421,40.83716],[8.64462,40.83781],[8.64548,40.84095],[8.64808,40.84266],[8.6482,40.84377],[8.649,40.84419],[8.65121,40.84432],[8.65225,40.84464],[8.65326,40.84506],[8.65431,40.84594],[8.65631,40.84622],[8.65777,40.84744],[8.65947,40.84772],[8.65944,40.84799],[8.66009,40.84821],[8.66036,40.84902],[8.66143,40.84906],[8.66231,40.84849],[8.66218,40.84798],[8.66297,40.84694],[8.66337,40.84245],[8.66517,40.84107],[8.66532,40.84009],[8.66509,40.83907],[8.66668,40.83896]]]}},{"type":"Feature","properties":{"nome":"Romangia","limiti_indicativi":true,"fonte":"GeoNue/Nordai — Esercitazione 3, regioni_storiciche"},"geometry":{"type":"Polygon","coordinates":[[[8.42185,40.83565],[8.42191,40.83513],[8.42238,40.83516],[8.42257,40.8349],[8.42305,40.83502],[8.42313,40.83469],[8.42344,40.83501],[8.42387,40.83478],[8.42435,40.83525],[8.42444,40.83495],[8.42493,40.83509],[8.4251,40.83449],[8.42528,40.83511],[8.42575,40.83507],[8.42619,40.83436],[8.42625,40.83332],[8.42714,40.83331],[8.42734,40.833],[8.42688,40.83247],[8.42704,40.832],[8.42905,40.83259],[8.42983,40.83185],[8.43049,40.83173],[8.4312,40.83088],[8.43122,40.83049],[8.43069,40.83011],[8.43096,40.82978],[8.43305,40.82969],[8.43301,40.8294],[8.43347,40.82882],[8.43453,40.82911],[8.43494,40.82897],[8.43572,40.82856],[8.43596,40.82806],[8.43686,40.82793],[8.43827,40.82668],[8.44553,40.82371],[8.44608,40.82289],[8.44712,40.82266],[8.44898,40.82146],[8.4524,40.82082],[8.45367,40.82092],[8.45407,40.8212],[8.45489,40.82033],[8.46018,40.81932],[8.46359,40.81906],[8.46699,40.8194],[8.47218,40.81904],[8.48507,40.81962],[8.51885,40.82308],[8.52752,40.8242],[8.54384,40.82705],[8.56255,40.83189],[8.57805,40.83698],[8.59534,40.84462],[8.6065,40.85035],[8.60838,40.85169],[8.61155,40.8548],[8.61447,40.85609],[8.61885,40.85955],[8.62123,40.86077],[8.6245,40.86374],[8.62601,40.86602],[8.6259,40.86788],[8.62622,40.86879],[8.62858,40.87173],[8.62874,40.87369],[8.62939,40.87493],[8.62916,40.87636],[8.62976,40.87763],[8.63049,40.87822],[8.63234,40.87772],[8.63382,40.87825],[8.63423,40.87778],[8.63475,40.87801],[8.63549,40.87766],[8.63586,40.87692],[8.63619,40.87676],[8.63833,40.87661],[8.64018,40.87718],[8.64218,40.87672],[8.64525,40.87451],[8.64628,40.8743],[8.65212,40.8719],[8.65735,40.86936],[8.65941,40.86878],[8.66573,40.86564],[8.65987,40.85867],[8.65839,40.85555],[8.65797,40.85369],[8.65812,40.85263],[8.66042,40.85002],[8.66053,40.8496],[8.66009,40.84821],[8.65944,40.84799],[8.65947,40.84772],[8.65777,40.84744],[8.65631,40.84622],[8.65431,40.84594],[8.65326,40.84506],[8.65225,40.84464],[8.65121,40.84432],[8.649,40.84419],[8.6482,40.84377],[8.64808,40.84266],[8.64548,40.84095],[8.64462,40.83781],[8.64421,40.83716],[8.64419,40.83647],[8.64304,40.83557],[8.64188,40.83415],[8.64106,40.83262],[8.64121,40.83207],[8.64084,40.83135],[8.63938,40.8308],[8.63856,40.83003],[8.63791,40.82754],[8.63741,40.82675],[8.63085,40.82374],[8.62974,40.82427],[8.62808,40.82396],[8.62646,40.82292],[8.62599,40.82234],[8.62426,40.82219],[8.62309,40.82181],[8.62141,40.82099],[8.62099,40.82047],[8.61931,40.82093],[8.61804,40.81978],[8.61658,40.81948],[8.61249,40.81943],[8.61116,40.8184],[8.61006,40.81804],[8.60984,40.81784],[8.61004,40.81686],[8.60946,40.81382],[8.60782,40.81293],[8.60739,40.81308],[8.60691,40.81291],[8.60685,40.81209],[8.60612,40.81129],[8.60645,40.81073],[8.60503,40.80985],[8.60434,40.80873],[8.60016,40.80687],[8.60047,40.80458],[8.5998,40.80422],[8.59966,40.80349],[8.59772,40.8035],[8.59757,40.80258],[8.59689,40.80273],[8.5965,40.80194],[8.59614,40.80229],[8.59618,40.80286],[8.59532,40.80304],[8.59509,40.80201],[8.59391,40.80104],[8.59436,40.8003],[8.59264,40.79934],[8.59192,40.79966],[8.59015,40.79824],[8.59067,40.79747],[8.58949,40.79561],[8.58942,40.79483],[8.58837,40.79404],[8.58861,40.79299],[8.58785,40.79205],[8.5889,40.79158],[8.58827,40.79093],[8.58793,40.79014],[8.58584,40.78834],[8.58649,40.78791],[8.5864,40.78771],[8.58693,40.78687],[8.58649,40.78622],[8.58627,40.78597],[8.58482,40.78653],[8.58457,40.78537],[8.58314,40.78358],[8.58238,40.7834],[8.58209,40.78294],[8.58208,40.78273],[8.58288,40.78226],[8.58185,40.78113],[8.58087,40.78097],[8.58045,40.78114],[8.57988,40.78094],[8.5799,40.78057],[8.57844,40.78116],[8.57792,40.78172],[8.5765,40.78068],[8.57709,40.78007],[8.57802,40.78007],[8.57781,40.77832],[8.57628,40.77812],[8.57715,40.77777],[8.57666,40.77625],[8.57665,40.77512],[8.57721,40.77491],[8.57783,40.77518],[8.57871,40.77513],[8.57919,40.77463],[8.5804,40.7741],[8.5823,40.77377],[8.58207,40.77284],[8.57905,40.77351],[8.57868,40.77262],[8.57943,40.77186],[8.58024,40.77158],[8.58024,40.77107],[8.5788,40.77138],[8.57682,40.77233],[8.57249,40.77271],[8.57081,40.77168],[8.56791,40.77298],[8.56576,40.77502],[8.56382,40.77556],[8.55752,40.77643],[8.55637,40.7765],[8.55688,40.775],[8.55684,40.77317],[8.55656,40.77287],[8.55335,40.77368],[8.54923,40.77414],[8.54637,40.77505],[8.54537,40.77501],[8.54293,40.77393],[8.54154,40.774],[8.54052,40.77458],[8.5401,40.77518],[8.54001,40.77604],[8.54042,40.77694],[8.5419,40.77799],[8.53804,40.7811],[8.537,40.78157],[8.53679,40.7822],[8.53538,40.78285],[8.5357,40.78382],[8.53554,40.78421],[8.53292,40.78405],[8.53213,40.78322],[8.53136,40.78338],[8.53092,40.78289],[8.53064,40.78126],[8.52983,40.78021],[8.52791,40.77838],[8.52671,40.7781],[8.5261,40.77763],[8.52528,40.77945],[8.52412,40.78029],[8.5205,40.78399],[8.5193,40.78491],[8.51864,40.78675],[8.51716,40.78676],[8.5174,40.78728],[8.51684,40.78764],[8.51525,40.78794],[8.5142,40.78934],[8.51708,40.79008],[8.51807,40.78988],[8.5186,40.79046],[8.51604,40.79264],[8.5107,40.79828],[8.51009,40.79964],[8.51024,40.80225],[8.50893,40.80355],[8.50845,40.80458],[8.50695,40.8061],[8.50433,40.80721],[8.49978,40.80988],[8.49676,40.81224],[8.4823,40.81258],[8.47609,40.81296],[8.46795,40.81466],[8.46446,40.81611],[8.45258,40.81405],[8.45406,40.81181],[8.4547,40.80922],[8.45213,40.80361],[8.45002,40.80118],[8.44773,40.80047],[8.44187,40.79968],[8.44091,40.79975],[8.43662,40.79903],[8.43095,40.79648],[8.42942,40.79617],[8.4276,40.79775],[8.42704,40.79789],[8.4248,40.79712],[8.42252,40.79672],[8.42054,40.79701],[8.42019,40.79793],[8.4199,40.79801],[8.41727,40.79778],[8.41674,40.79854],[8.41671,40.79952],[8.41483,40.79953],[8.4109,40.80171],[8.4089,40.80213],[8.40865,40.80308],[8.40736,40.80406],[8.40738,40.80532],[8.40551,40.80671],[8.40431,40.80702],[8.4012,40.80856],[8.39839,40.80815],[8.39651,40.80887],[8.39454,40.80878],[8.39269,40.81029],[8.39187,40.81019],[8.39049,40.80948],[8.38758,40.81059],[8.38595,40.81086],[8.38654,40.80967],[8.38831,40.80938],[8.38841,40.80777],[8.38797,40.80754],[8.38791,40.80708],[8.38737,40.80654],[8.38878,40.80532],[8.38857,40.80503],[8.37941,40.80957],[8.37401,40.80944],[8.37083,40.81082],[8.36921,40.81119],[8.36741,40.81125],[8.3668,40.81171],[8.36532,40.81196],[8.36216,40.81326],[8.3596,40.81348],[8.35861,40.81318],[8.35747,40.81396],[8.35115,40.81314],[8.35106,40.81332],[8.35186,40.81798],[8.35126,40.82767],[8.35071,40.83181],[8.35273,40.8335],[8.35474,40.83688],[8.35645,40.83867],[8.35803,40.83848],[8.35674,40.8384],[8.35728,40.83798],[8.35745,40.83724],[8.35885,40.83637],[8.35924,40.83637],[8.35913,40.83705],[8.35957,40.83759],[8.36031,40.83761],[8.3603,40.83782],[8.36143,40.83807],[8.36144,40.83872],[8.35792,40.83873],[8.35774,40.83888],[8.35791,40.83907],[8.36424,40.83865],[8.36858,40.83791],[8.36874,40.8383],[8.36918,40.83824],[8.36952,40.83812],[8.36906,40.83698],[8.37159,40.83658],[8.37171,40.83749],[8.37132,40.8377],[8.3723,40.83768],[8.37247,40.84723],[8.37266,40.84722],[8.37253,40.83749],[8.37272,40.83875],[8.37361,40.83905],[8.37301,40.83878],[8.37299,40.83801],[8.37333,40.838],[8.37299,40.83795],[8.37298,40.83733],[8.37393,40.83733],[8.37395,40.83794],[8.37362,40.838],[8.37394,40.838],[8.37396,40.83864],[8.37361,40.8387],[8.37414,40.83873],[8.37428,40.83838],[8.37599,40.83833],[8.37604,40.83884],[8.37584,40.83891],[8.37723,40.8389],[8.37729,40.84159],[8.37833,40.84157],[8.37841,40.84454],[8.37897,40.84454],[8.37889,40.84843],[8.37922,40.84843],[8.37914,40.83952],[8.37952,40.83878],[8.38116,40.83841],[8.38464,40.83839],[8.38622,40.83871],[8.39076,40.83855],[8.39061,40.83821],[8.39128,40.83795],[8.39307,40.83818],[8.39382,40.83859],[8.39399,40.83942],[8.39352,40.8431],[8.39583,40.84501],[8.39661,40.84707],[8.39941,40.84839],[8.39946,40.8481],[8.39695,40.84681],[8.39636,40.8451],[8.39372,40.843],[8.39418,40.83957],[8.39477,40.83936],[8.39528,40.84003],[8.39607,40.84012],[8.39656,40.84098],[8.39796,40.84086],[8.39824,40.84072],[8.39782,40.83945],[8.39815,40.83938],[8.39797,40.83915],[8.39961,40.83835],[8.40109,40.83968],[8.3996,40.84045],[8.39986,40.84097],[8.40136,40.84021],[8.4017,40.84026],[8.4025,40.84122],[8.40303,40.84095],[8.4021,40.83983],[8.40304,40.83934],[8.40379,40.84041],[8.40393,40.84037],[8.40308,40.83932],[8.40346,40.83914],[8.40408,40.83979],[8.40353,40.83878],[8.40439,40.83875],[8.40461,40.839],[8.40432,40.83914],[8.405,40.8399],[8.40549,40.83988],[8.4053,40.84021],[8.4029,40.8414],[8.40333,40.84157],[8.40347,40.84128],[8.40539,40.84023],[8.40559,40.84031],[8.40387,40.84115],[8.40424,40.84155],[8.40392,40.84117],[8.40433,40.84097],[8.40468,40.84133],[8.40436,40.84096],[8.40477,40.84075],[8.40511,40.84112],[8.40479,40.84074],[8.40509,40.84059],[8.40536,40.84087],[8.40511,40.84058],[8.40541,40.84043],[8.40554,40.84066],[8.40566,40.84061],[8.40544,40.84041],[8.40562,40.84033],[8.40597,40.84079],[8.40525,40.84154],[8.40394,40.84217],[8.40364,40.84182],[8.40315,40.84204],[8.40334,40.84227],[8.39889,40.84448],[8.39918,40.84482],[8.39895,40.8451],[8.40602,40.8417],[8.40663,40.84064],[8.40638,40.83899],[8.40695,40.83877],[8.40754,40.83789],[8.40849,40.83787],[8.40914,40.83825],[8.40916,40.83853],[8.40851,40.83924],[8.41157,40.83835],[8.41219,40.8385],[8.41211,40.83881],[8.41263,40.83865],[8.41306,40.83912],[8.41372,40.83899],[8.41428,40.83948],[8.41445,40.84032],[8.41474,40.84011],[8.41464,40.84078],[8.41486,40.84084],[8.41506,40.8404],[8.41508,40.84082],[8.41546,40.84058],[8.41571,40.84109],[8.41666,40.8412],[8.4169,40.84106],[8.41649,40.84042],[8.41711,40.84099],[8.41767,40.84064],[8.41778,40.84023],[8.41713,40.83939],[8.41731,40.83939],[8.41711,40.83831],[8.41756,40.83798],[8.41825,40.83829],[8.41941,40.83771],[8.41945,40.83746],[8.4189,40.83726],[8.41918,40.83695],[8.41894,40.83652],[8.41924,40.83634],[8.41909,40.83597],[8.42123,40.83614],[8.42143,40.83516],[8.4216,40.83566],[8.42185,40.83565]]]}}]}
